State,StateCode,ScientificName,Species,AnimalGroup,Latitude,Longitude,Observations
Australian Capital Territory,ACT,Macropus giganteus,Eastern Grey Kangaroo,Kangaroo,-36.0,149.0,3
Australian Capital Territory,ACT,Macropus giganteus,Eastern Grey Kangaroo,Kangaroo,-35.75,149.0,96
Australian Capital Territory,ACT,Macropus giganteus,Eastern Grey Kangaroo,Kangaroo,-35.5,149.0,335
Australian Capital Territory,ACT,Macropus giganteus,Eastern Grey Kangaroo,Kangaroo,-35.5,149.25,71
Australian Capital Territory,ACT,Macropus giganteus,Eastern Grey Kangaroo,Kangaroo,-35.25,148.75,1
Australian Capital Territory,ACT,Macropus giganteus,Eastern Grey Kangaroo,Kangaroo,-35.25,149.0,560
Australian Capital Territory,ACT,Macropus giganteus,Eastern Grey Kangaroo,Kangaroo,-35.25,149.25,561
Australian Capital Territory,ACT,Macropus giganteus,Eastern Grey Kangaroo,Kangaroo,-35.25,149.5,1
Australian Capital Territory,ACT,Macropus giganteus,Eastern Grey Kangaroo,Kangaroo,-35.25,150.5,5
Australian Capital Territory,ACT,Macropus giganteus,Eastern Grey Kangaroo,Kangaroo,-35.25,150.75,119
Australian Capital Territory,ACT,Macropus giganteus,Eastern Grey Kangaroo,Kangaroo,-35.0,150.75,2
Australian Capital Territory,ACT,Notamacropus rufogriseus,Red-necked Wallaby,Wallaby,-35.75,148.75,1
Australian Capital Territory,ACT,Notamacropus rufogriseus,Red-necked Wallaby,Wallaby,-35.75,149.0,49
Australian Capital Territory,ACT,Notamacropus rufogriseus,Red-necked Wallaby,Wallaby,-35.5,148.75,10
Australian Capital Territory,ACT,Notamacropus rufogriseus,Red-necked Wallaby,Wallaby,-35.5,149.0,94
Australian Capital Territory,ACT,Notamacropus rufogriseus,Red-necked Wallaby,Wallaby,-35.5,149.25,1
Australian Capital Territory,ACT,Notamacropus rufogriseus,Red-necked Wallaby,Wallaby,-35.25,148.75,2
Australian Capital Territory,ACT,Notamacropus rufogriseus,Red-necked Wallaby,Wallaby,-35.25,149.0,143
Australian Capital Territory,ACT,Notamacropus rufogriseus,Red-necked Wallaby,Wallaby,-35.25,149.25,188
Australian Capital Territory,ACT,Notamacropus rufogriseus,Red-necked Wallaby,Wallaby,-35.25,150.75,10
Australian Capital Territory,ACT,Osphranter robustus,Common Wallaroo,Wallaroo,-35.75,149.0,1
Australian Capital Territory,ACT,Osphranter robustus,Common Wallaroo,Wallaroo,-35.5,149.0,56
Australian Capital Territory,ACT,Osphranter robustus,Common Wallaroo,Wallaroo,-35.5,149.25,2
Australian Capital Territory,ACT,Osphranter robustus,Common Wallaroo,Wallaroo,-35.25,149.0,85
Australian Capital Territory,ACT,Osphranter robustus,Common Wallaroo,Wallaroo,-35.25,149.25,3
Australian Capital Territory,ACT,Wallabia bicolor,Swamp Wallaby,Wallaby,-36.0,149.0,1
Australian Capital Territory,ACT,Wallabia bicolor,Swamp Wallaby,Wallaby,-35.75,149.0,2
Australian Capital Territory,ACT,Wallabia bicolor,Swamp Wallaby,Wallaby,-35.5,148.75,2
Australian Capital Territory,ACT,Wallabia bicolor,Swamp Wallaby,Wallaby,-35.5,149.0,45
Australian Capital Territory,ACT,Wallabia bicolor,Swamp Wallaby,Wallaby,-35.5,149.25,4
Australian Capital Territory,ACT,Wallabia bicolor,Swamp Wallaby,Wallaby,-35.25,148.75,2
Australian Capital Territory,ACT,Wallabia bicolor,Swamp Wallaby,Wallaby,-35.25,149.0,149
Australian Capital Territory,ACT,Wallabia bicolor,Swamp Wallaby,Wallaby,-35.25,149.25,145
Australian Capital Territory,ACT,Wallabia bicolor,Swamp Wallaby,Wallaby,-35.25,150.5,1
Australian Capital Territory,ACT,Wallabia bicolor,Swamp Wallaby,Wallaby,-35.25,150.75,61
Australian Capital Territory,ACT,Wallabia bicolor,Swamp Wallaby,Wallaby,-35.0,150.75,2
New South Wales,NSW,Macropus fuliginosus,Western Grey Kangaroo,Kangaroo,-35.25,144.75,1
New South Wales,NSW,Macropus fuliginosus,Western Grey Kangaroo,Kangaroo,-35.25,145.25,1
New South Wales,NSW,Macropus fuliginosus,Western Grey Kangaroo,Kangaroo,-35.0,143.5,2
New South Wales,NSW,Macropus fuliginosus,Western Grey Kangaroo,Kangaroo,-35.0,144.25,1
New South Wales,NSW,Macropus fuliginosus,Western Grey Kangaroo,Kangaroo,-35.0,144.5,1
New South Wales,NSW,Macropus fuliginosus,Western Grey Kangaroo,Kangaroo,-35.0,144.75,2
New South Wales,NSW,Macropus fuliginosus,Western Grey Kangaroo,Kangaroo,-35.0,145.0,1
New South Wales,NSW,Macropus fuliginosus,Western Grey Kangaroo,Kangaroo,-34.75,143.5,4
New South Wales,NSW,Macropus fuliginosus,Western Grey Kangaroo,Kangaroo,-34.75,144.25,3
New South Wales,NSW,Macropus fuliginosus,Western Grey Kangaroo,Kangaroo,-34.75,145.25,1
New South Wales,NSW,Macropus fuliginosus,Western Grey Kangaroo,Kangaroo,-34.5,142.5,4
New South Wales,NSW,Macropus fuliginosus,Western Grey Kangaroo,Kangaroo,-34.5,142.75,1
New South Wales,NSW,Macropus fuliginosus,Western Grey Kangaroo,Kangaroo,-34.5,144.0,1
New South Wales,NSW,Macropus fuliginosus,Western Grey Kangaroo,Kangaroo,-34.5,144.75,2
New South Wales,NSW,Macropus fuliginosus,Western Grey Kangaroo,Kangaroo,-34.25,142.0,8
New South Wales,NSW,Macropus fuliginosus,Western Grey Kangaroo,Kangaroo,-34.25,142.25,17
New South Wales,NSW,Macropus fuliginosus,Western Grey Kangaroo,Kangaroo,-34.25,142.5,5192
New South Wales,NSW,Macropus fuliginosus,Western Grey Kangaroo,Kangaroo,-34.25,142.75,746
New South Wales,NSW,Macropus fuliginosus,Western Grey Kangaroo,Kangaroo,-34.25,143.5,1
New South Wales,NSW,Macropus fuliginosus,Western Grey Kangaroo,Kangaroo,-34.25,144.25,4
New South Wales,NSW,Macropus fuliginosus,Western Grey Kangaroo,Kangaroo,-34.25,146.0,2
New South Wales,NSW,Macropus fuliginosus,Western Grey Kangaroo,Kangaroo,-34.25,146.25,2
New South Wales,NSW,Macropus fuliginosus,Western Grey Kangaroo,Kangaroo,-34.0,141.25,9
New South Wales,NSW,Macropus fuliginosus,Western Grey Kangaroo,Kangaroo,-34.0,142.0,23
New South Wales,NSW,Macropus fuliginosus,Western Grey Kangaroo,Kangaroo,-34.0,142.25,2
New South Wales,NSW,Macropus fuliginosus,Western Grey Kangaroo,Kangaroo,-34.0,142.5,65
New South Wales,NSW,Macropus fuliginosus,Western Grey Kangaroo,Kangaroo,-34.0,143.0,1
New South Wales,NSW,Macropus fuliginosus,Western Grey Kangaroo,Kangaroo,-34.0,146.25,5
New South Wales,NSW,Macropus fuliginosus,Western Grey Kangaroo,Kangaroo,-33.75,141.25,3
New South Wales,NSW,Macropus fuliginosus,Western Grey Kangaroo,Kangaroo,-33.75,141.5,1
New South Wales,NSW,Macropus fuliginosus,Western Grey Kangaroo,Kangaroo,-33.75,142.0,6
New South Wales,NSW,Macropus fuliginosus,Western Grey Kangaroo,Kangaroo,-33.75,143.0,81
New South Wales,NSW,Macropus fuliginosus,Western Grey Kangaroo,Kangaroo,-33.75,143.25,6
New South Wales,NSW,Macropus fuliginosus,Western Grey Kangaroo,Kangaroo,-33.5,141.5,2
New South Wales,NSW,Macropus fuliginosus,Western Grey Kangaroo,Kangaroo,-33.5,141.75,4
New South Wales,NSW,Macropus fuliginosus,Western Grey Kangaroo,Kangaroo,-33.5,142.5,5
New South Wales,NSW,Macropus fuliginosus,Western Grey Kangaroo,Kangaroo,-33.25,141.25,115
New South Wales,NSW,Macropus fuliginosus,Western Grey Kangaroo,Kangaroo,-33.25,143.0,1
New South Wales,NSW,Macropus fuliginosus,Western Grey Kangaroo,Kangaroo,-33.25,143.25,1
New South Wales,NSW,Macropus fuliginosus,Western Grey Kangaroo,Kangaroo,-33.25,145.0,7
New South Wales,NSW,Macropus fuliginosus,Western Grey Kangaroo,Kangaroo,-33.0,141.25,1
New South Wales,NSW,Macropus fuliginosus,Western Grey Kangaroo,Kangaroo,-33.0,141.75,1
New South Wales,NSW,Macropus fuliginosus,Western Grey Kangaroo,Kangaroo,-33.0,146.0,1
New South Wales,NSW,Macropus fuliginosus,Western Grey Kangaroo,Kangaroo,-32.75,141.5,1
New South Wales,NSW,Macropus fuliginosus,Western Grey Kangaroo,Kangaroo,-32.75,145.25,4
New South Wales,NSW,Macropus fuliginosus,Western Grey Kangaroo,Kangaroo,-32.75,145.5,4
New South Wales,NSW,Macropus fuliginosus,Western Grey Kangaroo,Kangaroo,-32.5,141.25,2
New South Wales,NSW,Macropus fuliginosus,Western Grey Kangaroo,Kangaroo,-32.5,141.5,1
New South Wales,NSW,Macropus fuliginosus,Western Grey Kangaroo,Kangaroo,-32.5,142.25,7
New South Wales,NSW,Macropus fuliginosus,Western Grey Kangaroo,Kangaroo,-32.5,142.5,1
New South Wales,NSW,Macropus fuliginosus,Western Grey Kangaroo,Kangaroo,-32.5,144.0,2
New South Wales,NSW,Macropus fuliginosus,Western Grey Kangaroo,Kangaroo,-32.5,145.25,1
New South Wales,NSW,Macropus fuliginosus,Western Grey Kangaroo,Kangaroo,-32.5,145.5,29
New South Wales,NSW,Macropus fuliginosus,Western Grey Kangaroo,Kangaroo,-32.5,145.75,36
New South Wales,NSW,Macropus fuliginosus,Western Grey Kangaroo,Kangaroo,-32.5,146.0,1
New South Wales,NSW,Macropus fuliginosus,Western Grey Kangaroo,Kangaroo,-32.25,141.5,2
New South Wales,NSW,Macropus fuliginosus,Western Grey Kangaroo,Kangaroo,-32.25,142.25,5
New South Wales,NSW,Macropus fuliginosus,Western Grey Kangaroo,Kangaroo,-32.25,142.5,1
New South Wales,NSW,Macropus fuliginosus,Western Grey Kangaroo,Kangaroo,-32.25,142.75,1
New South Wales,NSW,Macropus fuliginosus,Western Grey Kangaroo,Kangaroo,-32.0,141.0,1
New South Wales,NSW,Macropus fuliginosus,Western Grey Kangaroo,Kangaroo,-32.0,141.25,6
New South Wales,NSW,Macropus fuliginosus,Western Grey Kangaroo,Kangaroo,-32.0,141.5,32
New South Wales,NSW,Macropus fuliginosus,Western Grey Kangaroo,Kangaroo,-32.0,141.75,1
New South Wales,NSW,Macropus fuliginosus,Western Grey Kangaroo,Kangaroo,-31.75,141.5,4
New South Wales,NSW,Macropus fuliginosus,Western Grey Kangaroo,Kangaroo,-31.75,144.25,5
New South Wales,NSW,Macropus fuliginosus,Western Grey Kangaroo,Kangaroo,-31.5,141.5,1
New South Wales,NSW,Macropus fuliginosus,Western Grey Kangaroo,Kangaroo,-31.5,143.5,2
New South Wales,NSW,Macropus fuliginosus,Western Grey Kangaroo,Kangaroo,-31.5,143.75,5
New South Wales,NSW,Macropus fuliginosus,Western Grey Kangaroo,Kangaroo,-31.5,144.0,15
New South Wales,NSW,Macropus fuliginosus,Western Grey Kangaroo,Kangaroo,-31.5,144.25,12
New South Wales,NSW,Macropus fuliginosus,Western Grey Kangaroo,Kangaroo,-31.5,145.75,2
New South Wales,NSW,Macropus fuliginosus,Western Grey Kangaroo,Kangaroo,-31.5,146.0,1
New South Wales,NSW,Macropus fuliginosus,Western Grey Kangaroo,Kangaroo,-31.25,142.25,3
New South Wales,NSW,Macropus fuliginosus,Western Grey Kangaroo,Kangaroo,-31.25,144.25,1
New South Wales,NSW,Macropus fuliginosus,Western Grey Kangaroo,Kangaroo,-31.25,146.0,1
New South Wales,NSW,Macropus fuliginosus,Western Grey Kangaroo,Kangaroo,-31.25,147.0,1
New South Wales,NSW,Macropus fuliginosus,Western Grey Kangaroo,Kangaroo,-31.0,141.75,8
New South Wales,NSW,Macropus fuliginosus,Western Grey Kangaroo,Kangaroo,-31.0,143.0,1
New South Wales,NSW,Macropus fuliginosus,Western Grey Kangaroo,Kangaroo,-30.75,141.25,1
New South Wales,NSW,Macropus fuliginosus,Western Grey Kangaroo,Kangaroo,-30.75,142.5,10
New South Wales,NSW,Macropus fuliginosus,Western Grey Kangaroo,Kangaroo,-30.75,143.0,1
New South Wales,NSW,Macropus fuliginosus,Western Grey Kangaroo,Kangaroo,-30.75,145.75,2
New South Wales,NSW,Macropus fuliginosus,Western Grey Kangaroo,Kangaroo,-30.75,147.75,2
New South Wales,NSW,Macropus fuliginosus,Western Grey Kangaroo,Kangaroo,-30.5,145.25,1
New South Wales,NSW,Macropus fuliginosus,Western Grey Kangaroo,Kangaroo,-30.5,145.75,5
New South Wales,NSW,Macropus fuliginosus,Western Grey Kangaroo,Kangaroo,-30.25,142.0,1
New South Wales,NSW,Macropus fuliginosus,Western Grey Kangaroo,Kangaroo,-30.25,144.5,1
New South Wales,NSW,Macropus fuliginosus,Western Grey Kangaroo,Kangaroo,-30.25,144.75,1
New South Wales,NSW,Macropus fuliginosus,Western Grey Kangaroo,Kangaroo,-29.25,142.5,1
New South Wales,NSW,Macropus fuliginosus,Western Grey Kangaroo,Kangaroo,-29.0,141.25,1
New South Wales,NSW,Macropus giganteus,Eastern Grey Kangaroo,Kangaroo,-37.25,149.25,8
New South Wales,NSW,Macropus giganteus,Eastern Grey Kangaroo,Kangaroo,-37.25,149.5,20
New South Wales,NSW,Macropus giganteus,Eastern Grey Kangaroo,Kangaroo,-37.25,149.75,9
New South Wales,NSW,Macropus giganteus,Eastern Grey Kangaroo,Kangaroo,-37.25,150.0,37
New South Wales,NSW,Macropus giganteus,Eastern Grey Kangaroo,Kangaroo,-37.0,148.5,1
New South Wales,NSW,Macropus giganteus,Eastern Grey Kangaroo,Kangaroo,-37.0,148.75,1
New South Wales,NSW,Macropus giganteus,Eastern Grey Kangaroo,Kangaroo,-37.0,149.0,10
New South Wales,NSW,Macropus giganteus,Eastern Grey Kangaroo,Kangaroo,-37.0,149.25,45
New South Wales,NSW,Macropus giganteus,Eastern Grey Kangaroo,Kangaroo,-37.0,149.5,17
New South Wales,NSW,Macropus giganteus,Eastern Grey Kangaroo,Kangaroo,-37.0,149.75,186
New South Wales,NSW,Macropus giganteus,Eastern Grey Kangaroo,Kangaroo,-37.0,150.0,383
New South Wales,NSW,Macropus giganteus,Eastern Grey Kangaroo,Kangaroo,-36.75,148.5,2
New South Wales,NSW,Macropus giganteus,Eastern Grey Kangaroo,Kangaroo,-36.75,148.75,2
New South Wales,NSW,Macropus giganteus,Eastern Grey Kangaroo,Kangaroo,-36.75,149.0,4
New South Wales,NSW,Macropus giganteus,Eastern Grey Kangaroo,Kangaroo,-36.75,149.25,42
New South Wales,NSW,Macropus giganteus,Eastern Grey Kangaroo,Kangaroo,-36.75,149.5,27
New South Wales,NSW,Macropus giganteus,Eastern Grey Kangaroo,Kangaroo,-36.75,149.75,240
New South Wales,NSW,Macropus giganteus,Eastern Grey Kangaroo,Kangaroo,-36.75,150.0,429
New South Wales,NSW,Macropus giganteus,Eastern Grey Kangaroo,Kangaroo,-36.5,148.25,49
New South Wales,NSW,Macropus giganteus,Eastern Grey Kangaroo,Kangaroo,-36.5,148.5,329
New South Wales,NSW,Macropus giganteus,Eastern Grey Kangaroo,Kangaroo,-36.5,148.75,299
New South Wales,NSW,Macropus giganteus,Eastern Grey Kangaroo,Kangaroo,-36.5,149.0,22
New South Wales,NSW,Macropus giganteus,Eastern Grey Kangaroo,Kangaroo,-36.5,149.25,60
New South Wales,NSW,Macropus giganteus,Eastern Grey Kangaroo,Kangaroo,-36.5,149.5,41
New South Wales,NSW,Macropus giganteus,Eastern Grey Kangaroo,Kangaroo,-36.5,149.75,59
New South Wales,NSW,Macropus giganteus,Eastern Grey Kangaroo,Kangaroo,-36.5,150.0,261
New South Wales,NSW,Macropus giganteus,Eastern Grey Kangaroo,Kangaroo,-36.25,148.0,2
New South Wales,NSW,Macropus giganteus,Eastern Grey Kangaroo,Kangaroo,-36.25,148.25,14
New South Wales,NSW,Macropus giganteus,Eastern Grey Kangaroo,Kangaroo,-36.25,148.5,47
New South Wales,NSW,Macropus giganteus,Eastern Grey Kangaroo,Kangaroo,-36.25,148.75,119
New South Wales,NSW,Macropus giganteus,Eastern Grey Kangaroo,Kangaroo,-36.25,149.0,219
New South Wales,NSW,Macropus giganteus,Eastern Grey Kangaroo,Kangaroo,-36.25,149.25,151
New South Wales,NSW,Macropus giganteus,Eastern Grey Kangaroo,Kangaroo,-36.25,149.5,15
New South Wales,NSW,Macropus giganteus,Eastern Grey Kangaroo,Kangaroo,-36.25,149.75,12
New South Wales,NSW,Macropus giganteus,Eastern Grey Kangaroo,Kangaroo,-36.25,150.0,80
New South Wales,NSW,Macropus giganteus,Eastern Grey Kangaroo,Kangaroo,-36.25,150.25,41
New South Wales,NSW,Macropus giganteus,Eastern Grey Kangaroo,Kangaroo,-36.0,144.5,4
New South Wales,NSW,Macropus giganteus,Eastern Grey Kangaroo,Kangaroo,-36.0,144.75,73
New South Wales,NSW,Macropus giganteus,Eastern Grey Kangaroo,Kangaroo,-36.0,145.0,13
New South Wales,NSW,Macropus giganteus,Eastern Grey Kangaroo,Kangaroo,-36.0,145.75,17
New South Wales,NSW,Macropus giganteus,Eastern Grey Kangaroo,Kangaroo,-36.0,146.0,52
New South Wales,NSW,Macropus giganteus,Eastern Grey Kangaroo,Kangaroo,-36.0,146.25,23
New South Wales,NSW,Macropus giganteus,Eastern Grey Kangaroo,Kangaroo,-36.0,146.5,23
New South Wales,NSW,Macropus giganteus,Eastern Grey Kangaroo,Kangaroo,-36.0,146.75,109
New South Wales,NSW,Macropus giganteus,Eastern Grey Kangaroo,Kangaroo,-36.0,147.0,1033
New South Wales,NSW,Macropus giganteus,Eastern Grey Kangaroo,Kangaroo,-36.0,147.25,16
New South Wales,NSW,Macropus giganteus,Eastern Grey Kangaroo,Kangaroo,-36.0,147.5,5
New South Wales,NSW,Macropus giganteus,Eastern Grey Kangaroo,Kangaroo,-36.0,147.75,8
New South Wales,NSW,Macropus giganteus,Eastern Grey Kangaroo,Kangaroo,-36.0,148.0,56
New South Wales,NSW,Macropus giganteus,Eastern Grey Kangaroo,Kangaroo,-36.0,148.25,13
New South Wales,NSW,Macropus giganteus,Eastern Grey Kangaroo,Kangaroo,-36.0,148.5,24
New South Wales,NSW,Macropus giganteus,Eastern Grey Kangaroo,Kangaroo,-36.0,148.75,55
New South Wales,NSW,Macropus giganteus,Eastern Grey Kangaroo,Kangaroo,-36.0,149.0,25
New South Wales,NSW,Macropus giganteus,Eastern Grey Kangaroo,Kangaroo,-36.0,149.25,51
New South Wales,NSW,Macropus giganteus,Eastern Grey Kangaroo,Kangaroo,-36.0,149.5,47
New South Wales,NSW,Macropus giganteus,Eastern Grey Kangaroo,Kangaroo,-36.0,149.75,4
New South Wales,NSW,Macropus giganteus,Eastern Grey Kangaroo,Kangaroo,-36.0,150.0,326
New South Wales,NSW,Macropus giganteus,Eastern Grey Kangaroo,Kangaroo,-36.0,150.25,276
New South Wales,NSW,Macropus giganteus,Eastern Grey Kangaroo,Kangaroo,-35.75,144.5,1
New South Wales,NSW,Macropus giganteus,Eastern Grey Kangaroo,Kangaroo,-35.75,145.0,25
New South Wales,NSW,Macropus giganteus,Eastern Grey Kangaroo,Kangaroo,-35.75,145.25,1
New South Wales,NSW,Macropus giganteus,Eastern Grey Kangaroo,Kangaroo,-35.75,145.5,12
New South Wales,NSW,Macropus giganteus,Eastern Grey Kangaroo,Kangaroo,-35.75,145.75,3
New South Wales,NSW,Macropus giganteus,Eastern Grey Kangaroo,Kangaroo,-35.75,146.5,8
New South Wales,NSW,Macropus giganteus,Eastern Grey Kangaroo,Kangaroo,-35.75,146.75,31
New South Wales,NSW,Macropus giganteus,Eastern Grey Kangaroo,Kangaroo,-35.75,147.0,22
New South Wales,NSW,Macropus giganteus,Eastern Grey Kangaroo,Kangaroo,-35.75,147.25,27
New South Wales,NSW,Macropus giganteus,Eastern Grey Kangaroo,Kangaroo,-35.75,147.5,7
New South Wales,NSW,Macropus giganteus,Eastern Grey Kangaroo,Kangaroo,-35.75,147.75,13
New South Wales,NSW,Macropus giganteus,Eastern Grey Kangaroo,Kangaroo,-35.75,148.0,19
New South Wales,NSW,Macropus giganteus,Eastern Grey Kangaroo,Kangaroo,-35.75,148.25,7
New South Wales,NSW,Macropus giganteus,Eastern Grey Kangaroo,Kangaroo,-35.75,148.5,56
New South Wales,NSW,Macropus giganteus,Eastern Grey Kangaroo,Kangaroo,-35.75,148.75,7
New South Wales,NSW,Macropus giganteus,Eastern Grey Kangaroo,Kangaroo,-35.75,149.0,3
New South Wales,NSW,Macropus giganteus,Eastern Grey Kangaroo,Kangaroo,-35.75,149.25,116
New South Wales,NSW,Macropus giganteus,Eastern Grey Kangaroo,Kangaroo,-35.75,149.5,11
New South Wales,NSW,Macropus giganteus,Eastern Grey Kangaroo,Kangaroo,-35.75,149.75,16
New South Wales,NSW,Macropus giganteus,Eastern Grey Kangaroo,Kangaroo,-35.75,150.0,80
New South Wales,NSW,Macropus giganteus,Eastern Grey Kangaroo,Kangaroo,-35.75,150.25,1325
New South Wales,NSW,Macropus giganteus,Eastern Grey Kangaroo,Kangaroo,-35.5,144.25,2
New South Wales,NSW,Macropus giganteus,Eastern Grey Kangaroo,Kangaroo,-35.5,144.75,7
New South Wales,NSW,Macropus giganteus,Eastern Grey Kangaroo,Kangaroo,-35.5,145.0,36
New South Wales,NSW,Macropus giganteus,Eastern Grey Kangaroo,Kangaroo,-35.5,145.25,6
New South Wales,NSW,Macropus giganteus,Eastern Grey Kangaroo,Kangaroo,-35.5,146.0,2
New South Wales,NSW,Macropus giganteus,Eastern Grey Kangaroo,Kangaroo,-35.5,146.25,4
New South Wales,NSW,Macropus giganteus,Eastern Grey Kangaroo,Kangaroo,-35.5,146.75,1
New South Wales,NSW,Macropus giganteus,Eastern Grey Kangaroo,Kangaroo,-35.5,147.0,6
New South Wales,NSW,Macropus giganteus,Eastern Grey Kangaroo,Kangaroo,-35.5,147.25,9
New South Wales,NSW,Macropus giganteus,Eastern Grey Kangaroo,Kangaroo,-35.5,147.5,8
New South Wales,NSW,Macropus giganteus,Eastern Grey Kangaroo,Kangaroo,-35.5,147.75,303
New South Wales,NSW,Macropus giganteus,Eastern Grey Kangaroo,Kangaroo,-35.5,148.0,3
New South Wales,NSW,Macropus giganteus,Eastern Grey Kangaroo,Kangaroo,-35.5,148.25,160
New South Wales,NSW,Macropus giganteus,Eastern Grey Kangaroo,Kangaroo,-35.5,148.5,21
New South Wales,NSW,Macropus giganteus,Eastern Grey Kangaroo,Kangaroo,-35.5,148.75,18
New South Wales,NSW,Macropus giganteus,Eastern Grey Kangaroo,Kangaroo,-35.5,149.0,2
New South Wales,NSW,Macropus giganteus,Eastern Grey Kangaroo,Kangaroo,-35.5,149.25,1272
New South Wales,NSW,Macropus giganteus,Eastern Grey Kangaroo,Kangaroo,-35.5,149.5,161
New South Wales,NSW,Macropus giganteus,Eastern Grey Kangaroo,Kangaroo,-35.5,149.75,119
New South Wales,NSW,Macropus giganteus,Eastern Grey Kangaroo,Kangaroo,-35.5,150.0,31
New South Wales,NSW,Macropus giganteus,Eastern Grey Kangaroo,Kangaroo,-35.5,150.25,740
New South Wales,NSW,Macropus giganteus,Eastern Grey Kangaroo,Kangaroo,-35.5,150.5,684
New South Wales,NSW,Macropus giganteus,Eastern Grey Kangaroo,Kangaroo,-35.25,143.5,2
New South Wales,NSW,Macropus giganteus,Eastern Grey Kangaroo,Kangaroo,-35.25,143.75,1
New South Wales,NSW,Macropus giganteus,Eastern Grey Kangaroo,Kangaroo,-35.25,144.25,1
New South Wales,NSW,Macropus giganteus,Eastern Grey Kangaroo,Kangaroo,-35.25,144.5,2
New South Wales,NSW,Macropus giganteus,Eastern Grey Kangaroo,Kangaroo,-35.25,144.75,5
New South Wales,NSW,Macropus giganteus,Eastern Grey Kangaroo,Kangaroo,-35.25,145.25,3
New South Wales,NSW,Macropus giganteus,Eastern Grey Kangaroo,Kangaroo,-35.25,145.75,9
New South Wales,NSW,Macropus giganteus,Eastern Grey Kangaroo,Kangaroo,-35.25,146.25,1
New South Wales,NSW,Macropus giganteus,Eastern Grey Kangaroo,Kangaroo,-35.25,146.75,9
New South Wales,NSW,Macropus giganteus,Eastern Grey Kangaroo,Kangaroo,-35.25,147.0,17
New South Wales,NSW,Macropus giganteus,Eastern Grey Kangaroo,Kangaroo,-35.25,147.25,155
New South Wales,NSW,Macropus giganteus,Eastern Grey Kangaroo,Kangaroo,-35.25,147.5,75
New South Wales,NSW,Macropus giganteus,Eastern Grey Kangaroo,Kangaroo,-35.25,147.75,26
New South Wales,NSW,Macropus giganteus,Eastern Grey Kangaroo,Kangaroo,-35.25,148.0,23
New South Wales,NSW,Macropus giganteus,Eastern Grey Kangaroo,Kangaroo,-35.25,148.25,54
New South Wales,NSW,Macropus giganteus,Eastern Grey Kangaroo,Kangaroo,-35.25,148.5,3
New South Wales,NSW,Macropus giganteus,Eastern Grey Kangaroo,Kangaroo,-35.25,148.75,13
New South Wales,NSW,Macropus giganteus,Eastern Grey Kangaroo,Kangaroo,-35.25,149.0,50
New South Wales,NSW,Macropus giganteus,Eastern Grey Kangaroo,Kangaroo,-35.25,149.25,1669
New South Wales,NSW,Macropus giganteus,Eastern Grey Kangaroo,Kangaroo,-35.25,149.5,303
New South Wales,NSW,Macropus giganteus,Eastern Grey Kangaroo,Kangaroo,-35.25,149.75,63
New South Wales,NSW,Macropus giganteus,Eastern Grey Kangaroo,Kangaroo,-35.25,150.0,20
New South Wales,NSW,Macropus giganteus,Eastern Grey Kangaroo,Kangaroo,-35.25,150.25,7
New South Wales,NSW,Macropus giganteus,Eastern Grey Kangaroo,Kangaroo,-35.25,150.5,636
New South Wales,NSW,Macropus giganteus,Eastern Grey Kangaroo,Kangaroo,-35.25,150.75,1
New South Wales,NSW,Macropus giganteus,Eastern Grey Kangaroo,Kangaroo,-35.0,143.5,2
New South Wales,NSW,Macropus giganteus,Eastern Grey Kangaroo,Kangaroo,-35.0,144.25,1
New South Wales,NSW,Macropus giganteus,Eastern Grey Kangaroo,Kangaroo,-35.0,144.5,1
New South Wales,NSW,Macropus giganteus,Eastern Grey Kangaroo,Kangaroo,-35.0,145.75,1
New South Wales,NSW,Macropus giganteus,Eastern Grey Kangaroo,Kangaroo,-35.0,146.25,2
New South Wales,NSW,Macropus giganteus,Eastern Grey Kangaroo,Kangaroo,-35.0,146.5,2
New South Wales,NSW,Macropus giganteus,Eastern Grey Kangaroo,Kangaroo,-35.0,146.75,2
New South Wales,NSW,Macropus giganteus,Eastern Grey Kangaroo,Kangaroo,-35.0,147.0,6
New South Wales,NSW,Macropus giganteus,Eastern Grey Kangaroo,Kangaroo,-35.0,147.25,113
New South Wales,NSW,Macropus giganteus,Eastern Grey Kangaroo,Kangaroo,-35.0,147.5,50
New South Wales,NSW,Macropus giganteus,Eastern Grey Kangaroo,Kangaroo,-35.0,147.75,10
New South Wales,NSW,Macropus giganteus,Eastern Grey Kangaroo,Kangaroo,-35.0,148.0,17
New South Wales,NSW,Macropus giganteus,Eastern Grey Kangaroo,Kangaroo,-35.0,148.25,21
New South Wales,NSW,Macropus giganteus,Eastern Grey Kangaroo,Kangaroo,-35.0,148.5,36
New South Wales,NSW,Macropus giganteus,Eastern Grey Kangaroo,Kangaroo,-35.0,148.75,13
New South Wales,NSW,Macropus giganteus,Eastern Grey Kangaroo,Kangaroo,-35.0,149.0,372
New South Wales,NSW,Macropus giganteus,Eastern Grey Kangaroo,Kangaroo,-35.0,149.25,187
New South Wales,NSW,Macropus giganteus,Eastern Grey Kangaroo,Kangaroo,-35.0,149.5,68
New South Wales,NSW,Macropus giganteus,Eastern Grey Kangaroo,Kangaroo,-35.0,149.75,54
New South Wales,NSW,Macropus giganteus,Eastern Grey Kangaroo,Kangaroo,-35.0,150.0,36
New South Wales,NSW,Macropus giganteus,Eastern Grey Kangaroo,Kangaroo,-35.0,150.25,10
New South Wales,NSW,Macropus giganteus,Eastern Grey Kangaroo,Kangaroo,-35.0,150.5,923
New South Wales,NSW,Macropus giganteus,Eastern Grey Kangaroo,Kangaroo,-35.0,150.75,790
New South Wales,NSW,Macropus giganteus,Eastern Grey Kangaroo,Kangaroo,-34.75,143.0,1
New South Wales,NSW,Macropus giganteus,Eastern Grey Kangaroo,Kangaroo,-34.75,143.25,8
New South Wales,NSW,Macropus giganteus,Eastern Grey Kangaroo,Kangaroo,-34.75,143.5,6
New South Wales,NSW,Macropus giganteus,Eastern Grey Kangaroo,Kangaroo,-34.75,143.75,3
New South Wales,NSW,Macropus giganteus,Eastern Grey Kangaroo,Kangaroo,-34.75,144.25,5
New South Wales,NSW,Macropus giganteus,Eastern Grey Kangaroo,Kangaroo,-34.75,145.75,1
New South Wales,NSW,Macropus giganteus,Eastern Grey Kangaroo,Kangaroo,-34.75,146.0,6
New South Wales,NSW,Macropus giganteus,Eastern Grey Kangaroo,Kangaroo,-34.75,146.25,9
New South Wales,NSW,Macropus giganteus,Eastern Grey Kangaroo,Kangaroo,-34.75,146.5,53
New South Wales,NSW,Macropus giganteus,Eastern Grey Kangaroo,Kangaroo,-34.75,146.75,2
New South Wales,NSW,Macropus giganteus,Eastern Grey Kangaroo,Kangaroo,-34.75,147.0,12
New South Wales,NSW,Macropus giganteus,Eastern Grey Kangaroo,Kangaroo,-34.75,147.25,13
New South Wales,NSW,Macropus giganteus,Eastern Grey Kangaroo,Kangaroo,-34.75,147.5,4
New South Wales,NSW,Macropus giganteus,Eastern Grey Kangaroo,Kangaroo,-34.75,147.75,7
New South Wales,NSW,Macropus giganteus,Eastern Grey Kangaroo,Kangaroo,-34.75,148.0,15
New South Wales,NSW,Macropus giganteus,Eastern Grey Kangaroo,Kangaroo,-34.75,148.25,22
New South Wales,NSW,Macropus giganteus,Eastern Grey Kangaroo,Kangaroo,-34.75,148.5,4
New South Wales,NSW,Macropus giganteus,Eastern Grey Kangaroo,Kangaroo,-34.75,148.75,40
New South Wales,NSW,Macropus giganteus,Eastern Grey Kangaroo,Kangaroo,-34.75,149.0,226
New South Wales,NSW,Macropus giganteus,Eastern Grey Kangaroo,Kangaroo,-34.75,149.25,38
New South Wales,NSW,Macropus giganteus,Eastern Grey Kangaroo,Kangaroo,-34.75,149.5,26
New South Wales,NSW,Macropus giganteus,Eastern Grey Kangaroo,Kangaroo,-34.75,149.75,196
New South Wales,NSW,Macropus giganteus,Eastern Grey Kangaroo,Kangaroo,-34.75,150.0,173
New South Wales,NSW,Macropus giganteus,Eastern Grey Kangaroo,Kangaroo,-34.75,150.25,235
New South Wales,NSW,Macropus giganteus,Eastern Grey Kangaroo,Kangaroo,-34.75,150.5,550
New South Wales,NSW,Macropus giganteus,Eastern Grey Kangaroo,Kangaroo,-34.75,150.75,248
New South Wales,NSW,Macropus giganteus,Eastern Grey Kangaroo,Kangaroo,-34.5,142.75,10
New South Wales,NSW,Macropus giganteus,Eastern Grey Kangaroo,Kangaroo,-34.5,143.0,3
New South Wales,NSW,Macropus giganteus,Eastern Grey Kangaroo,Kangaroo,-34.5,143.25,1
New South Wales,NSW,Macropus giganteus,Eastern Grey Kangaroo,Kangaroo,-34.5,143.5,1
New South Wales,NSW,Macropus giganteus,Eastern Grey Kangaroo,Kangaroo,-34.5,144.0,1
New South Wales,NSW,Macropus giganteus,Eastern Grey Kangaroo,Kangaroo,-34.5,144.75,6
New South Wales,NSW,Macropus giganteus,Eastern Grey Kangaroo,Kangaroo,-34.5,145.0,1
New South Wales,NSW,Macropus giganteus,Eastern Grey Kangaroo,Kangaroo,-34.5,145.5,8
New South Wales,NSW,Macropus giganteus,Eastern Grey Kangaroo,Kangaroo,-34.5,145.75,4
New South Wales,NSW,Macropus giganteus,Eastern Grey Kangaroo,Kangaroo,-34.5,146.0,11
New South Wales,NSW,Macropus giganteus,Eastern Grey Kangaroo,Kangaroo,-34.5,146.25,17
New South Wales,NSW,Macropus giganteus,Eastern Grey Kangaroo,Kangaroo,-34.5,146.5,80
New South Wales,NSW,Macropus giganteus,Eastern Grey Kangaroo,Kangaroo,-34.5,146.75,1
New South Wales,NSW,Macropus giganteus,Eastern Grey Kangaroo,Kangaroo,-34.5,147.5,10
New South Wales,NSW,Macropus giganteus,Eastern Grey Kangaroo,Kangaroo,-34.5,147.75,2
New South Wales,NSW,Macropus giganteus,Eastern Grey Kangaroo,Kangaroo,-34.5,148.0,13
New South Wales,NSW,Macropus giganteus,Eastern Grey Kangaroo,Kangaroo,-34.5,148.25,15
New South Wales,NSW,Macropus giganteus,Eastern Grey Kangaroo,Kangaroo,-34.5,148.5,14
New South Wales,NSW,Macropus giganteus,Eastern Grey Kangaroo,Kangaroo,-34.5,148.75,9
New South Wales,NSW,Macropus giganteus,Eastern Grey Kangaroo,Kangaroo,-34.5,149.0,1
New South Wales,NSW,Macropus giganteus,Eastern Grey Kangaroo,Kangaroo,-34.5,149.5,19
New South Wales,NSW,Macropus giganteus,Eastern Grey Kangaroo,Kangaroo,-34.5,149.75,12
New South Wales,NSW,Macropus giganteus,Eastern Grey Kangaroo,Kangaroo,-34.5,150.0,16
New South Wales,NSW,Macropus giganteus,Eastern Grey Kangaroo,Kangaroo,-34.5,150.25,308
New South Wales,NSW,Macropus giganteus,Eastern Grey Kangaroo,Kangaroo,-34.5,150.5,491
New South Wales,NSW,Macropus giganteus,Eastern Grey Kangaroo,Kangaroo,-34.5,150.75,86
New South Wales,NSW,Macropus giganteus,Eastern Grey Kangaroo,Kangaroo,-34.5,151.0,2
New South Wales,NSW,Macropus giganteus,Eastern Grey Kangaroo,Kangaroo,-34.25,141.5,1
New South Wales,NSW,Macropus giganteus,Eastern Grey Kangaroo,Kangaroo,-34.25,142.0,4
New South Wales,NSW,Macropus giganteus,Eastern Grey Kangaroo,Kangaroo,-34.25,142.25,16
New South Wales,NSW,Macropus giganteus,Eastern Grey Kangaroo,Kangaroo,-34.25,142.5,1
New South Wales,NSW,Macropus giganteus,Eastern Grey Kangaroo,Kangaroo,-34.25,144.25,2
New South Wales,NSW,Macropus giganteus,Eastern Grey Kangaroo,Kangaroo,-34.25,145.5,1
New South Wales,NSW,Macropus giganteus,Eastern Grey Kangaroo,Kangaroo,-34.25,145.75,1
New South Wales,NSW,Macropus giganteus,Eastern Grey Kangaroo,Kangaroo,-34.25,146.0,56
New South Wales,NSW,Macropus giganteus,Eastern Grey Kangaroo,Kangaroo,-34.25,146.25,8
New South Wales,NSW,Macropus giganteus,Eastern Grey Kangaroo,Kangaroo,-34.25,146.5,2
New South Wales,NSW,Macropus giganteus,Eastern Grey Kangaroo,Kangaroo,-34.25,146.75,1
New South Wales,NSW,Macropus giganteus,Eastern Grey Kangaroo,Kangaroo,-34.25,147.0,3
New South Wales,NSW,Macropus giganteus,Eastern Grey Kangaroo,Kangaroo,-34.25,147.5,4
New South Wales,NSW,Macropus giganteus,Eastern Grey Kangaroo,Kangaroo,-34.25,148.0,2
New South Wales,NSW,Macropus giganteus,Eastern Grey Kangaroo,Kangaroo,-34.25,148.25,54
New South Wales,NSW,Macropus giganteus,Eastern Grey Kangaroo,Kangaroo,-34.25,148.5,16
New South Wales,NSW,Macropus giganteus,Eastern Grey Kangaroo,Kangaroo,-34.25,148.75,75
New South Wales,NSW,Macropus giganteus,Eastern Grey Kangaroo,Kangaroo,-34.25,149.0,3
New South Wales,NSW,Macropus giganteus,Eastern Grey Kangaroo,Kangaroo,-34.25,149.25,5
New South Wales,NSW,Macropus giganteus,Eastern Grey Kangaroo,Kangaroo,-34.25,149.5,4
New South Wales,NSW,Macropus giganteus,Eastern Grey Kangaroo,Kangaroo,-34.25,149.75,331
New South Wales,NSW,Macropus giganteus,Eastern Grey Kangaroo,Kangaroo,-34.25,150.0,45
New South Wales,NSW,Macropus giganteus,Eastern Grey Kangaroo,Kangaroo,-34.25,150.25,40
New South Wales,NSW,Macropus giganteus,Eastern Grey Kangaroo,Kangaroo,-34.25,150.5,396
New South Wales,NSW,Macropus giganteus,Eastern Grey Kangaroo,Kangaroo,-34.25,150.75,157
New South Wales,NSW,Macropus giganteus,Eastern Grey Kangaroo,Kangaroo,-34.25,151.0,8
New South Wales,NSW,Macropus giganteus,Eastern Grey Kangaroo,Kangaroo,-34.0,141.75,2
New South Wales,NSW,Macropus giganteus,Eastern Grey Kangaroo,Kangaroo,-34.0,142.0,16
New South Wales,NSW,Macropus giganteus,Eastern Grey Kangaroo,Kangaroo,-34.0,145.0,1
New South Wales,NSW,Macropus giganteus,Eastern Grey Kangaroo,Kangaroo,-34.0,145.75,4
New South Wales,NSW,Macropus giganteus,Eastern Grey Kangaroo,Kangaroo,-34.0,146.0,6
New South Wales,NSW,Macropus giganteus,Eastern Grey Kangaroo,Kangaroo,-34.0,146.25,7
New South Wales,NSW,Macropus giganteus,Eastern Grey Kangaroo,Kangaroo,-34.0,146.5,1
New South Wales,NSW,Macropus giganteus,Eastern Grey Kangaroo,Kangaroo,-34.0,147.0,2
New South Wales,NSW,Macropus giganteus,Eastern Grey Kangaroo,Kangaroo,-34.0,147.25,6
New South Wales,NSW,Macropus giganteus,Eastern Grey Kangaroo,Kangaroo,-34.0,147.75,5
New South Wales,NSW,Macropus giganteus,Eastern Grey Kangaroo,Kangaroo,-34.0,148.0,15
New South Wales,NSW,Macropus giganteus,Eastern Grey Kangaroo,Kangaroo,-34.0,148.25,22
New South Wales,NSW,Macropus giganteus,Eastern Grey Kangaroo,Kangaroo,-34.0,148.5,328
New South Wales,NSW,Macropus giganteus,Eastern Grey Kangaroo,Kangaroo,-34.0,148.75,13
New South Wales,NSW,Macropus giganteus,Eastern Grey Kangaroo,Kangaroo,-34.0,149.0,23
New South Wales,NSW,Macropus giganteus,Eastern Grey Kangaroo,Kangaroo,-34.0,149.25,7
New South Wales,NSW,Macropus giganteus,Eastern Grey Kangaroo,Kangaroo,-34.0,149.5,10
New South Wales,NSW,Macropus giganteus,Eastern Grey Kangaroo,Kangaroo,-34.0,149.75,1080
New South Wales,NSW,Macropus giganteus,Eastern Grey Kangaroo,Kangaroo,-34.0,150.0,2
New South Wales,NSW,Macropus giganteus,Eastern Grey Kangaroo,Kangaroo,-34.0,150.25,3
New South Wales,NSW,Macropus giganteus,Eastern Grey Kangaroo,Kangaroo,-34.0,150.5,154
New South Wales,NSW,Macropus giganteus,Eastern Grey Kangaroo,Kangaroo,-34.0,150.75,691
New South Wales,NSW,Macropus giganteus,Eastern Grey Kangaroo,Kangaroo,-34.0,151.0,69
New South Wales,NSW,Macropus giganteus,Eastern Grey Kangaroo,Kangaroo,-34.0,151.25,9
New South Wales,NSW,Macropus giganteus,Eastern Grey Kangaroo,Kangaroo,-33.75,141.5,3
New South Wales,NSW,Macropus giganteus,Eastern Grey Kangaroo,Kangaroo,-33.75,146.25,1
New South Wales,NSW,Macropus giganteus,Eastern Grey Kangaroo,Kangaroo,-33.75,146.5,1
New South Wales,NSW,Macropus giganteus,Eastern Grey Kangaroo,Kangaroo,-33.75,147.25,1
New South Wales,NSW,Macropus giganteus,Eastern Grey Kangaroo,Kangaroo,-33.75,147.5,2
New South Wales,NSW,Macropus giganteus,Eastern Grey Kangaroo,Kangaroo,-33.75,148.0,2
New South Wales,NSW,Macropus giganteus,Eastern Grey Kangaroo,Kangaroo,-33.75,148.25,7
New South Wales,NSW,Macropus giganteus,Eastern Grey Kangaroo,Kangaroo,-33.75,148.5,4
New South Wales,NSW,Macropus giganteus,Eastern Grey Kangaroo,Kangaroo,-33.75,148.75,57
New South Wales,NSW,Macropus giganteus,Eastern Grey Kangaroo,Kangaroo,-33.75,149.0,39
New South Wales,NSW,Macropus giganteus,Eastern Grey Kangaroo,Kangaroo,-33.75,149.25,24
New South Wales,NSW,Macropus giganteus,Eastern Grey Kangaroo,Kangaroo,-33.75,149.5,19
New South Wales,NSW,Macropus giganteus,Eastern Grey Kangaroo,Kangaroo,-33.75,149.75,113
New South Wales,NSW,Macropus giganteus,Eastern Grey Kangaroo,Kangaroo,-33.75,150.0,116
New South Wales,NSW,Macropus giganteus,Eastern Grey Kangaroo,Kangaroo,-33.75,150.25,147
New South Wales,NSW,Macropus giganteus,Eastern Grey Kangaroo,Kangaroo,-33.75,150.5,25
New South Wales,NSW,Macropus giganteus,Eastern Grey Kangaroo,Kangaroo,-33.75,150.75,3657
New South Wales,NSW,Macropus giganteus,Eastern Grey Kangaroo,Kangaroo,-33.75,151.0,511
New South Wales,NSW,Macropus giganteus,Eastern Grey Kangaroo,Kangaroo,-33.75,151.25,102
New South Wales,NSW,Macropus giganteus,Eastern Grey Kangaroo,Kangaroo,-33.5,145.5,3
New South Wales,NSW,Macropus giganteus,Eastern Grey Kangaroo,Kangaroo,-33.5,146.0,1
New South Wales,NSW,Macropus giganteus,Eastern Grey Kangaroo,Kangaroo,-33.5,146.25,1
New South Wales,NSW,Macropus giganteus,Eastern Grey Kangaroo,Kangaroo,-33.5,147.75,4
New South Wales,NSW,Macropus giganteus,Eastern Grey Kangaroo,Kangaroo,-33.5,148.0,15
New South Wales,NSW,Macropus giganteus,Eastern Grey Kangaroo,Kangaroo,-33.5,148.25,3
New South Wales,NSW,Macropus giganteus,Eastern Grey Kangaroo,Kangaroo,-33.5,148.5,7
New South Wales,NSW,Macropus giganteus,Eastern Grey Kangaroo,Kangaroo,-33.5,148.75,24
New South Wales,NSW,Macropus giganteus,Eastern Grey Kangaroo,Kangaroo,-33.5,149.0,122
New South Wales,NSW,Macropus giganteus,Eastern Grey Kangaroo,Kangaroo,-33.5,149.25,148
New South Wales,NSW,Macropus giganteus,Eastern Grey Kangaroo,Kangaroo,-33.5,149.5,401
New South Wales,NSW,Macropus giganteus,Eastern Grey Kangaroo,Kangaroo,-33.5,149.75,137
New South Wales,NSW,Macropus giganteus,Eastern Grey Kangaroo,Kangaroo,-33.5,150.0,343
New South Wales,NSW,Macropus giganteus,Eastern Grey Kangaroo,Kangaroo,-33.5,150.25,811
New South Wales,NSW,Macropus giganteus,Eastern Grey Kangaroo,Kangaroo,-33.5,150.75,482
New South Wales,NSW,Macropus giganteus,Eastern Grey Kangaroo,Kangaroo,-33.5,151.0,335
New South Wales,NSW,Macropus giganteus,Eastern Grey Kangaroo,Kangaroo,-33.5,151.25,20
New South Wales,NSW,Macropus giganteus,Eastern Grey Kangaroo,Kangaroo,-33.5,151.5,21
New South Wales,NSW,Macropus giganteus,Eastern Grey Kangaroo,Kangaroo,-33.25,145.0,1
New South Wales,NSW,Macropus giganteus,Eastern Grey Kangaroo,Kangaroo,-33.25,146.25,1
New South Wales,NSW,Macropus giganteus,Eastern Grey Kangaroo,Kangaroo,-33.25,146.5,2
New South Wales,NSW,Macropus giganteus,Eastern Grey Kangaroo,Kangaroo,-33.25,147.75,1
New South Wales,NSW,Macropus giganteus,Eastern Grey Kangaroo,Kangaroo,-33.25,148.0,9
New South Wales,NSW,Macropus giganteus,Eastern Grey Kangaroo,Kangaroo,-33.25,148.25,24
New South Wales,NSW,Macropus giganteus,Eastern Grey Kangaroo,Kangaroo,-33.25,148.5,6
New South Wales,NSW,Macropus giganteus,Eastern Grey Kangaroo,Kangaroo,-33.25,148.75,14
New South Wales,NSW,Macropus giganteus,Eastern Grey Kangaroo,Kangaroo,-33.25,149.0,244
New South Wales,NSW,Macropus giganteus,Eastern Grey Kangaroo,Kangaroo,-33.25,149.25,83
New South Wales,NSW,Macropus giganteus,Eastern Grey Kangaroo,Kangaroo,-33.25,149.5,87
New South Wales,NSW,Macropus giganteus,Eastern Grey Kangaroo,Kangaroo,-33.25,149.75,62
New South Wales,NSW,Macropus giganteus,Eastern Grey Kangaroo,Kangaroo,-33.25,150.0,268
New South Wales,NSW,Macropus giganteus,Eastern Grey Kangaroo,Kangaroo,-33.25,150.25,155
New South Wales,NSW,Macropus giganteus,Eastern Grey Kangaroo,Kangaroo,-33.25,150.75,3
New South Wales,NSW,Macropus giganteus,Eastern Grey Kangaroo,Kangaroo,-33.25,151.0,10
New South Wales,NSW,Macropus giganteus,Eastern Grey Kangaroo,Kangaroo,-33.25,151.25,27
New South Wales,NSW,Macropus giganteus,Eastern Grey Kangaroo,Kangaroo,-33.25,151.5,292
New South Wales,NSW,Macropus giganteus,Eastern Grey Kangaroo,Kangaroo,-33.0,141.75,1
New South Wales,NSW,Macropus giganteus,Eastern Grey Kangaroo,Kangaroo,-33.0,144.0,1
New South Wales,NSW,Macropus giganteus,Eastern Grey Kangaroo,Kangaroo,-33.0,144.25,1
New South Wales,NSW,Macropus giganteus,Eastern Grey Kangaroo,Kangaroo,-33.0,146.5,1
New South Wales,NSW,Macropus giganteus,Eastern Grey Kangaroo,Kangaroo,-33.0,147.0,1
New South Wales,NSW,Macropus giganteus,Eastern Grey Kangaroo,Kangaroo,-33.0,147.25,5
New South Wales,NSW,Macropus giganteus,Eastern Grey Kangaroo,Kangaroo,-33.0,147.5,1
New South Wales,NSW,Macropus giganteus,Eastern Grey Kangaroo,Kangaroo,-33.0,147.75,5
New South Wales,NSW,Macropus giganteus,Eastern Grey Kangaroo,Kangaroo,-33.0,148.0,2
New South Wales,NSW,Macropus giganteus,Eastern Grey Kangaroo,Kangaroo,-33.0,148.25,14
New South Wales,NSW,Macropus giganteus,Eastern Grey Kangaroo,Kangaroo,-33.0,148.5,10
New South Wales,NSW,Macropus giganteus,Eastern Grey Kangaroo,Kangaroo,-33.0,148.75,12
New South Wales,NSW,Macropus giganteus,Eastern Grey Kangaroo,Kangaroo,-33.0,149.0,24
New South Wales,NSW,Macropus giganteus,Eastern Grey Kangaroo,Kangaroo,-33.0,149.25,10
New South Wales,NSW,Macropus giganteus,Eastern Grey Kangaroo,Kangaroo,-33.0,149.5,32
New South Wales,NSW,Macropus giganteus,Eastern Grey Kangaroo,Kangaroo,-33.0,149.75,62
New South Wales,NSW,Macropus giganteus,Eastern Grey Kangaroo,Kangaroo,-33.0,150.0,3160
New South Wales,NSW,Macropus giganteus,Eastern Grey Kangaroo,Kangaroo,-33.0,150.25,49
New South Wales,NSW,Macropus giganteus,Eastern Grey Kangaroo,Kangaroo,-33.0,150.75,10
New South Wales,NSW,Macropus giganteus,Eastern Grey Kangaroo,Kangaroo,-33.0,151.0,11
New South Wales,NSW,Macropus giganteus,Eastern Grey Kangaroo,Kangaroo,-33.0,151.25,51
New South Wales,NSW,Macropus giganteus,Eastern Grey Kangaroo,Kangaroo,-33.0,151.5,228
New South Wales,NSW,Macropus giganteus,Eastern Grey Kangaroo,Kangaroo,-33.0,151.75,36
New South Wales,NSW,Macropus giganteus,Eastern Grey Kangaroo,Kangaroo,-32.75,144.25,1
New South Wales,NSW,Macropus giganteus,Eastern Grey Kangaroo,Kangaroo,-32.75,145.5,1
New South Wales,NSW,Macropus giganteus,Eastern Grey Kangaroo,Kangaroo,-32.75,147.5,2
New South Wales,NSW,Macropus giganteus,Eastern Grey Kangaroo,Kangaroo,-32.75,147.75,2
New South Wales,NSW,Macropus giganteus,Eastern Grey Kangaroo,Kangaroo,-32.75,148.25,12
New South Wales,NSW,Macropus giganteus,Eastern Grey Kangaroo,Kangaroo,-32.75,148.5,4
New South Wales,NSW,Macropus giganteus,Eastern Grey Kangaroo,Kangaroo,-32.75,148.75,5
New South Wales,NSW,Macropus giganteus,Eastern Grey Kangaroo,Kangaroo,-32.75,149.0,40
New South Wales,NSW,Macropus giganteus,Eastern Grey Kangaroo,Kangaroo,-32.75,149.25,10
New South Wales,NSW,Macropus giganteus,Eastern Grey Kangaroo,Kangaroo,-32.75,149.5,69
New South Wales,NSW,Macropus giganteus,Eastern Grey Kangaroo,Kangaroo,-32.75,149.75,23
New South Wales,NSW,Macropus giganteus,Eastern Grey Kangaroo,Kangaroo,-32.75,150.0,53
New South Wales,NSW,Macropus giganteus,Eastern Grey Kangaroo,Kangaroo,-32.75,150.25,9
New South Wales,NSW,Macropus giganteus,Eastern Grey Kangaroo,Kangaroo,-32.75,150.75,3
New South Wales,NSW,Macropus giganteus,Eastern Grey Kangaroo,Kangaroo,-32.75,151.0,66
New South Wales,NSW,Macropus giganteus,Eastern Grey Kangaroo,Kangaroo,-32.75,151.25,672
New South Wales,NSW,Macropus giganteus,Eastern Grey Kangaroo,Kangaroo,-32.75,151.5,449
New South Wales,NSW,Macropus giganteus,Eastern Grey Kangaroo,Kangaroo,-32.75,151.75,172
New South Wales,NSW,Macropus giganteus,Eastern Grey Kangaroo,Kangaroo,-32.75,152.0,73
New South Wales,NSW,Macropus giganteus,Eastern Grey Kangaroo,Kangaroo,-32.75,152.25,78
New South Wales,NSW,Macropus giganteus,Eastern Grey Kangaroo,Kangaroo,-32.5,142.25,2
New South Wales,NSW,Macropus giganteus,Eastern Grey Kangaroo,Kangaroo,-32.5,145.5,2
New South Wales,NSW,Macropus giganteus,Eastern Grey Kangaroo,Kangaroo,-32.5,145.75,1
New South Wales,NSW,Macropus giganteus,Eastern Grey Kangaroo,Kangaroo,-32.5,147.25,1
New South Wales,NSW,Macropus giganteus,Eastern Grey Kangaroo,Kangaroo,-32.5,148.0,1
New South Wales,NSW,Macropus giganteus,Eastern Grey Kangaroo,Kangaroo,-32.5,148.25,4
New South Wales,NSW,Macropus giganteus,Eastern Grey Kangaroo,Kangaroo,-32.5,148.5,2
New South Wales,NSW,Macropus giganteus,Eastern Grey Kangaroo,Kangaroo,-32.5,148.75,6
New South Wales,NSW,Macropus giganteus,Eastern Grey Kangaroo,Kangaroo,-32.5,149.0,59
New South Wales,NSW,Macropus giganteus,Eastern Grey Kangaroo,Kangaroo,-32.5,149.25,1
New South Wales,NSW,Macropus giganteus,Eastern Grey Kangaroo,Kangaroo,-32.5,149.5,144
New South Wales,NSW,Macropus giganteus,Eastern Grey Kangaroo,Kangaroo,-32.5,149.75,149
New South Wales,NSW,Macropus giganteus,Eastern Grey Kangaroo,Kangaroo,-32.5,150.0,27
New South Wales,NSW,Macropus giganteus,Eastern Grey Kangaroo,Kangaroo,-32.5,150.5,3
New South Wales,NSW,Macropus giganteus,Eastern Grey Kangaroo,Kangaroo,-32.5,150.75,51
New South Wales,NSW,Macropus giganteus,Eastern Grey Kangaroo,Kangaroo,-32.5,151.0,118
New South Wales,NSW,Macropus giganteus,Eastern Grey Kangaroo,Kangaroo,-32.5,151.25,188
New South Wales,NSW,Macropus giganteus,Eastern Grey Kangaroo,Kangaroo,-32.5,151.5,53
New South Wales,NSW,Macropus giganteus,Eastern Grey Kangaroo,Kangaroo,-32.5,151.75,61
New South Wales,NSW,Macropus giganteus,Eastern Grey Kangaroo,Kangaroo,-32.5,152.0,20
New South Wales,NSW,Macropus giganteus,Eastern Grey Kangaroo,Kangaroo,-32.5,152.25,34
New South Wales,NSW,Macropus giganteus,Eastern Grey Kangaroo,Kangaroo,-32.5,152.5,3
New South Wales,NSW,Macropus giganteus,Eastern Grey Kangaroo,Kangaroo,-32.25,141.5,1
New South Wales,NSW,Macropus giganteus,Eastern Grey Kangaroo,Kangaroo,-32.25,147.75,1
New South Wales,NSW,Macropus giganteus,Eastern Grey Kangaroo,Kangaroo,-32.25,148.0,1
New South Wales,NSW,Macropus giganteus,Eastern Grey Kangaroo,Kangaroo,-32.25,148.25,24
New South Wales,NSW,Macropus giganteus,Eastern Grey Kangaroo,Kangaroo,-32.25,148.5,184
New South Wales,NSW,Macropus giganteus,Eastern Grey Kangaroo,Kangaroo,-32.25,148.75,88
New South Wales,NSW,Macropus giganteus,Eastern Grey Kangaroo,Kangaroo,-32.25,149.0,5
New South Wales,NSW,Macropus giganteus,Eastern Grey Kangaroo,Kangaroo,-32.25,149.25,9
New South Wales,NSW,Macropus giganteus,Eastern Grey Kangaroo,Kangaroo,-32.25,149.5,40
New South Wales,NSW,Macropus giganteus,Eastern Grey Kangaroo,Kangaroo,-32.25,149.75,229
New South Wales,NSW,Macropus giganteus,Eastern Grey Kangaroo,Kangaroo,-32.25,150.0,73
New South Wales,NSW,Macropus giganteus,Eastern Grey Kangaroo,Kangaroo,-32.25,150.25,16
New South Wales,NSW,Macropus giganteus,Eastern Grey Kangaroo,Kangaroo,-32.25,150.5,13
New South Wales,NSW,Macropus giganteus,Eastern Grey Kangaroo,Kangaroo,-32.25,150.75,90
New South Wales,NSW,Macropus giganteus,Eastern Grey Kangaroo,Kangaroo,-32.25,151.0,94
New South Wales,NSW,Macropus giganteus,Eastern Grey Kangaroo,Kangaroo,-32.25,151.25,10
New South Wales,NSW,Macropus giganteus,Eastern Grey Kangaroo,Kangaroo,-32.25,151.5,3
New South Wales,NSW,Macropus giganteus,Eastern Grey Kangaroo,Kangaroo,-32.25,151.75,5
New South Wales,NSW,Macropus giganteus,Eastern Grey Kangaroo,Kangaroo,-32.25,152.0,86
New South Wales,NSW,Macropus giganteus,Eastern Grey Kangaroo,Kangaroo,-32.25,152.25,16
New South Wales,NSW,Macropus giganteus,Eastern Grey Kangaroo,Kangaroo,-32.25,152.5,55
New South Wales,NSW,Macropus giganteus,Eastern Grey Kangaroo,Kangaroo,-32.0,141.25,1
New South Wales,NSW,Macropus giganteus,Eastern Grey Kangaroo,Kangaroo,-32.0,141.5,13
New South Wales,NSW,Macropus giganteus,Eastern Grey Kangaroo,Kangaroo,-32.0,146.75,1
New South Wales,NSW,Macropus giganteus,Eastern Grey Kangaroo,Kangaroo,-32.0,147.75,1
New South Wales,NSW,Macropus giganteus,Eastern Grey Kangaroo,Kangaroo,-32.0,148.0,1
New South Wales,NSW,Macropus giganteus,Eastern Grey Kangaroo,Kangaroo,-32.0,148.25,4
New South Wales,NSW,Macropus giganteus,Eastern Grey Kangaroo,Kangaroo,-32.0,148.5,14
New South Wales,NSW,Macropus giganteus,Eastern Grey Kangaroo,Kangaroo,-32.0,148.75,7
New South Wales,NSW,Macropus giganteus,Eastern Grey Kangaroo,Kangaroo,-32.0,149.0,5
New South Wales,NSW,Macropus giganteus,Eastern Grey Kangaroo,Kangaroo,-32.0,149.25,2
New South Wales,NSW,Macropus giganteus,Eastern Grey Kangaroo,Kangaroo,-32.0,149.5,7
New South Wales,NSW,Macropus giganteus,Eastern Grey Kangaroo,Kangaroo,-32.0,149.75,2
New South Wales,NSW,Macropus giganteus,Eastern Grey Kangaroo,Kangaroo,-32.0,150.0,6
New South Wales,NSW,Macropus giganteus,Eastern Grey Kangaroo,Kangaroo,-32.0,150.25,3
New South Wales,NSW,Macropus giganteus,Eastern Grey Kangaroo,Kangaroo,-32.0,150.5,2
New South Wales,NSW,Macropus giganteus,Eastern Grey Kangaroo,Kangaroo,-32.0,150.75,32
New South Wales,NSW,Macropus giganteus,Eastern Grey Kangaroo,Kangaroo,-32.0,151.0,17
New South Wales,NSW,Macropus giganteus,Eastern Grey Kangaroo,Kangaroo,-32.0,151.25,1
New South Wales,NSW,Macropus giganteus,Eastern Grey Kangaroo,Kangaroo,-32.0,151.5,15
New South Wales,NSW,Macropus giganteus,Eastern Grey Kangaroo,Kangaroo,-32.0,151.75,2
New South Wales,NSW,Macropus giganteus,Eastern Grey Kangaroo,Kangaroo,-32.0,152.0,22
New South Wales,NSW,Macropus giganteus,Eastern Grey Kangaroo,Kangaroo,-32.0,152.25,12
New South Wales,NSW,Macropus giganteus,Eastern Grey Kangaroo,Kangaroo,-32.0,152.5,70
New South Wales,NSW,Macropus giganteus,Eastern Grey Kangaroo,Kangaroo,-32.0,152.75,4
New South Wales,NSW,Macropus giganteus,Eastern Grey Kangaroo,Kangaroo,-31.75,141.5,1
New South Wales,NSW,Macropus giganteus,Eastern Grey Kangaroo,Kangaroo,-31.75,147.75,38
New South Wales,NSW,Macropus giganteus,Eastern Grey Kangaroo,Kangaroo,-31.75,148.5,13
New South Wales,NSW,Macropus giganteus,Eastern Grey Kangaroo,Kangaroo,-31.75,148.75,3
New South Wales,NSW,Macropus giganteus,Eastern Grey Kangaroo,Kangaroo,-31.75,149.0,5
New South Wales,NSW,Macropus giganteus,Eastern Grey Kangaroo,Kangaroo,-31.75,149.25,7
New South Wales,NSW,Macropus giganteus,Eastern Grey Kangaroo,Kangaroo,-31.75,149.5,2
New South Wales,NSW,Macropus giganteus,Eastern Grey Kangaroo,Kangaroo,-31.75,149.75,2
New South Wales,NSW,Macropus giganteus,Eastern Grey Kangaroo,Kangaroo,-31.75,150.0,27
New South Wales,NSW,Macropus giganteus,Eastern Grey Kangaroo,Kangaroo,-31.75,150.25,4
New South Wales,NSW,Macropus giganteus,Eastern Grey Kangaroo,Kangaroo,-31.75,150.5,2
New South Wales,NSW,Macropus giganteus,Eastern Grey Kangaroo,Kangaroo,-31.75,150.75,18
New South Wales,NSW,Macropus giganteus,Eastern Grey Kangaroo,Kangaroo,-31.75,151.0,15
New South Wales,NSW,Macropus giganteus,Eastern Grey Kangaroo,Kangaroo,-31.75,151.5,4
New South Wales,NSW,Macropus giganteus,Eastern Grey Kangaroo,Kangaroo,-31.75,152.0,1
New South Wales,NSW,Macropus giganteus,Eastern Grey Kangaroo,Kangaroo,-31.75,152.25,5
New South Wales,NSW,Macropus giganteus,Eastern Grey Kangaroo,Kangaroo,-31.75,152.5,56
New South Wales,NSW,Macropus giganteus,Eastern Grey Kangaroo,Kangaroo,-31.75,152.75,127
New South Wales,NSW,Macropus giganteus,Eastern Grey Kangaroo,Kangaroo,-31.5,143.75,4
New South Wales,NSW,Macropus giganteus,Eastern Grey Kangaroo,Kangaroo,-31.5,144.25,1
New South Wales,NSW,Macropus giganteus,Eastern Grey Kangaroo,Kangaroo,-31.5,144.75,1
New South Wales,NSW,Macropus giganteus,Eastern Grey Kangaroo,Kangaroo,-31.5,145.75,2
New South Wales,NSW,Macropus giganteus,Eastern Grey Kangaroo,Kangaroo,-31.5,147.25,4
New South Wales,NSW,Macropus giganteus,Eastern Grey Kangaroo,Kangaroo,-31.5,147.75,1
New South Wales,NSW,Macropus giganteus,Eastern Grey Kangaroo,Kangaroo,-31.5,148.5,5
New South Wales,NSW,Macropus giganteus,Eastern Grey Kangaroo,Kangaroo,-31.5,148.75,3
New South Wales,NSW,Macropus giganteus,Eastern Grey Kangaroo,Kangaroo,-31.5,149.25,4
New South Wales,NSW,Macropus giganteus,Eastern Grey Kangaroo,Kangaroo,-31.5,149.5,6
New South Wales,NSW,Macropus giganteus,Eastern Grey Kangaroo,Kangaroo,-31.5,149.75,1
New South Wales,NSW,Macropus giganteus,Eastern Grey Kangaroo,Kangaroo,-31.5,150.0,2
New South Wales,NSW,Macropus giganteus,Eastern Grey Kangaroo,Kangaroo,-31.5,150.25,5
New South Wales,NSW,Macropus giganteus,Eastern Grey Kangaroo,Kangaroo,-31.5,150.5,133
New South Wales,NSW,Macropus giganteus,Eastern Grey Kangaroo,Kangaroo,-31.5,150.75,469
New South Wales,NSW,Macropus giganteus,Eastern Grey Kangaroo,Kangaroo,-31.5,151.0,5
New South Wales,NSW,Macropus giganteus,Eastern Grey Kangaroo,Kangaroo,-31.5,151.25,3
New South Wales,NSW,Macropus giganteus,Eastern Grey Kangaroo,Kangaroo,-31.5,151.5,2
New South Wales,NSW,Macropus giganteus,Eastern Grey Kangaroo,Kangaroo,-31.5,151.75,2
New South Wales,NSW,Macropus giganteus,Eastern Grey Kangaroo,Kangaroo,-31.5,152.0,1
New South Wales,NSW,Macropus giganteus,Eastern Grey Kangaroo,Kangaroo,-31.5,152.5,24
New South Wales,NSW,Macropus giganteus,Eastern Grey Kangaroo,Kangaroo,-31.5,152.75,554
New South Wales,NSW,Macropus giganteus,Eastern Grey Kangaroo,Kangaroo,-31.5,153.0,128
New South Wales,NSW,Macropus giganteus,Eastern Grey Kangaroo,Kangaroo,-31.25,142.25,1
New South Wales,NSW,Macropus giganteus,Eastern Grey Kangaroo,Kangaroo,-31.25,144.25,4
New South Wales,NSW,Macropus giganteus,Eastern Grey Kangaroo,Kangaroo,-31.25,145.75,1
New South Wales,NSW,Macropus giganteus,Eastern Grey Kangaroo,Kangaroo,-31.25,147.0,1
New South Wales,NSW,Macropus giganteus,Eastern Grey Kangaroo,Kangaroo,-31.25,148.75,7
New South Wales,NSW,Macropus giganteus,Eastern Grey Kangaroo,Kangaroo,-31.25,149.0,113
New South Wales,NSW,Macropus giganteus,Eastern Grey Kangaroo,Kangaroo,-31.25,149.25,20
New South Wales,NSW,Macropus giganteus,Eastern Grey Kangaroo,Kangaroo,-31.25,149.5,1
New South Wales,NSW,Macropus giganteus,Eastern Grey Kangaroo,Kangaroo,-31.25,149.75,3
New South Wales,NSW,Macropus giganteus,Eastern Grey Kangaroo,Kangaroo,-31.25,150.0,2
New South Wales,NSW,Macropus giganteus,Eastern Grey Kangaroo,Kangaroo,-31.25,150.25,7
New South Wales,NSW,Macropus giganteus,Eastern Grey Kangaroo,Kangaroo,-31.25,150.5,3
New South Wales,NSW,Macropus giganteus,Eastern Grey Kangaroo,Kangaroo,-31.25,150.75,7
New South Wales,NSW,Macropus giganteus,Eastern Grey Kangaroo,Kangaroo,-31.25,151.0,25
New South Wales,NSW,Macropus giganteus,Eastern Grey Kangaroo,Kangaroo,-31.25,151.25,2
New South Wales,NSW,Macropus giganteus,Eastern Grey Kangaroo,Kangaroo,-31.25,152.25,13
New South Wales,NSW,Macropus giganteus,Eastern Grey Kangaroo,Kangaroo,-31.25,152.75,97
New South Wales,NSW,Macropus giganteus,Eastern Grey Kangaroo,Kangaroo,-31.25,153.0,61
New South Wales,NSW,Macropus giganteus,Eastern Grey Kangaroo,Kangaroo,-31.0,146.75,1
New South Wales,NSW,Macropus giganteus,Eastern Grey Kangaroo,Kangaroo,-31.0,147.75,1
New South Wales,NSW,Macropus giganteus,Eastern Grey Kangaroo,Kangaroo,-31.0,148.5,3
New South Wales,NSW,Macropus giganteus,Eastern Grey Kangaroo,Kangaroo,-31.0,148.75,3
New South Wales,NSW,Macropus giganteus,Eastern Grey Kangaroo,Kangaroo,-31.0,149.0,68
New South Wales,NSW,Macropus giganteus,Eastern Grey Kangaroo,Kangaroo,-31.0,149.25,9
New South Wales,NSW,Macropus giganteus,Eastern Grey Kangaroo,Kangaroo,-31.0,150.0,250
New South Wales,NSW,Macropus giganteus,Eastern Grey Kangaroo,Kangaroo,-31.0,150.25,48
New South Wales,NSW,Macropus giganteus,Eastern Grey Kangaroo,Kangaroo,-31.0,150.5,6
New South Wales,NSW,Macropus giganteus,Eastern Grey Kangaroo,Kangaroo,-31.0,150.75,21
New South Wales,NSW,Macropus giganteus,Eastern Grey Kangaroo,Kangaroo,-31.0,151.0,110
New South Wales,NSW,Macropus giganteus,Eastern Grey Kangaroo,Kangaroo,-31.0,151.25,8
New South Wales,NSW,Macropus giganteus,Eastern Grey Kangaroo,Kangaroo,-31.0,151.5,21
New South Wales,NSW,Macropus giganteus,Eastern Grey Kangaroo,Kangaroo,-31.0,151.75,34
New South Wales,NSW,Macropus giganteus,Eastern Grey Kangaroo,Kangaroo,-31.0,152.0,92
New South Wales,NSW,Macropus giganteus,Eastern Grey Kangaroo,Kangaroo,-31.0,152.25,33
New South Wales,NSW,Macropus giganteus,Eastern Grey Kangaroo,Kangaroo,-31.0,152.5,5
New South Wales,NSW,Macropus giganteus,Eastern Grey Kangaroo,Kangaroo,-31.0,152.75,136
New South Wales,NSW,Macropus giganteus,Eastern Grey Kangaroo,Kangaroo,-31.0,153.0,510
New South Wales,NSW,Macropus giganteus,Eastern Grey Kangaroo,Kangaroo,-30.75,142.5,1
New South Wales,NSW,Macropus giganteus,Eastern Grey Kangaroo,Kangaroo,-30.75,148.75,3
New South Wales,NSW,Macropus giganteus,Eastern Grey Kangaroo,Kangaroo,-30.75,149.0,11
New South Wales,NSW,Macropus giganteus,Eastern Grey Kangaroo,Kangaroo,-30.75,149.25,332
New South Wales,NSW,Macropus giganteus,Eastern Grey Kangaroo,Kangaroo,-30.75,149.5,8
New South Wales,NSW,Macropus giganteus,Eastern Grey Kangaroo,Kangaroo,-30.75,149.75,117
New South Wales,NSW,Macropus giganteus,Eastern Grey Kangaroo,Kangaroo,-30.75,150.0,180
New South Wales,NSW,Macropus giganteus,Eastern Grey Kangaroo,Kangaroo,-30.75,150.25,1372
New South Wales,NSW,Macropus giganteus,Eastern Grey Kangaroo,Kangaroo,-30.75,150.5,5
New South Wales,NSW,Macropus giganteus,Eastern Grey Kangaroo,Kangaroo,-30.75,150.75,10
New South Wales,NSW,Macropus giganteus,Eastern Grey Kangaroo,Kangaroo,-30.75,151.25,5
New South Wales,NSW,Macropus giganteus,Eastern Grey Kangaroo,Kangaroo,-30.75,151.5,32
New South Wales,NSW,Macropus giganteus,Eastern Grey Kangaroo,Kangaroo,-30.75,151.75,19
New South Wales,NSW,Macropus giganteus,Eastern Grey Kangaroo,Kangaroo,-30.75,152.0,24
New South Wales,NSW,Macropus giganteus,Eastern Grey Kangaroo,Kangaroo,-30.75,152.25,1
New South Wales,NSW,Macropus giganteus,Eastern Grey Kangaroo,Kangaroo,-30.75,152.75,9
New South Wales,NSW,Macropus giganteus,Eastern Grey Kangaroo,Kangaroo,-30.75,153.0,49
New South Wales,NSW,Macropus giganteus,Eastern Grey Kangaroo,Kangaroo,-30.5,146.5,1
New South Wales,NSW,Macropus giganteus,Eastern Grey Kangaroo,Kangaroo,-30.5,146.75,1
New South Wales,NSW,Macropus giganteus,Eastern Grey Kangaroo,Kangaroo,-30.5,147.25,1
New South Wales,NSW,Macropus giganteus,Eastern Grey Kangaroo,Kangaroo,-30.5,147.75,3
New South Wales,NSW,Macropus giganteus,Eastern Grey Kangaroo,Kangaroo,-30.5,148.0,1
New South Wales,NSW,Macropus giganteus,Eastern Grey Kangaroo,Kangaroo,-30.5,148.25,2
New South Wales,NSW,Macropus giganteus,Eastern Grey Kangaroo,Kangaroo,-30.5,149.0,156
New South Wales,NSW,Macropus giganteus,Eastern Grey Kangaroo,Kangaroo,-30.5,149.25,2648
New South Wales,NSW,Macropus giganteus,Eastern Grey Kangaroo,Kangaroo,-30.5,149.5,92
New South Wales,NSW,Macropus giganteus,Eastern Grey Kangaroo,Kangaroo,-30.5,149.75,275
New South Wales,NSW,Macropus giganteus,Eastern Grey Kangaroo,Kangaroo,-30.5,150.0,664
New South Wales,NSW,Macropus giganteus,Eastern Grey Kangaroo,Kangaroo,-30.5,150.25,3673
New South Wales,NSW,Macropus giganteus,Eastern Grey Kangaroo,Kangaroo,-30.5,150.5,951
New South Wales,NSW,Macropus giganteus,Eastern Grey Kangaroo,Kangaroo,-30.5,150.75,10
New South Wales,NSW,Macropus giganteus,Eastern Grey Kangaroo,Kangaroo,-30.5,151.0,22
New South Wales,NSW,Macropus giganteus,Eastern Grey Kangaroo,Kangaroo,-30.5,151.25,18
New South Wales,NSW,Macropus giganteus,Eastern Grey Kangaroo,Kangaroo,-30.5,151.5,199
New South Wales,NSW,Macropus giganteus,Eastern Grey Kangaroo,Kangaroo,-30.5,151.75,496
New South Wales,NSW,Macropus giganteus,Eastern Grey Kangaroo,Kangaroo,-30.5,152.0,36
New South Wales,NSW,Macropus giganteus,Eastern Grey Kangaroo,Kangaroo,-30.5,152.25,45
New South Wales,NSW,Macropus giganteus,Eastern Grey Kangaroo,Kangaroo,-30.5,152.5,9
New South Wales,NSW,Macropus giganteus,Eastern Grey Kangaroo,Kangaroo,-30.5,152.75,2
New South Wales,NSW,Macropus giganteus,Eastern Grey Kangaroo,Kangaroo,-30.5,153.0,82
New South Wales,NSW,Macropus giganteus,Eastern Grey Kangaroo,Kangaroo,-30.25,145.5,1
New South Wales,NSW,Macropus giganteus,Eastern Grey Kangaroo,Kangaroo,-30.25,145.75,2
New South Wales,NSW,Macropus giganteus,Eastern Grey Kangaroo,Kangaroo,-30.25,147.75,1
New South Wales,NSW,Macropus giganteus,Eastern Grey Kangaroo,Kangaroo,-30.25,149.5,8
New South Wales,NSW,Macropus giganteus,Eastern Grey Kangaroo,Kangaroo,-30.25,149.75,15
New South Wales,NSW,Macropus giganteus,Eastern Grey Kangaroo,Kangaroo,-30.25,150.0,5
New South Wales,NSW,Macropus giganteus,Eastern Grey Kangaroo,Kangaroo,-30.25,150.25,1424
New South Wales,NSW,Macropus giganteus,Eastern Grey Kangaroo,Kangaroo,-30.25,150.75,551
New South Wales,NSW,Macropus giganteus,Eastern Grey Kangaroo,Kangaroo,-30.25,151.0,18
New South Wales,NSW,Macropus giganteus,Eastern Grey Kangaroo,Kangaroo,-30.25,151.25,29
New South Wales,NSW,Macropus giganteus,Eastern Grey Kangaroo,Kangaroo,-30.25,151.5,49
New South Wales,NSW,Macropus giganteus,Eastern Grey Kangaroo,Kangaroo,-30.25,151.75,19
New South Wales,NSW,Macropus giganteus,Eastern Grey Kangaroo,Kangaroo,-30.25,152.0,7
New South Wales,NSW,Macropus giganteus,Eastern Grey Kangaroo,Kangaroo,-30.25,152.5,7
New South Wales,NSW,Macropus giganteus,Eastern Grey Kangaroo,Kangaroo,-30.25,152.75,1
New South Wales,NSW,Macropus giganteus,Eastern Grey Kangaroo,Kangaroo,-30.25,153.0,31
New South Wales,NSW,Macropus giganteus,Eastern Grey Kangaroo,Kangaroo,-30.25,153.25,636
New South Wales,NSW,Macropus giganteus,Eastern Grey Kangaroo,Kangaroo,-30.0,145.75,1
New South Wales,NSW,Macropus giganteus,Eastern Grey Kangaroo,Kangaroo,-30.0,146.0,5
New South Wales,NSW,Macropus giganteus,Eastern Grey Kangaroo,Kangaroo,-30.0,146.25,1
New South Wales,NSW,Macropus giganteus,Eastern Grey Kangaroo,Kangaroo,-30.0,146.75,1
New South Wales,NSW,Macropus giganteus,Eastern Grey Kangaroo,Kangaroo,-30.0,147.0,1
New South Wales,NSW,Macropus giganteus,Eastern Grey Kangaroo,Kangaroo,-30.0,147.5,2
New South Wales,NSW,Macropus giganteus,Eastern Grey Kangaroo,Kangaroo,-30.0,148.0,3
New South Wales,NSW,Macropus giganteus,Eastern Grey Kangaroo,Kangaroo,-30.0,148.5,1
New South Wales,NSW,Macropus giganteus,Eastern Grey Kangaroo,Kangaroo,-30.0,148.75,1
New South Wales,NSW,Macropus giganteus,Eastern Grey Kangaroo,Kangaroo,-30.0,149.5,1
New South Wales,NSW,Macropus giganteus,Eastern Grey Kangaroo,Kangaroo,-30.0,150.25,18
New South Wales,NSW,Macropus giganteus,Eastern Grey Kangaroo,Kangaroo,-30.0,150.5,2
New South Wales,NSW,Macropus giganteus,Eastern Grey Kangaroo,Kangaroo,-30.0,150.75,46
New South Wales,NSW,Macropus giganteus,Eastern Grey Kangaroo,Kangaroo,-30.0,151.0,17
New South Wales,NSW,Macropus giganteus,Eastern Grey Kangaroo,Kangaroo,-30.0,151.25,124
New South Wales,NSW,Macropus giganteus,Eastern Grey Kangaroo,Kangaroo,-30.0,151.5,12
New South Wales,NSW,Macropus giganteus,Eastern Grey Kangaroo,Kangaroo,-30.0,151.75,22
New South Wales,NSW,Macropus giganteus,Eastern Grey Kangaroo,Kangaroo,-30.0,152.0,11
New South Wales,NSW,Macropus giganteus,Eastern Grey Kangaroo,Kangaroo,-30.0,152.25,242
New South Wales,NSW,Macropus giganteus,Eastern Grey Kangaroo,Kangaroo,-30.0,152.75,7
New South Wales,NSW,Macropus giganteus,Eastern Grey Kangaroo,Kangaroo,-30.0,153.0,50
New South Wales,NSW,Macropus giganteus,Eastern Grey Kangaroo,Kangaroo,-30.0,153.25,400
New South Wales,NSW,Macropus giganteus,Eastern Grey Kangaroo,Kangaroo,-29.75,146.0,1
New South Wales,NSW,Macropus giganteus,Eastern Grey Kangaroo,Kangaroo,-29.75,147.5,1
New South Wales,NSW,Macropus giganteus,Eastern Grey Kangaroo,Kangaroo,-29.75,147.75,2
New South Wales,NSW,Macropus giganteus,Eastern Grey Kangaroo,Kangaroo,-29.75,149.25,1
New South Wales,NSW,Macropus giganteus,Eastern Grey Kangaroo,Kangaroo,-29.75,149.75,1
New South Wales,NSW,Macropus giganteus,Eastern Grey Kangaroo,Kangaroo,-29.75,150.25,22
New South Wales,NSW,Macropus giganteus,Eastern Grey Kangaroo,Kangaroo,-29.75,150.5,7
New South Wales,NSW,Macropus giganteus,Eastern Grey Kangaroo,Kangaroo,-29.75,150.75,3
New South Wales,NSW,Macropus giganteus,Eastern Grey Kangaroo,Kangaroo,-29.75,151.0,53
New South Wales,NSW,Macropus giganteus,Eastern Grey Kangaroo,Kangaroo,-29.75,151.25,38
New South Wales,NSW,Macropus giganteus,Eastern Grey Kangaroo,Kangaroo,-29.75,151.5,5
New South Wales,NSW,Macropus giganteus,Eastern Grey Kangaroo,Kangaroo,-29.75,151.75,51
New South Wales,NSW,Macropus giganteus,Eastern Grey Kangaroo,Kangaroo,-29.75,152.0,29
New South Wales,NSW,Macropus giganteus,Eastern Grey Kangaroo,Kangaroo,-29.75,152.25,26
New South Wales,NSW,Macropus giganteus,Eastern Grey Kangaroo,Kangaroo,-29.75,152.5,2
New South Wales,NSW,Macropus giganteus,Eastern Grey Kangaroo,Kangaroo,-29.75,152.75,58
New South Wales,NSW,Macropus giganteus,Eastern Grey Kangaroo,Kangaroo,-29.75,153.0,346
New South Wales,NSW,Macropus giganteus,Eastern Grey Kangaroo,Kangaroo,-29.75,153.25,18
New South Wales,NSW,Macropus giganteus,Eastern Grey Kangaroo,Kangaroo,-29.5,148.0,12
New South Wales,NSW,Macropus giganteus,Eastern Grey Kangaroo,Kangaroo,-29.5,148.75,3
New South Wales,NSW,Macropus giganteus,Eastern Grey Kangaroo,Kangaroo,-29.5,149.25,1
New South Wales,NSW,Macropus giganteus,Eastern Grey Kangaroo,Kangaroo,-29.5,149.5,3
New South Wales,NSW,Macropus giganteus,Eastern Grey Kangaroo,Kangaroo,-29.5,149.75,13
New South Wales,NSW,Macropus giganteus,Eastern Grey Kangaroo,Kangaroo,-29.5,150.0,1
New South Wales,NSW,Macropus giganteus,Eastern Grey Kangaroo,Kangaroo,-29.5,150.25,1
New South Wales,NSW,Macropus giganteus,Eastern Grey Kangaroo,Kangaroo,-29.5,150.5,1
New South Wales,NSW,Macropus giganteus,Eastern Grey Kangaroo,Kangaroo,-29.5,150.75,1
New South Wales,NSW,Macropus giganteus,Eastern Grey Kangaroo,Kangaroo,-29.5,151.0,3
New South Wales,NSW,Macropus giganteus,Eastern Grey Kangaroo,Kangaroo,-29.5,151.25,14
New South Wales,NSW,Macropus giganteus,Eastern Grey Kangaroo,Kangaroo,-29.5,151.5,40
New South Wales,NSW,Macropus giganteus,Eastern Grey Kangaroo,Kangaroo,-29.5,151.75,30
New South Wales,NSW,Macropus giganteus,Eastern Grey Kangaroo,Kangaroo,-29.5,152.0,9
New South Wales,NSW,Macropus giganteus,Eastern Grey Kangaroo,Kangaroo,-29.5,152.25,2
New South Wales,NSW,Macropus giganteus,Eastern Grey Kangaroo,Kangaroo,-29.5,152.75,24
New South Wales,NSW,Macropus giganteus,Eastern Grey Kangaroo,Kangaroo,-29.5,153.0,64
New South Wales,NSW,Macropus giganteus,Eastern Grey Kangaroo,Kangaroo,-29.5,153.25,635
New South Wales,NSW,Macropus giganteus,Eastern Grey Kangaroo,Kangaroo,-29.5,153.5,2
New South Wales,NSW,Macropus giganteus,Eastern Grey Kangaroo,Kangaroo,-29.25,148.0,1
New South Wales,NSW,Macropus giganteus,Eastern Grey Kangaroo,Kangaroo,-29.25,149.0,2
New South Wales,NSW,Macropus giganteus,Eastern Grey Kangaroo,Kangaroo,-29.25,149.25,1
New South Wales,NSW,Macropus giganteus,Eastern Grey Kangaroo,Kangaroo,-29.25,150.0,2
New South Wales,NSW,Macropus giganteus,Eastern Grey Kangaroo,Kangaroo,-29.25,150.5,1
New South Wales,NSW,Macropus giganteus,Eastern Grey Kangaroo,Kangaroo,-29.25,150.75,108
New South Wales,NSW,Macropus giganteus,Eastern Grey Kangaroo,Kangaroo,-29.25,151.0,21
New South Wales,NSW,Macropus giganteus,Eastern Grey Kangaroo,Kangaroo,-29.25,151.5,1
New South Wales,NSW,Macropus giganteus,Eastern Grey Kangaroo,Kangaroo,-29.25,151.75,18
New South Wales,NSW,Macropus giganteus,Eastern Grey Kangaroo,Kangaroo,-29.25,152.0,8
New South Wales,NSW,Macropus giganteus,Eastern Grey Kangaroo,Kangaroo,-29.25,152.25,4
New South Wales,NSW,Macropus giganteus,Eastern Grey Kangaroo,Kangaroo,-29.25,152.75,1
New South Wales,NSW,Macropus giganteus,Eastern Grey Kangaroo,Kangaroo,-29.25,153.0,1
New South Wales,NSW,Macropus giganteus,Eastern Grey Kangaroo,Kangaroo,-29.25,153.25,243
New South Wales,NSW,Macropus giganteus,Eastern Grey Kangaroo,Kangaroo,-29.25,153.5,5
New South Wales,NSW,Macropus giganteus,Eastern Grey Kangaroo,Kangaroo,-29.0,143.25,1
New South Wales,NSW,Macropus giganteus,Eastern Grey Kangaroo,Kangaroo,-29.0,150.5,1
New South Wales,NSW,Macropus giganteus,Eastern Grey Kangaroo,Kangaroo,-29.0,150.75,1
New South Wales,NSW,Macropus giganteus,Eastern Grey Kangaroo,Kangaroo,-29.0,151.0,11
New South Wales,NSW,Macropus giganteus,Eastern Grey Kangaroo,Kangaroo,-29.0,151.25,9
New South Wales,NSW,Macropus giganteus,Eastern Grey Kangaroo,Kangaroo,-29.0,152.0,26
New South Wales,NSW,Macropus giganteus,Eastern Grey Kangaroo,Kangaroo,-29.0,152.25,1
New South Wales,NSW,Macropus giganteus,Eastern Grey Kangaroo,Kangaroo,-29.0,152.5,8
New South Wales,NSW,Macropus giganteus,Eastern Grey Kangaroo,Kangaroo,-29.0,152.75,5
New South Wales,NSW,Macropus giganteus,Eastern Grey Kangaroo,Kangaroo,-29.0,153.0,15
New South Wales,NSW,Macropus giganteus,Eastern Grey Kangaroo,Kangaroo,-29.0,153.25,47
New South Wales,NSW,Macropus giganteus,Eastern Grey Kangaroo,Kangaroo,-29.0,153.5,45
New South Wales,NSW,Macropus giganteus,Eastern Grey Kangaroo,Kangaroo,-28.75,149.75,1
New South Wales,NSW,Macropus giganteus,Eastern Grey Kangaroo,Kangaroo,-28.75,150.25,1
New South Wales,NSW,Macropus giganteus,Eastern Grey Kangaroo,Kangaroo,-28.75,150.5,1
New South Wales,NSW,Macropus giganteus,Eastern Grey Kangaroo,Kangaroo,-28.75,150.75,3
New South Wales,NSW,Macropus giganteus,Eastern Grey Kangaroo,Kangaroo,-28.75,152.0,9
New South Wales,NSW,Macropus giganteus,Eastern Grey Kangaroo,Kangaroo,-28.75,152.25,10
New South Wales,NSW,Macropus giganteus,Eastern Grey Kangaroo,Kangaroo,-28.75,152.5,10
New South Wales,NSW,Macropus giganteus,Eastern Grey Kangaroo,Kangaroo,-28.75,152.75,12
New South Wales,NSW,Macropus giganteus,Eastern Grey Kangaroo,Kangaroo,-28.75,153.0,61
New South Wales,NSW,Macropus giganteus,Eastern Grey Kangaroo,Kangaroo,-28.75,153.25,20
New South Wales,NSW,Macropus giganteus,Eastern Grey Kangaroo,Kangaroo,-28.75,153.5,7
New South Wales,NSW,Macropus giganteus,Eastern Grey Kangaroo,Kangaroo,-28.5,150.25,1
New South Wales,NSW,Macropus giganteus,Eastern Grey Kangaroo,Kangaroo,-28.5,152.0,2
New South Wales,NSW,Macropus giganteus,Eastern Grey Kangaroo,Kangaroo,-28.5,152.5,6
New South Wales,NSW,Macropus giganteus,Eastern Grey Kangaroo,Kangaroo,-28.5,152.75,1
New South Wales,NSW,Macropus giganteus,Eastern Grey Kangaroo,Kangaroo,-28.5,153.0,7
New South Wales,NSW,Macropus giganteus,Eastern Grey Kangaroo,Kangaroo,-28.5,153.25,4
New South Wales,NSW,Macropus giganteus,Eastern Grey Kangaroo,Kangaroo,-28.5,153.5,1
New South Wales,NSW,Macropus giganteus,Eastern Grey Kangaroo,Kangaroo,-28.25,152.5,1
New South Wales,NSW,Macropus giganteus,Eastern Grey Kangaroo,Kangaroo,-28.25,153.25,1
New South Wales,NSW,Macropus giganteus,Eastern Grey Kangaroo,Kangaroo,-28.25,153.5,36
New South Wales,NSW,Notamacropus rufogriseus,Red-necked Wallaby,Wallaby,-37.25,149.25,130
New South Wales,NSW,Notamacropus rufogriseus,Red-necked Wallaby,Wallaby,-37.25,149.5,210
New South Wales,NSW,Notamacropus rufogriseus,Red-necked Wallaby,Wallaby,-37.25,149.75,18
New South Wales,NSW,Notamacropus rufogriseus,Red-necked Wallaby,Wallaby,-37.25,150.0,18
New South Wales,NSW,Notamacropus rufogriseus,Red-necked Wallaby,Wallaby,-37.0,148.5,1
New South Wales,NSW,Notamacropus rufogriseus,Red-necked Wallaby,Wallaby,-37.0,148.75,13
New South Wales,NSW,Notamacropus rufogriseus,Red-necked Wallaby,Wallaby,-37.0,149.25,21
New South Wales,NSW,Notamacropus rufogriseus,Red-necked Wallaby,Wallaby,-37.0,149.5,4
New South Wales,NSW,Notamacropus rufogriseus,Red-necked Wallaby,Wallaby,-37.0,149.75,22
New South Wales,NSW,Notamacropus rufogriseus,Red-necked Wallaby,Wallaby,-37.0,150.0,8
New South Wales,NSW,Notamacropus rufogriseus,Red-necked Wallaby,Wallaby,-36.75,148.25,4
New South Wales,NSW,Notamacropus rufogriseus,Red-necked Wallaby,Wallaby,-36.75,148.5,1
New South Wales,NSW,Notamacropus rufogriseus,Red-necked Wallaby,Wallaby,-36.75,148.75,9
New South Wales,NSW,Notamacropus rufogriseus,Red-necked Wallaby,Wallaby,-36.75,149.25,2
New South Wales,NSW,Notamacropus rufogriseus,Red-necked Wallaby,Wallaby,-36.75,149.5,13
New South Wales,NSW,Notamacropus rufogriseus,Red-necked Wallaby,Wallaby,-36.75,149.75,16
New South Wales,NSW,Notamacropus rufogriseus,Red-necked Wallaby,Wallaby,-36.75,150.0,84
New South Wales,NSW,Notamacropus rufogriseus,Red-necked Wallaby,Wallaby,-36.5,148.25,20
New South Wales,NSW,Notamacropus rufogriseus,Red-necked Wallaby,Wallaby,-36.5,148.5,20
New South Wales,NSW,Notamacropus rufogriseus,Red-necked Wallaby,Wallaby,-36.5,148.75,23
New South Wales,NSW,Notamacropus rufogriseus,Red-necked Wallaby,Wallaby,-36.5,149.25,2
New South Wales,NSW,Notamacropus rufogriseus,Red-necked Wallaby,Wallaby,-36.5,149.5,8
New South Wales,NSW,Notamacropus rufogriseus,Red-necked Wallaby,Wallaby,-36.5,149.75,14
New South Wales,NSW,Notamacropus rufogriseus,Red-necked Wallaby,Wallaby,-36.5,150.0,39
New South Wales,NSW,Notamacropus rufogriseus,Red-necked Wallaby,Wallaby,-36.25,148.0,1
New South Wales,NSW,Notamacropus rufogriseus,Red-necked Wallaby,Wallaby,-36.25,148.25,4
New South Wales,NSW,Notamacropus rufogriseus,Red-necked Wallaby,Wallaby,-36.25,148.5,93
New South Wales,NSW,Notamacropus rufogriseus,Red-necked Wallaby,Wallaby,-36.25,148.75,23
New South Wales,NSW,Notamacropus rufogriseus,Red-necked Wallaby,Wallaby,-36.25,149.0,28
New South Wales,NSW,Notamacropus rufogriseus,Red-necked Wallaby,Wallaby,-36.25,149.25,27
New South Wales,NSW,Notamacropus rufogriseus,Red-necked Wallaby,Wallaby,-36.25,149.5,3
New South Wales,NSW,Notamacropus rufogriseus,Red-necked Wallaby,Wallaby,-36.25,149.75,9
New South Wales,NSW,Notamacropus rufogriseus,Red-necked Wallaby,Wallaby,-36.25,150.0,44
New South Wales,NSW,Notamacropus rufogriseus,Red-necked Wallaby,Wallaby,-36.25,150.25,18
New South Wales,NSW,Notamacropus rufogriseus,Red-necked Wallaby,Wallaby,-36.0,147.25,5
New South Wales,NSW,Notamacropus rufogriseus,Red-necked Wallaby,Wallaby,-36.0,147.5,33
New South Wales,NSW,Notamacropus rufogriseus,Red-necked Wallaby,Wallaby,-36.0,148.0,154
New South Wales,NSW,Notamacropus rufogriseus,Red-necked Wallaby,Wallaby,-36.0,148.25,42
New South Wales,NSW,Notamacropus rufogriseus,Red-necked Wallaby,Wallaby,-36.0,148.5,30
New South Wales,NSW,Notamacropus rufogriseus,Red-necked Wallaby,Wallaby,-36.0,148.75,13
New South Wales,NSW,Notamacropus rufogriseus,Red-necked Wallaby,Wallaby,-36.0,149.0,34
New South Wales,NSW,Notamacropus rufogriseus,Red-necked Wallaby,Wallaby,-36.0,149.25,4
New South Wales,NSW,Notamacropus rufogriseus,Red-necked Wallaby,Wallaby,-36.0,149.5,24
New South Wales,NSW,Notamacropus rufogriseus,Red-necked Wallaby,Wallaby,-36.0,150.0,36
New South Wales,NSW,Notamacropus rufogriseus,Red-necked Wallaby,Wallaby,-36.0,150.25,68
New South Wales,NSW,Notamacropus rufogriseus,Red-necked Wallaby,Wallaby,-35.75,147.5,15
New South Wales,NSW,Notamacropus rufogriseus,Red-necked Wallaby,Wallaby,-35.75,147.75,1
New South Wales,NSW,Notamacropus rufogriseus,Red-necked Wallaby,Wallaby,-35.75,148.0,3
New South Wales,NSW,Notamacropus rufogriseus,Red-necked Wallaby,Wallaby,-35.75,148.25,7
New South Wales,NSW,Notamacropus rufogriseus,Red-necked Wallaby,Wallaby,-35.75,148.5,88
New South Wales,NSW,Notamacropus rufogriseus,Red-necked Wallaby,Wallaby,-35.75,148.75,13
New South Wales,NSW,Notamacropus rufogriseus,Red-necked Wallaby,Wallaby,-35.75,149.25,7
New South Wales,NSW,Notamacropus rufogriseus,Red-necked Wallaby,Wallaby,-35.75,149.5,22
New South Wales,NSW,Notamacropus rufogriseus,Red-necked Wallaby,Wallaby,-35.75,149.75,1
New South Wales,NSW,Notamacropus rufogriseus,Red-necked Wallaby,Wallaby,-35.75,150.0,13
New South Wales,NSW,Notamacropus rufogriseus,Red-necked Wallaby,Wallaby,-35.75,150.25,36
New South Wales,NSW,Notamacropus rufogriseus,Red-necked Wallaby,Wallaby,-35.5,147.75,7
New South Wales,NSW,Notamacropus rufogriseus,Red-necked Wallaby,Wallaby,-35.5,148.25,7
New South Wales,NSW,Notamacropus rufogriseus,Red-necked Wallaby,Wallaby,-35.5,148.5,31
New South Wales,NSW,Notamacropus rufogriseus,Red-necked Wallaby,Wallaby,-35.5,148.75,36
New South Wales,NSW,Notamacropus rufogriseus,Red-necked Wallaby,Wallaby,-35.5,149.25,12
New South Wales,NSW,Notamacropus rufogriseus,Red-necked Wallaby,Wallaby,-35.5,149.5,14
New South Wales,NSW,Notamacropus rufogriseus,Red-necked Wallaby,Wallaby,-35.5,149.75,6
New South Wales,NSW,Notamacropus rufogriseus,Red-necked Wallaby,Wallaby,-35.5,150.0,6
New South Wales,NSW,Notamacropus rufogriseus,Red-necked Wallaby,Wallaby,-35.5,150.25,41
New South Wales,NSW,Notamacropus rufogriseus,Red-necked Wallaby,Wallaby,-35.5,150.5,32
New South Wales,NSW,Notamacropus rufogriseus,Red-necked Wallaby,Wallaby,-35.25,147.0,2
New South Wales,NSW,Notamacropus rufogriseus,Red-necked Wallaby,Wallaby,-35.25,147.75,4
New South Wales,NSW,Notamacropus rufogriseus,Red-necked Wallaby,Wallaby,-35.25,148.0,1
New South Wales,NSW,Notamacropus rufogriseus,Red-necked Wallaby,Wallaby,-35.25,148.25,2
New South Wales,NSW,Notamacropus rufogriseus,Red-necked Wallaby,Wallaby,-35.25,148.5,4
New South Wales,NSW,Notamacropus rufogriseus,Red-necked Wallaby,Wallaby,-35.25,148.75,24
New South Wales,NSW,Notamacropus rufogriseus,Red-necked Wallaby,Wallaby,-35.25,149.25,13
New South Wales,NSW,Notamacropus rufogriseus,Red-necked Wallaby,Wallaby,-35.25,149.5,14
New South Wales,NSW,Notamacropus rufogriseus,Red-necked Wallaby,Wallaby,-35.25,149.75,7
New South Wales,NSW,Notamacropus rufogriseus,Red-necked Wallaby,Wallaby,-35.25,150.0,1
New South Wales,NSW,Notamacropus rufogriseus,Red-necked Wallaby,Wallaby,-35.25,150.25,2
New South Wales,NSW,Notamacropus rufogriseus,Red-necked Wallaby,Wallaby,-35.25,150.5,23
New South Wales,NSW,Notamacropus rufogriseus,Red-necked Wallaby,Wallaby,-35.0,148.5,9
New South Wales,NSW,Notamacropus rufogriseus,Red-necked Wallaby,Wallaby,-35.0,149.0,4
New South Wales,NSW,Notamacropus rufogriseus,Red-necked Wallaby,Wallaby,-35.0,149.25,16
New South Wales,NSW,Notamacropus rufogriseus,Red-necked Wallaby,Wallaby,-35.0,149.5,2
New South Wales,NSW,Notamacropus rufogriseus,Red-necked Wallaby,Wallaby,-35.0,149.75,3
New South Wales,NSW,Notamacropus rufogriseus,Red-necked Wallaby,Wallaby,-35.0,150.0,5
New South Wales,NSW,Notamacropus rufogriseus,Red-necked Wallaby,Wallaby,-35.0,150.25,5
New South Wales,NSW,Notamacropus rufogriseus,Red-necked Wallaby,Wallaby,-35.0,150.5,74
New South Wales,NSW,Notamacropus rufogriseus,Red-necked Wallaby,Wallaby,-35.0,150.75,52
New South Wales,NSW,Notamacropus rufogriseus,Red-necked Wallaby,Wallaby,-34.75,149.0,5
New South Wales,NSW,Notamacropus rufogriseus,Red-necked Wallaby,Wallaby,-34.75,149.25,1
New South Wales,NSW,Notamacropus rufogriseus,Red-necked Wallaby,Wallaby,-34.75,149.75,8
New South Wales,NSW,Notamacropus rufogriseus,Red-necked Wallaby,Wallaby,-34.75,150.0,13
New South Wales,NSW,Notamacropus rufogriseus,Red-necked Wallaby,Wallaby,-34.75,150.25,16
New South Wales,NSW,Notamacropus rufogriseus,Red-necked Wallaby,Wallaby,-34.75,150.5,119
New South Wales,NSW,Notamacropus rufogriseus,Red-necked Wallaby,Wallaby,-34.75,150.75,4
New South Wales,NSW,Notamacropus rufogriseus,Red-necked Wallaby,Wallaby,-34.5,148.25,1
New South Wales,NSW,Notamacropus rufogriseus,Red-necked Wallaby,Wallaby,-34.5,149.5,2
New South Wales,NSW,Notamacropus rufogriseus,Red-necked Wallaby,Wallaby,-34.5,149.75,1
New South Wales,NSW,Notamacropus rufogriseus,Red-necked Wallaby,Wallaby,-34.5,150.0,5
New South Wales,NSW,Notamacropus rufogriseus,Red-necked Wallaby,Wallaby,-34.5,150.25,14
New South Wales,NSW,Notamacropus rufogriseus,Red-necked Wallaby,Wallaby,-34.5,150.5,12
New South Wales,NSW,Notamacropus rufogriseus,Red-necked Wallaby,Wallaby,-34.5,150.75,9
New South Wales,NSW,Notamacropus rufogriseus,Red-necked Wallaby,Wallaby,-34.25,149.75,177
New South Wales,NSW,Notamacropus rufogriseus,Red-necked Wallaby,Wallaby,-34.25,150.0,31
New South Wales,NSW,Notamacropus rufogriseus,Red-necked Wallaby,Wallaby,-34.25,150.25,97
New South Wales,NSW,Notamacropus rufogriseus,Red-necked Wallaby,Wallaby,-34.25,150.5,10
New South Wales,NSW,Notamacropus rufogriseus,Red-necked Wallaby,Wallaby,-34.25,150.75,4
New South Wales,NSW,Notamacropus rufogriseus,Red-necked Wallaby,Wallaby,-34.0,147.0,1
New South Wales,NSW,Notamacropus rufogriseus,Red-necked Wallaby,Wallaby,-34.0,148.0,4
New South Wales,NSW,Notamacropus rufogriseus,Red-necked Wallaby,Wallaby,-34.0,148.25,1
New South Wales,NSW,Notamacropus rufogriseus,Red-necked Wallaby,Wallaby,-34.0,148.5,7
New South Wales,NSW,Notamacropus rufogriseus,Red-necked Wallaby,Wallaby,-34.0,149.0,1
New South Wales,NSW,Notamacropus rufogriseus,Red-necked Wallaby,Wallaby,-34.0,149.75,484
New South Wales,NSW,Notamacropus rufogriseus,Red-necked Wallaby,Wallaby,-34.0,150.0,6
New South Wales,NSW,Notamacropus rufogriseus,Red-necked Wallaby,Wallaby,-34.0,150.25,7
New South Wales,NSW,Notamacropus rufogriseus,Red-necked Wallaby,Wallaby,-34.0,150.5,15
New South Wales,NSW,Notamacropus rufogriseus,Red-necked Wallaby,Wallaby,-34.0,150.75,1
New South Wales,NSW,Notamacropus rufogriseus,Red-necked Wallaby,Wallaby,-34.0,151.0,2
New South Wales,NSW,Notamacropus rufogriseus,Red-necked Wallaby,Wallaby,-33.75,148.5,2
New South Wales,NSW,Notamacropus rufogriseus,Red-necked Wallaby,Wallaby,-33.75,149.25,1
New South Wales,NSW,Notamacropus rufogriseus,Red-necked Wallaby,Wallaby,-33.75,149.5,3
New South Wales,NSW,Notamacropus rufogriseus,Red-necked Wallaby,Wallaby,-33.75,149.75,4
New South Wales,NSW,Notamacropus rufogriseus,Red-necked Wallaby,Wallaby,-33.75,150.0,59
New South Wales,NSW,Notamacropus rufogriseus,Red-necked Wallaby,Wallaby,-33.75,150.25,41
New South Wales,NSW,Notamacropus rufogriseus,Red-necked Wallaby,Wallaby,-33.75,150.5,6
New South Wales,NSW,Notamacropus rufogriseus,Red-necked Wallaby,Wallaby,-33.75,150.75,5
New South Wales,NSW,Notamacropus rufogriseus,Red-necked Wallaby,Wallaby,-33.75,151.0,1
New South Wales,NSW,Notamacropus rufogriseus,Red-necked Wallaby,Wallaby,-33.75,151.25,1
New South Wales,NSW,Notamacropus rufogriseus,Red-necked Wallaby,Wallaby,-33.5,148.5,4
New South Wales,NSW,Notamacropus rufogriseus,Red-necked Wallaby,Wallaby,-33.5,149.0,1
New South Wales,NSW,Notamacropus rufogriseus,Red-necked Wallaby,Wallaby,-33.5,149.25,4
New South Wales,NSW,Notamacropus rufogriseus,Red-necked Wallaby,Wallaby,-33.5,149.5,11
New South Wales,NSW,Notamacropus rufogriseus,Red-necked Wallaby,Wallaby,-33.5,149.75,12
New South Wales,NSW,Notamacropus rufogriseus,Red-necked Wallaby,Wallaby,-33.5,150.0,23
New South Wales,NSW,Notamacropus rufogriseus,Red-necked Wallaby,Wallaby,-33.5,150.25,439
New South Wales,NSW,Notamacropus rufogriseus,Red-necked Wallaby,Wallaby,-33.5,150.5,1
New South Wales,NSW,Notamacropus rufogriseus,Red-necked Wallaby,Wallaby,-33.5,150.75,4
New South Wales,NSW,Notamacropus rufogriseus,Red-necked Wallaby,Wallaby,-33.5,151.0,1
New South Wales,NSW,Notamacropus rufogriseus,Red-necked Wallaby,Wallaby,-33.5,151.25,8
New South Wales,NSW,Notamacropus rufogriseus,Red-necked Wallaby,Wallaby,-33.5,151.5,7
New South Wales,NSW,Notamacropus rufogriseus,Red-necked Wallaby,Wallaby,-33.25,148.25,1
New South Wales,NSW,Notamacropus rufogriseus,Red-necked Wallaby,Wallaby,-33.25,148.5,3
New South Wales,NSW,Notamacropus rufogriseus,Red-necked Wallaby,Wallaby,-33.25,149.0,9
New South Wales,NSW,Notamacropus rufogriseus,Red-necked Wallaby,Wallaby,-33.25,149.25,17
New South Wales,NSW,Notamacropus rufogriseus,Red-necked Wallaby,Wallaby,-33.25,149.5,1
New South Wales,NSW,Notamacropus rufogriseus,Red-necked Wallaby,Wallaby,-33.25,149.75,4
New South Wales,NSW,Notamacropus rufogriseus,Red-necked Wallaby,Wallaby,-33.25,150.0,46
New South Wales,NSW,Notamacropus rufogriseus,Red-necked Wallaby,Wallaby,-33.25,150.25,101
New South Wales,NSW,Notamacropus rufogriseus,Red-necked Wallaby,Wallaby,-33.25,150.75,7
New South Wales,NSW,Notamacropus rufogriseus,Red-necked Wallaby,Wallaby,-33.25,151.25,56
New South Wales,NSW,Notamacropus rufogriseus,Red-necked Wallaby,Wallaby,-33.25,151.5,105
New South Wales,NSW,Notamacropus rufogriseus,Red-necked Wallaby,Wallaby,-33.0,148.5,5
New South Wales,NSW,Notamacropus rufogriseus,Red-necked Wallaby,Wallaby,-33.0,149.0,2
New South Wales,NSW,Notamacropus rufogriseus,Red-necked Wallaby,Wallaby,-33.0,149.25,1
New South Wales,NSW,Notamacropus rufogriseus,Red-necked Wallaby,Wallaby,-33.0,149.5,2
New South Wales,NSW,Notamacropus rufogriseus,Red-necked Wallaby,Wallaby,-33.0,149.75,6
New South Wales,NSW,Notamacropus rufogriseus,Red-necked Wallaby,Wallaby,-33.0,150.0,1769
New South Wales,NSW,Notamacropus rufogriseus,Red-necked Wallaby,Wallaby,-33.0,150.25,22
New South Wales,NSW,Notamacropus rufogriseus,Red-necked Wallaby,Wallaby,-33.0,150.75,8
New South Wales,NSW,Notamacropus rufogriseus,Red-necked Wallaby,Wallaby,-33.0,151.0,8
New South Wales,NSW,Notamacropus rufogriseus,Red-necked Wallaby,Wallaby,-33.0,151.25,22
New South Wales,NSW,Notamacropus rufogriseus,Red-necked Wallaby,Wallaby,-33.0,151.5,131
New South Wales,NSW,Notamacropus rufogriseus,Red-necked Wallaby,Wallaby,-33.0,151.75,9
New South Wales,NSW,Notamacropus rufogriseus,Red-necked Wallaby,Wallaby,-32.75,148.25,5
New South Wales,NSW,Notamacropus rufogriseus,Red-necked Wallaby,Wallaby,-32.75,149.0,2
New South Wales,NSW,Notamacropus rufogriseus,Red-necked Wallaby,Wallaby,-32.75,149.25,1
New South Wales,NSW,Notamacropus rufogriseus,Red-necked Wallaby,Wallaby,-32.75,149.5,14
New South Wales,NSW,Notamacropus rufogriseus,Red-necked Wallaby,Wallaby,-32.75,149.75,9
New South Wales,NSW,Notamacropus rufogriseus,Red-necked Wallaby,Wallaby,-32.75,150.0,14
New South Wales,NSW,Notamacropus rufogriseus,Red-necked Wallaby,Wallaby,-32.75,150.25,43
New South Wales,NSW,Notamacropus rufogriseus,Red-necked Wallaby,Wallaby,-32.75,150.75,2
New South Wales,NSW,Notamacropus rufogriseus,Red-necked Wallaby,Wallaby,-32.75,151.0,17
New South Wales,NSW,Notamacropus rufogriseus,Red-necked Wallaby,Wallaby,-32.75,151.25,88
New South Wales,NSW,Notamacropus rufogriseus,Red-necked Wallaby,Wallaby,-32.75,151.5,129
New South Wales,NSW,Notamacropus rufogriseus,Red-necked Wallaby,Wallaby,-32.75,151.75,113
New South Wales,NSW,Notamacropus rufogriseus,Red-necked Wallaby,Wallaby,-32.75,152.0,43
New South Wales,NSW,Notamacropus rufogriseus,Red-necked Wallaby,Wallaby,-32.75,152.25,34
New South Wales,NSW,Notamacropus rufogriseus,Red-necked Wallaby,Wallaby,-32.5,148.5,2
New South Wales,NSW,Notamacropus rufogriseus,Red-necked Wallaby,Wallaby,-32.5,148.75,1
New South Wales,NSW,Notamacropus rufogriseus,Red-necked Wallaby,Wallaby,-32.5,149.0,2
New South Wales,NSW,Notamacropus rufogriseus,Red-necked Wallaby,Wallaby,-32.5,149.25,1
New South Wales,NSW,Notamacropus rufogriseus,Red-necked Wallaby,Wallaby,-32.5,149.5,22
New South Wales,NSW,Notamacropus rufogriseus,Red-necked Wallaby,Wallaby,-32.5,149.75,64
New South Wales,NSW,Notamacropus rufogriseus,Red-necked Wallaby,Wallaby,-32.5,150.0,23
New South Wales,NSW,Notamacropus rufogriseus,Red-necked Wallaby,Wallaby,-32.5,150.5,21
New South Wales,NSW,Notamacropus rufogriseus,Red-necked Wallaby,Wallaby,-32.5,150.75,14
New South Wales,NSW,Notamacropus rufogriseus,Red-necked Wallaby,Wallaby,-32.5,151.0,51
New South Wales,NSW,Notamacropus rufogriseus,Red-necked Wallaby,Wallaby,-32.5,151.25,147
New South Wales,NSW,Notamacropus rufogriseus,Red-necked Wallaby,Wallaby,-32.5,151.5,55
New South Wales,NSW,Notamacropus rufogriseus,Red-necked Wallaby,Wallaby,-32.5,151.75,94
New South Wales,NSW,Notamacropus rufogriseus,Red-necked Wallaby,Wallaby,-32.5,152.0,40
New South Wales,NSW,Notamacropus rufogriseus,Red-necked Wallaby,Wallaby,-32.5,152.25,17
New South Wales,NSW,Notamacropus rufogriseus,Red-necked Wallaby,Wallaby,-32.5,152.5,4
New South Wales,NSW,Notamacropus rufogriseus,Red-necked Wallaby,Wallaby,-32.25,148.25,2
New South Wales,NSW,Notamacropus rufogriseus,Red-necked Wallaby,Wallaby,-32.25,148.5,12
New South Wales,NSW,Notamacropus rufogriseus,Red-necked Wallaby,Wallaby,-32.25,148.75,2
New South Wales,NSW,Notamacropus rufogriseus,Red-necked Wallaby,Wallaby,-32.25,149.25,14
New South Wales,NSW,Notamacropus rufogriseus,Red-necked Wallaby,Wallaby,-32.25,149.5,20
New South Wales,NSW,Notamacropus rufogriseus,Red-necked Wallaby,Wallaby,-32.25,149.75,85
New South Wales,NSW,Notamacropus rufogriseus,Red-necked Wallaby,Wallaby,-32.25,150.0,99
New South Wales,NSW,Notamacropus rufogriseus,Red-necked Wallaby,Wallaby,-32.25,150.25,21
New South Wales,NSW,Notamacropus rufogriseus,Red-necked Wallaby,Wallaby,-32.25,150.5,12
New South Wales,NSW,Notamacropus rufogriseus,Red-necked Wallaby,Wallaby,-32.25,150.75,59
New South Wales,NSW,Notamacropus rufogriseus,Red-necked Wallaby,Wallaby,-32.25,151.0,60
New South Wales,NSW,Notamacropus rufogriseus,Red-necked Wallaby,Wallaby,-32.25,151.25,3
New South Wales,NSW,Notamacropus rufogriseus,Red-necked Wallaby,Wallaby,-32.25,151.5,9
New South Wales,NSW,Notamacropus rufogriseus,Red-necked Wallaby,Wallaby,-32.25,151.75,57
New South Wales,NSW,Notamacropus rufogriseus,Red-necked Wallaby,Wallaby,-32.25,152.0,347
New South Wales,NSW,Notamacropus rufogriseus,Red-necked Wallaby,Wallaby,-32.25,152.25,47
New South Wales,NSW,Notamacropus rufogriseus,Red-necked Wallaby,Wallaby,-32.25,152.5,62
New South Wales,NSW,Notamacropus rufogriseus,Red-necked Wallaby,Wallaby,-32.0,148.75,2
New South Wales,NSW,Notamacropus rufogriseus,Red-necked Wallaby,Wallaby,-32.0,149.0,1
New South Wales,NSW,Notamacropus rufogriseus,Red-necked Wallaby,Wallaby,-32.0,150.0,34
New South Wales,NSW,Notamacropus rufogriseus,Red-necked Wallaby,Wallaby,-32.0,150.25,1
New South Wales,NSW,Notamacropus rufogriseus,Red-necked Wallaby,Wallaby,-32.0,150.75,16
New South Wales,NSW,Notamacropus rufogriseus,Red-necked Wallaby,Wallaby,-32.0,151.0,4
New South Wales,NSW,Notamacropus rufogriseus,Red-necked Wallaby,Wallaby,-32.0,151.25,3
New South Wales,NSW,Notamacropus rufogriseus,Red-necked Wallaby,Wallaby,-32.0,151.5,47
New South Wales,NSW,Notamacropus rufogriseus,Red-necked Wallaby,Wallaby,-32.0,151.75,30
New South Wales,NSW,Notamacropus rufogriseus,Red-necked Wallaby,Wallaby,-32.0,152.0,84
New South Wales,NSW,Notamacropus rufogriseus,Red-necked Wallaby,Wallaby,-32.0,152.25,86
New South Wales,NSW,Notamacropus rufogriseus,Red-necked Wallaby,Wallaby,-32.0,152.5,233
New South Wales,NSW,Notamacropus rufogriseus,Red-necked Wallaby,Wallaby,-31.75,148.75,1
New South Wales,NSW,Notamacropus rufogriseus,Red-necked Wallaby,Wallaby,-31.75,149.0,1
New South Wales,NSW,Notamacropus rufogriseus,Red-necked Wallaby,Wallaby,-31.75,149.25,1
New South Wales,NSW,Notamacropus rufogriseus,Red-necked Wallaby,Wallaby,-31.75,149.5,2
New South Wales,NSW,Notamacropus rufogriseus,Red-necked Wallaby,Wallaby,-31.75,150.0,50
New South Wales,NSW,Notamacropus rufogriseus,Red-necked Wallaby,Wallaby,-31.75,150.25,3
New South Wales,NSW,Notamacropus rufogriseus,Red-necked Wallaby,Wallaby,-31.75,150.75,8
New South Wales,NSW,Notamacropus rufogriseus,Red-necked Wallaby,Wallaby,-31.75,151.0,7
New South Wales,NSW,Notamacropus rufogriseus,Red-necked Wallaby,Wallaby,-31.75,151.5,14
New South Wales,NSW,Notamacropus rufogriseus,Red-necked Wallaby,Wallaby,-31.75,151.75,2
New South Wales,NSW,Notamacropus rufogriseus,Red-necked Wallaby,Wallaby,-31.75,152.0,4
New South Wales,NSW,Notamacropus rufogriseus,Red-necked Wallaby,Wallaby,-31.75,152.25,39
New South Wales,NSW,Notamacropus rufogriseus,Red-necked Wallaby,Wallaby,-31.75,152.5,111
New South Wales,NSW,Notamacropus rufogriseus,Red-necked Wallaby,Wallaby,-31.75,152.75,121
New South Wales,NSW,Notamacropus rufogriseus,Red-necked Wallaby,Wallaby,-31.5,148.5,1
New South Wales,NSW,Notamacropus rufogriseus,Red-necked Wallaby,Wallaby,-31.5,149.0,1
New South Wales,NSW,Notamacropus rufogriseus,Red-necked Wallaby,Wallaby,-31.5,149.75,1
New South Wales,NSW,Notamacropus rufogriseus,Red-necked Wallaby,Wallaby,-31.5,150.5,5
New South Wales,NSW,Notamacropus rufogriseus,Red-necked Wallaby,Wallaby,-31.5,150.75,228
New South Wales,NSW,Notamacropus rufogriseus,Red-necked Wallaby,Wallaby,-31.5,151.25,6
New South Wales,NSW,Notamacropus rufogriseus,Red-necked Wallaby,Wallaby,-31.5,151.5,3
New South Wales,NSW,Notamacropus rufogriseus,Red-necked Wallaby,Wallaby,-31.5,152.0,141
New South Wales,NSW,Notamacropus rufogriseus,Red-necked Wallaby,Wallaby,-31.5,152.25,5
New South Wales,NSW,Notamacropus rufogriseus,Red-necked Wallaby,Wallaby,-31.5,152.5,100
New South Wales,NSW,Notamacropus rufogriseus,Red-necked Wallaby,Wallaby,-31.5,152.75,245
New South Wales,NSW,Notamacropus rufogriseus,Red-necked Wallaby,Wallaby,-31.5,153.0,16
New South Wales,NSW,Notamacropus rufogriseus,Red-necked Wallaby,Wallaby,-31.25,149.0,9
New South Wales,NSW,Notamacropus rufogriseus,Red-necked Wallaby,Wallaby,-31.25,149.25,11
New South Wales,NSW,Notamacropus rufogriseus,Red-necked Wallaby,Wallaby,-31.25,149.75,1
New South Wales,NSW,Notamacropus rufogriseus,Red-necked Wallaby,Wallaby,-31.25,150.5,1
New South Wales,NSW,Notamacropus rufogriseus,Red-necked Wallaby,Wallaby,-31.25,151.0,3
New South Wales,NSW,Notamacropus rufogriseus,Red-necked Wallaby,Wallaby,-31.25,151.25,2
New South Wales,NSW,Notamacropus rufogriseus,Red-necked Wallaby,Wallaby,-31.25,151.75,10
New South Wales,NSW,Notamacropus rufogriseus,Red-necked Wallaby,Wallaby,-31.25,152.0,1
New South Wales,NSW,Notamacropus rufogriseus,Red-necked Wallaby,Wallaby,-31.25,152.25,1144
New South Wales,NSW,Notamacropus rufogriseus,Red-necked Wallaby,Wallaby,-31.25,152.5,12
New South Wales,NSW,Notamacropus rufogriseus,Red-necked Wallaby,Wallaby,-31.25,152.75,81
New South Wales,NSW,Notamacropus rufogriseus,Red-necked Wallaby,Wallaby,-31.25,153.0,36
New South Wales,NSW,Notamacropus rufogriseus,Red-necked Wallaby,Wallaby,-31.0,148.75,1
New South Wales,NSW,Notamacropus rufogriseus,Red-necked Wallaby,Wallaby,-31.0,149.0,10
New South Wales,NSW,Notamacropus rufogriseus,Red-necked Wallaby,Wallaby,-31.0,149.25,1
New South Wales,NSW,Notamacropus rufogriseus,Red-necked Wallaby,Wallaby,-31.0,150.0,98
New South Wales,NSW,Notamacropus rufogriseus,Red-necked Wallaby,Wallaby,-31.0,150.25,1
New South Wales,NSW,Notamacropus rufogriseus,Red-necked Wallaby,Wallaby,-31.0,150.75,2
New South Wales,NSW,Notamacropus rufogriseus,Red-necked Wallaby,Wallaby,-31.0,151.0,5
New South Wales,NSW,Notamacropus rufogriseus,Red-necked Wallaby,Wallaby,-31.0,151.5,9
New South Wales,NSW,Notamacropus rufogriseus,Red-necked Wallaby,Wallaby,-31.0,151.75,19
New South Wales,NSW,Notamacropus rufogriseus,Red-necked Wallaby,Wallaby,-31.0,152.0,250
New South Wales,NSW,Notamacropus rufogriseus,Red-necked Wallaby,Wallaby,-31.0,152.25,74
New South Wales,NSW,Notamacropus rufogriseus,Red-necked Wallaby,Wallaby,-31.0,152.5,11
New South Wales,NSW,Notamacropus rufogriseus,Red-necked Wallaby,Wallaby,-31.0,152.75,106
New South Wales,NSW,Notamacropus rufogriseus,Red-necked Wallaby,Wallaby,-31.0,153.0,14
New South Wales,NSW,Notamacropus rufogriseus,Red-necked Wallaby,Wallaby,-30.75,149.0,4
New South Wales,NSW,Notamacropus rufogriseus,Red-necked Wallaby,Wallaby,-30.75,149.25,15
New South Wales,NSW,Notamacropus rufogriseus,Red-necked Wallaby,Wallaby,-30.75,149.5,2
New South Wales,NSW,Notamacropus rufogriseus,Red-necked Wallaby,Wallaby,-30.75,149.75,71
New South Wales,NSW,Notamacropus rufogriseus,Red-necked Wallaby,Wallaby,-30.75,150.0,91
New South Wales,NSW,Notamacropus rufogriseus,Red-necked Wallaby,Wallaby,-30.75,150.25,137
New South Wales,NSW,Notamacropus rufogriseus,Red-necked Wallaby,Wallaby,-30.75,151.5,2
New South Wales,NSW,Notamacropus rufogriseus,Red-necked Wallaby,Wallaby,-30.75,151.75,16
New South Wales,NSW,Notamacropus rufogriseus,Red-necked Wallaby,Wallaby,-30.75,152.0,43
New South Wales,NSW,Notamacropus rufogriseus,Red-necked Wallaby,Wallaby,-30.75,152.25,1
New South Wales,NSW,Notamacropus rufogriseus,Red-necked Wallaby,Wallaby,-30.75,152.5,11
New South Wales,NSW,Notamacropus rufogriseus,Red-necked Wallaby,Wallaby,-30.75,152.75,71
New South Wales,NSW,Notamacropus rufogriseus,Red-necked Wallaby,Wallaby,-30.75,153.0,126
New South Wales,NSW,Notamacropus rufogriseus,Red-necked Wallaby,Wallaby,-30.5,149.25,1674
New South Wales,NSW,Notamacropus rufogriseus,Red-necked Wallaby,Wallaby,-30.5,149.5,4
New South Wales,NSW,Notamacropus rufogriseus,Red-necked Wallaby,Wallaby,-30.5,149.75,19
New South Wales,NSW,Notamacropus rufogriseus,Red-necked Wallaby,Wallaby,-30.5,150.0,39
New South Wales,NSW,Notamacropus rufogriseus,Red-necked Wallaby,Wallaby,-30.5,150.25,159
New South Wales,NSW,Notamacropus rufogriseus,Red-necked Wallaby,Wallaby,-30.5,150.5,4
New South Wales,NSW,Notamacropus rufogriseus,Red-necked Wallaby,Wallaby,-30.5,151.25,10
New South Wales,NSW,Notamacropus rufogriseus,Red-necked Wallaby,Wallaby,-30.5,151.5,27
New South Wales,NSW,Notamacropus rufogriseus,Red-necked Wallaby,Wallaby,-30.5,151.75,70
New South Wales,NSW,Notamacropus rufogriseus,Red-necked Wallaby,Wallaby,-30.5,152.0,17
New South Wales,NSW,Notamacropus rufogriseus,Red-necked Wallaby,Wallaby,-30.5,152.25,36
New South Wales,NSW,Notamacropus rufogriseus,Red-necked Wallaby,Wallaby,-30.5,152.5,6
New South Wales,NSW,Notamacropus rufogriseus,Red-necked Wallaby,Wallaby,-30.5,152.75,27
New South Wales,NSW,Notamacropus rufogriseus,Red-necked Wallaby,Wallaby,-30.5,153.0,62
New South Wales,NSW,Notamacropus rufogriseus,Red-necked Wallaby,Wallaby,-30.25,147.75,1
New South Wales,NSW,Notamacropus rufogriseus,Red-necked Wallaby,Wallaby,-30.25,149.75,1
New South Wales,NSW,Notamacropus rufogriseus,Red-necked Wallaby,Wallaby,-30.25,150.0,1
New South Wales,NSW,Notamacropus rufogriseus,Red-necked Wallaby,Wallaby,-30.25,150.25,4
New South Wales,NSW,Notamacropus rufogriseus,Red-necked Wallaby,Wallaby,-30.25,150.75,7
New South Wales,NSW,Notamacropus rufogriseus,Red-necked Wallaby,Wallaby,-30.25,151.75,2
New South Wales,NSW,Notamacropus rufogriseus,Red-necked Wallaby,Wallaby,-30.25,152.0,4
New South Wales,NSW,Notamacropus rufogriseus,Red-necked Wallaby,Wallaby,-30.25,152.25,3
New South Wales,NSW,Notamacropus rufogriseus,Red-necked Wallaby,Wallaby,-30.25,152.5,12
New South Wales,NSW,Notamacropus rufogriseus,Red-necked Wallaby,Wallaby,-30.25,152.75,12
New South Wales,NSW,Notamacropus rufogriseus,Red-necked Wallaby,Wallaby,-30.25,153.0,80
New South Wales,NSW,Notamacropus rufogriseus,Red-necked Wallaby,Wallaby,-30.25,153.25,42
New South Wales,NSW,Notamacropus rufogriseus,Red-necked Wallaby,Wallaby,-30.0,151.25,30
New South Wales,NSW,Notamacropus rufogriseus,Red-necked Wallaby,Wallaby,-30.0,151.5,4
New South Wales,NSW,Notamacropus rufogriseus,Red-necked Wallaby,Wallaby,-30.0,151.75,1
New South Wales,NSW,Notamacropus rufogriseus,Red-necked Wallaby,Wallaby,-30.0,152.0,11
New South Wales,NSW,Notamacropus rufogriseus,Red-necked Wallaby,Wallaby,-30.0,152.25,310
New South Wales,NSW,Notamacropus rufogriseus,Red-necked Wallaby,Wallaby,-30.0,152.75,15
New South Wales,NSW,Notamacropus rufogriseus,Red-necked Wallaby,Wallaby,-30.0,153.0,51
New South Wales,NSW,Notamacropus rufogriseus,Red-necked Wallaby,Wallaby,-30.0,153.25,12
New South Wales,NSW,Notamacropus rufogriseus,Red-necked Wallaby,Wallaby,-29.75,150.25,3
New South Wales,NSW,Notamacropus rufogriseus,Red-necked Wallaby,Wallaby,-29.75,151.0,7
New South Wales,NSW,Notamacropus rufogriseus,Red-necked Wallaby,Wallaby,-29.75,151.25,13
New South Wales,NSW,Notamacropus rufogriseus,Red-necked Wallaby,Wallaby,-29.75,151.5,1
New South Wales,NSW,Notamacropus rufogriseus,Red-necked Wallaby,Wallaby,-29.75,151.75,25
New South Wales,NSW,Notamacropus rufogriseus,Red-necked Wallaby,Wallaby,-29.75,152.0,14
New South Wales,NSW,Notamacropus rufogriseus,Red-necked Wallaby,Wallaby,-29.75,152.25,12
New South Wales,NSW,Notamacropus rufogriseus,Red-necked Wallaby,Wallaby,-29.75,152.75,38
New South Wales,NSW,Notamacropus rufogriseus,Red-necked Wallaby,Wallaby,-29.75,153.0,60
New South Wales,NSW,Notamacropus rufogriseus,Red-necked Wallaby,Wallaby,-29.75,153.25,21
New South Wales,NSW,Notamacropus rufogriseus,Red-necked Wallaby,Wallaby,-29.5,150.5,1
New South Wales,NSW,Notamacropus rufogriseus,Red-necked Wallaby,Wallaby,-29.5,151.0,2
New South Wales,NSW,Notamacropus rufogriseus,Red-necked Wallaby,Wallaby,-29.5,151.25,2
New South Wales,NSW,Notamacropus rufogriseus,Red-necked Wallaby,Wallaby,-29.5,151.5,19
New South Wales,NSW,Notamacropus rufogriseus,Red-necked Wallaby,Wallaby,-29.5,151.75,16
New South Wales,NSW,Notamacropus rufogriseus,Red-necked Wallaby,Wallaby,-29.5,152.0,29
New South Wales,NSW,Notamacropus rufogriseus,Red-necked Wallaby,Wallaby,-29.5,152.25,25
New South Wales,NSW,Notamacropus rufogriseus,Red-necked Wallaby,Wallaby,-29.5,152.75,38
New South Wales,NSW,Notamacropus rufogriseus,Red-necked Wallaby,Wallaby,-29.5,153.0,39
New South Wales,NSW,Notamacropus rufogriseus,Red-necked Wallaby,Wallaby,-29.5,153.25,176
New South Wales,NSW,Notamacropus rufogriseus,Red-necked Wallaby,Wallaby,-29.25,149.75,1
New South Wales,NSW,Notamacropus rufogriseus,Red-necked Wallaby,Wallaby,-29.25,150.75,4
New South Wales,NSW,Notamacropus rufogriseus,Red-necked Wallaby,Wallaby,-29.25,151.0,15
New South Wales,NSW,Notamacropus rufogriseus,Red-necked Wallaby,Wallaby,-29.25,151.5,1
New South Wales,NSW,Notamacropus rufogriseus,Red-necked Wallaby,Wallaby,-29.25,151.75,6
New South Wales,NSW,Notamacropus rufogriseus,Red-necked Wallaby,Wallaby,-29.25,152.0,8
New South Wales,NSW,Notamacropus rufogriseus,Red-necked Wallaby,Wallaby,-29.25,152.25,3
New South Wales,NSW,Notamacropus rufogriseus,Red-necked Wallaby,Wallaby,-29.25,153.0,10
New South Wales,NSW,Notamacropus rufogriseus,Red-necked Wallaby,Wallaby,-29.25,153.25,29
New South Wales,NSW,Notamacropus rufogriseus,Red-necked Wallaby,Wallaby,-29.0,150.75,3
New South Wales,NSW,Notamacropus rufogriseus,Red-necked Wallaby,Wallaby,-29.0,151.25,1
New South Wales,NSW,Notamacropus rufogriseus,Red-necked Wallaby,Wallaby,-29.0,151.75,3
New South Wales,NSW,Notamacropus rufogriseus,Red-necked Wallaby,Wallaby,-29.0,152.0,40
New South Wales,NSW,Notamacropus rufogriseus,Red-necked Wallaby,Wallaby,-29.0,152.25,3
New South Wales,NSW,Notamacropus rufogriseus,Red-necked Wallaby,Wallaby,-29.0,152.5,26
New South Wales,NSW,Notamacropus rufogriseus,Red-necked Wallaby,Wallaby,-29.0,152.75,15
New South Wales,NSW,Notamacropus rufogriseus,Red-necked Wallaby,Wallaby,-29.0,153.0,12
New South Wales,NSW,Notamacropus rufogriseus,Red-necked Wallaby,Wallaby,-29.0,153.25,34
New South Wales,NSW,Notamacropus rufogriseus,Red-necked Wallaby,Wallaby,-29.0,153.5,19
New South Wales,NSW,Notamacropus rufogriseus,Red-necked Wallaby,Wallaby,-28.75,152.0,49
New South Wales,NSW,Notamacropus rufogriseus,Red-necked Wallaby,Wallaby,-28.75,152.25,32
New South Wales,NSW,Notamacropus rufogriseus,Red-necked Wallaby,Wallaby,-28.75,152.5,14
New South Wales,NSW,Notamacropus rufogriseus,Red-necked Wallaby,Wallaby,-28.75,152.75,16
New South Wales,NSW,Notamacropus rufogriseus,Red-necked Wallaby,Wallaby,-28.75,153.0,106
New South Wales,NSW,Notamacropus rufogriseus,Red-necked Wallaby,Wallaby,-28.75,153.25,317
New South Wales,NSW,Notamacropus rufogriseus,Red-necked Wallaby,Wallaby,-28.75,153.5,121
New South Wales,NSW,Notamacropus rufogriseus,Red-necked Wallaby,Wallaby,-28.5,152.0,8
New South Wales,NSW,Notamacropus rufogriseus,Red-necked Wallaby,Wallaby,-28.5,152.25,8
New South Wales,NSW,Notamacropus rufogriseus,Red-necked Wallaby,Wallaby,-28.5,152.5,1
New South Wales,NSW,Notamacropus rufogriseus,Red-necked Wallaby,Wallaby,-28.5,152.75,14
New South Wales,NSW,Notamacropus rufogriseus,Red-necked Wallaby,Wallaby,-28.5,153.0,90
New South Wales,NSW,Notamacropus rufogriseus,Red-necked Wallaby,Wallaby,-28.5,153.25,222
New South Wales,NSW,Notamacropus rufogriseus,Red-necked Wallaby,Wallaby,-28.5,153.5,29
New South Wales,NSW,Notamacropus rufogriseus,Red-necked Wallaby,Wallaby,-28.25,152.5,1
New South Wales,NSW,Notamacropus rufogriseus,Red-necked Wallaby,Wallaby,-28.25,153.25,25
New South Wales,NSW,Notamacropus rufogriseus,Red-necked Wallaby,Wallaby,-28.25,153.5,39
New South Wales,NSW,Osphranter robustus,Common Wallaroo,Wallaroo,-36.5,148.75,1
New South Wales,NSW,Osphranter robustus,Common Wallaroo,Wallaroo,-36.25,148.0,1
New South Wales,NSW,Osphranter robustus,Common Wallaroo,Wallaroo,-36.25,148.75,15
New South Wales,NSW,Osphranter robustus,Common Wallaroo,Wallaroo,-36.25,149.0,7
New South Wales,NSW,Osphranter robustus,Common Wallaroo,Wallaroo,-36.25,149.25,5
New South Wales,NSW,Osphranter robustus,Common Wallaroo,Wallaroo,-36.0,149.0,2
New South Wales,NSW,Osphranter robustus,Common Wallaroo,Wallaroo,-36.0,149.25,1
New South Wales,NSW,Osphranter robustus,Common Wallaroo,Wallaroo,-35.75,149.25,1
New South Wales,NSW,Osphranter robustus,Common Wallaroo,Wallaroo,-35.75,149.5,1
New South Wales,NSW,Osphranter robustus,Common Wallaroo,Wallaroo,-35.5,147.25,1
New South Wales,NSW,Osphranter robustus,Common Wallaroo,Wallaroo,-35.5,147.5,1
New South Wales,NSW,Osphranter robustus,Common Wallaroo,Wallaroo,-35.5,149.25,16
New South Wales,NSW,Osphranter robustus,Common Wallaroo,Wallaroo,-35.5,149.5,1
New South Wales,NSW,Osphranter robustus,Common Wallaroo,Wallaroo,-35.25,146.25,1
New South Wales,NSW,Osphranter robustus,Common Wallaroo,Wallaroo,-35.25,147.5,1
New South Wales,NSW,Osphranter robustus,Common Wallaroo,Wallaroo,-35.25,148.0,1
New South Wales,NSW,Osphranter robustus,Common Wallaroo,Wallaroo,-35.25,148.25,2
New South Wales,NSW,Osphranter robustus,Common Wallaroo,Wallaroo,-35.25,149.0,1
New South Wales,NSW,Osphranter robustus,Common Wallaroo,Wallaroo,-35.25,149.25,9
New South Wales,NSW,Osphranter robustus,Common Wallaroo,Wallaroo,-35.25,149.5,6
New South Wales,NSW,Osphranter robustus,Common Wallaroo,Wallaroo,-35.0,147.25,7
New South Wales,NSW,Osphranter robustus,Common Wallaroo,Wallaroo,-35.0,148.5,2
New South Wales,NSW,Osphranter robustus,Common Wallaroo,Wallaroo,-35.0,148.75,2
New South Wales,NSW,Osphranter robustus,Common Wallaroo,Wallaroo,-35.0,149.0,5
New South Wales,NSW,Osphranter robustus,Common Wallaroo,Wallaroo,-35.0,149.25,1
New South Wales,NSW,Osphranter robustus,Common Wallaroo,Wallaroo,-35.0,149.5,1
New South Wales,NSW,Osphranter robustus,Common Wallaroo,Wallaroo,-35.0,150.0,1
New South Wales,NSW,Osphranter robustus,Common Wallaroo,Wallaroo,-35.0,150.5,1
New South Wales,NSW,Osphranter robustus,Common Wallaroo,Wallaroo,-34.75,146.5,1
New South Wales,NSW,Osphranter robustus,Common Wallaroo,Wallaroo,-34.75,146.75,1
New South Wales,NSW,Osphranter robustus,Common Wallaroo,Wallaroo,-34.75,147.75,1
New South Wales,NSW,Osphranter robustus,Common Wallaroo,Wallaroo,-34.75,148.75,3
New South Wales,NSW,Osphranter robustus,Common Wallaroo,Wallaroo,-34.75,149.0,8
New South Wales,NSW,Osphranter robustus,Common Wallaroo,Wallaroo,-34.75,149.25,1
New South Wales,NSW,Osphranter robustus,Common Wallaroo,Wallaroo,-34.75,149.5,1
New South Wales,NSW,Osphranter robustus,Common Wallaroo,Wallaroo,-34.75,149.75,8
New South Wales,NSW,Osphranter robustus,Common Wallaroo,Wallaroo,-34.75,150.0,5
New South Wales,NSW,Osphranter robustus,Common Wallaroo,Wallaroo,-34.75,150.25,7
New South Wales,NSW,Osphranter robustus,Common Wallaroo,Wallaroo,-34.75,150.5,45
New South Wales,NSW,Osphranter robustus,Common Wallaroo,Wallaroo,-34.75,150.75,2
New South Wales,NSW,Osphranter robustus,Common Wallaroo,Wallaroo,-34.5,146.5,1
New South Wales,NSW,Osphranter robustus,Common Wallaroo,Wallaroo,-34.5,148.25,2
New South Wales,NSW,Osphranter robustus,Common Wallaroo,Wallaroo,-34.5,148.5,1
New South Wales,NSW,Osphranter robustus,Common Wallaroo,Wallaroo,-34.5,149.5,2
New South Wales,NSW,Osphranter robustus,Common Wallaroo,Wallaroo,-34.5,149.75,5
New South Wales,NSW,Osphranter robustus,Common Wallaroo,Wallaroo,-34.5,150.0,5
New South Wales,NSW,Osphranter robustus,Common Wallaroo,Wallaroo,-34.5,150.25,3
New South Wales,NSW,Osphranter robustus,Common Wallaroo,Wallaroo,-34.5,150.5,17
New South Wales,NSW,Osphranter robustus,Common Wallaroo,Wallaroo,-34.5,150.75,6
New South Wales,NSW,Osphranter robustus,Common Wallaroo,Wallaroo,-34.5,151.0,2
New South Wales,NSW,Osphranter robustus,Common Wallaroo,Wallaroo,-34.25,146.0,2
New South Wales,NSW,Osphranter robustus,Common Wallaroo,Wallaroo,-34.25,146.25,4
New South Wales,NSW,Osphranter robustus,Common Wallaroo,Wallaroo,-34.25,148.0,1
New South Wales,NSW,Osphranter robustus,Common Wallaroo,Wallaroo,-34.25,148.25,7
New South Wales,NSW,Osphranter robustus,Common Wallaroo,Wallaroo,-34.25,148.5,6
New South Wales,NSW,Osphranter robustus,Common Wallaroo,Wallaroo,-34.25,148.75,10
New South Wales,NSW,Osphranter robustus,Common Wallaroo,Wallaroo,-34.25,149.0,1
New South Wales,NSW,Osphranter robustus,Common Wallaroo,Wallaroo,-34.25,149.75,4
New South Wales,NSW,Osphranter robustus,Common Wallaroo,Wallaroo,-34.25,150.0,2
New South Wales,NSW,Osphranter robustus,Common Wallaroo,Wallaroo,-34.25,150.25,39
New South Wales,NSW,Osphranter robustus,Common Wallaroo,Wallaroo,-34.25,150.5,103
New South Wales,NSW,Osphranter robustus,Common Wallaroo,Wallaroo,-34.25,150.75,93
New South Wales,NSW,Osphranter robustus,Common Wallaroo,Wallaroo,-34.25,151.0,1
New South Wales,NSW,Osphranter robustus,Common Wallaroo,Wallaroo,-34.0,141.75,2
New South Wales,NSW,Osphranter robustus,Common Wallaroo,Wallaroo,-34.0,146.0,1
New South Wales,NSW,Osphranter robustus,Common Wallaroo,Wallaroo,-34.0,146.25,5
New South Wales,NSW,Osphranter robustus,Common Wallaroo,Wallaroo,-34.0,148.25,1
New South Wales,NSW,Osphranter robustus,Common Wallaroo,Wallaroo,-34.0,148.5,3
New South Wales,NSW,Osphranter robustus,Common Wallaroo,Wallaroo,-34.0,148.75,1
New South Wales,NSW,Osphranter robustus,Common Wallaroo,Wallaroo,-34.0,149.0,6
New South Wales,NSW,Osphranter robustus,Common Wallaroo,Wallaroo,-34.0,149.5,1
New South Wales,NSW,Osphranter robustus,Common Wallaroo,Wallaroo,-34.0,149.75,47
New South Wales,NSW,Osphranter robustus,Common Wallaroo,Wallaroo,-34.0,150.5,60
New South Wales,NSW,Osphranter robustus,Common Wallaroo,Wallaroo,-34.0,150.75,206
New South Wales,NSW,Osphranter robustus,Common Wallaroo,Wallaroo,-34.0,151.0,24
New South Wales,NSW,Osphranter robustus,Common Wallaroo,Wallaroo,-33.75,141.75,1
New South Wales,NSW,Osphranter robustus,Common Wallaroo,Wallaroo,-33.75,147.75,1
New South Wales,NSW,Osphranter robustus,Common Wallaroo,Wallaroo,-33.75,148.5,5
New South Wales,NSW,Osphranter robustus,Common Wallaroo,Wallaroo,-33.75,148.75,5
New South Wales,NSW,Osphranter robustus,Common Wallaroo,Wallaroo,-33.75,149.0,3
New South Wales,NSW,Osphranter robustus,Common Wallaroo,Wallaroo,-33.75,149.25,2
New South Wales,NSW,Osphranter robustus,Common Wallaroo,Wallaroo,-33.75,149.5,1
New South Wales,NSW,Osphranter robustus,Common Wallaroo,Wallaroo,-33.75,149.75,7
New South Wales,NSW,Osphranter robustus,Common Wallaroo,Wallaroo,-33.75,150.0,7
New South Wales,NSW,Osphranter robustus,Common Wallaroo,Wallaroo,-33.75,150.25,7
New South Wales,NSW,Osphranter robustus,Common Wallaroo,Wallaroo,-33.75,150.5,8
New South Wales,NSW,Osphranter robustus,Common Wallaroo,Wallaroo,-33.75,150.75,81
New South Wales,NSW,Osphranter robustus,Common Wallaroo,Wallaroo,-33.75,151.0,7
New South Wales,NSW,Osphranter robustus,Common Wallaroo,Wallaroo,-33.75,151.25,3
New South Wales,NSW,Osphranter robustus,Common Wallaroo,Wallaroo,-33.5,141.75,1
New South Wales,NSW,Osphranter robustus,Common Wallaroo,Wallaroo,-33.5,147.75,1
New South Wales,NSW,Osphranter robustus,Common Wallaroo,Wallaroo,-33.5,148.0,3
New South Wales,NSW,Osphranter robustus,Common Wallaroo,Wallaroo,-33.5,148.5,6
New South Wales,NSW,Osphranter robustus,Common Wallaroo,Wallaroo,-33.5,148.75,2
New South Wales,NSW,Osphranter robustus,Common Wallaroo,Wallaroo,-33.5,149.0,25
New South Wales,NSW,Osphranter robustus,Common Wallaroo,Wallaroo,-33.5,149.25,69
New South Wales,NSW,Osphranter robustus,Common Wallaroo,Wallaroo,-33.5,149.5,19
New South Wales,NSW,Osphranter robustus,Common Wallaroo,Wallaroo,-33.5,149.75,9
New South Wales,NSW,Osphranter robustus,Common Wallaroo,Wallaroo,-33.5,150.0,28
New South Wales,NSW,Osphranter robustus,Common Wallaroo,Wallaroo,-33.5,150.25,17
New South Wales,NSW,Osphranter robustus,Common Wallaroo,Wallaroo,-33.5,150.5,4
New South Wales,NSW,Osphranter robustus,Common Wallaroo,Wallaroo,-33.5,150.75,18
New South Wales,NSW,Osphranter robustus,Common Wallaroo,Wallaroo,-33.5,151.0,6
New South Wales,NSW,Osphranter robustus,Common Wallaroo,Wallaroo,-33.5,151.25,1
New South Wales,NSW,Osphranter robustus,Common Wallaroo,Wallaroo,-33.25,141.0,1
New South Wales,NSW,Osphranter robustus,Common Wallaroo,Wallaroo,-33.25,141.75,1
New South Wales,NSW,Osphranter robustus,Common Wallaroo,Wallaroo,-33.25,145.75,1
New South Wales,NSW,Osphranter robustus,Common Wallaroo,Wallaroo,-33.25,148.0,1
New South Wales,NSW,Osphranter robustus,Common Wallaroo,Wallaroo,-33.25,148.25,1
New South Wales,NSW,Osphranter robustus,Common Wallaroo,Wallaroo,-33.25,148.5,1
New South Wales,NSW,Osphranter robustus,Common Wallaroo,Wallaroo,-33.25,148.75,3
New South Wales,NSW,Osphranter robustus,Common Wallaroo,Wallaroo,-33.25,149.0,12
New South Wales,NSW,Osphranter robustus,Common Wallaroo,Wallaroo,-33.25,149.25,10
New South Wales,NSW,Osphranter robustus,Common Wallaroo,Wallaroo,-33.25,149.5,12
New South Wales,NSW,Osphranter robustus,Common Wallaroo,Wallaroo,-33.25,149.75,6
New South Wales,NSW,Osphranter robustus,Common Wallaroo,Wallaroo,-33.25,150.0,11
New South Wales,NSW,Osphranter robustus,Common Wallaroo,Wallaroo,-33.25,150.25,3
New South Wales,NSW,Osphranter robustus,Common Wallaroo,Wallaroo,-33.25,150.75,2
New South Wales,NSW,Osphranter robustus,Common Wallaroo,Wallaroo,-33.25,151.0,19
New South Wales,NSW,Osphranter robustus,Common Wallaroo,Wallaroo,-33.25,151.25,16
New South Wales,NSW,Osphranter robustus,Common Wallaroo,Wallaroo,-33.25,151.5,1
New South Wales,NSW,Osphranter robustus,Common Wallaroo,Wallaroo,-33.0,147.5,1
New South Wales,NSW,Osphranter robustus,Common Wallaroo,Wallaroo,-33.0,148.75,1
New South Wales,NSW,Osphranter robustus,Common Wallaroo,Wallaroo,-33.0,149.25,1
New South Wales,NSW,Osphranter robustus,Common Wallaroo,Wallaroo,-33.0,149.5,7
New South Wales,NSW,Osphranter robustus,Common Wallaroo,Wallaroo,-33.0,149.75,4
New South Wales,NSW,Osphranter robustus,Common Wallaroo,Wallaroo,-33.0,150.0,912
New South Wales,NSW,Osphranter robustus,Common Wallaroo,Wallaroo,-33.0,150.25,13
New South Wales,NSW,Osphranter robustus,Common Wallaroo,Wallaroo,-33.0,150.75,4
New South Wales,NSW,Osphranter robustus,Common Wallaroo,Wallaroo,-33.0,151.0,4
New South Wales,NSW,Osphranter robustus,Common Wallaroo,Wallaroo,-33.0,151.25,16
New South Wales,NSW,Osphranter robustus,Common Wallaroo,Wallaroo,-33.0,151.5,11
New South Wales,NSW,Osphranter robustus,Common Wallaroo,Wallaroo,-32.75,148.5,2
New South Wales,NSW,Osphranter robustus,Common Wallaroo,Wallaroo,-32.75,149.0,4
New South Wales,NSW,Osphranter robustus,Common Wallaroo,Wallaroo,-32.75,149.5,4
New South Wales,NSW,Osphranter robustus,Common Wallaroo,Wallaroo,-32.75,149.75,3
New South Wales,NSW,Osphranter robustus,Common Wallaroo,Wallaroo,-32.75,150.0,6
New South Wales,NSW,Osphranter robustus,Common Wallaroo,Wallaroo,-32.75,150.25,1
New South Wales,NSW,Osphranter robustus,Common Wallaroo,Wallaroo,-32.75,150.75,2
New South Wales,NSW,Osphranter robustus,Common Wallaroo,Wallaroo,-32.75,151.25,9
New South Wales,NSW,Osphranter robustus,Common Wallaroo,Wallaroo,-32.75,151.5,4
New South Wales,NSW,Osphranter robustus,Common Wallaroo,Wallaroo,-32.75,151.75,1
New South Wales,NSW,Osphranter robustus,Common Wallaroo,Wallaroo,-32.5,142.25,2
New South Wales,NSW,Osphranter robustus,Common Wallaroo,Wallaroo,-32.5,145.5,1
New South Wales,NSW,Osphranter robustus,Common Wallaroo,Wallaroo,-32.5,148.5,1
New South Wales,NSW,Osphranter robustus,Common Wallaroo,Wallaroo,-32.5,148.75,1
New South Wales,NSW,Osphranter robustus,Common Wallaroo,Wallaroo,-32.5,149.0,6
New South Wales,NSW,Osphranter robustus,Common Wallaroo,Wallaroo,-32.5,149.5,18
New South Wales,NSW,Osphranter robustus,Common Wallaroo,Wallaroo,-32.5,149.75,22
New South Wales,NSW,Osphranter robustus,Common Wallaroo,Wallaroo,-32.5,150.0,17
New South Wales,NSW,Osphranter robustus,Common Wallaroo,Wallaroo,-32.5,150.5,1
New South Wales,NSW,Osphranter robustus,Common Wallaroo,Wallaroo,-32.5,150.75,11
New South Wales,NSW,Osphranter robustus,Common Wallaroo,Wallaroo,-32.5,151.0,8
New South Wales,NSW,Osphranter robustus,Common Wallaroo,Wallaroo,-32.5,151.25,7
New South Wales,NSW,Osphranter robustus,Common Wallaroo,Wallaroo,-32.5,151.5,2
New South Wales,NSW,Osphranter robustus,Common Wallaroo,Wallaroo,-32.5,151.75,2
New South Wales,NSW,Osphranter robustus,Common Wallaroo,Wallaroo,-32.25,141.5,2
New South Wales,NSW,Osphranter robustus,Common Wallaroo,Wallaroo,-32.25,142.5,1
New South Wales,NSW,Osphranter robustus,Common Wallaroo,Wallaroo,-32.25,148.5,18
New South Wales,NSW,Osphranter robustus,Common Wallaroo,Wallaroo,-32.25,148.75,7
New South Wales,NSW,Osphranter robustus,Common Wallaroo,Wallaroo,-32.25,149.5,2
New South Wales,NSW,Osphranter robustus,Common Wallaroo,Wallaroo,-32.25,149.75,28
New South Wales,NSW,Osphranter robustus,Common Wallaroo,Wallaroo,-32.25,150.0,89
New South Wales,NSW,Osphranter robustus,Common Wallaroo,Wallaroo,-32.25,150.25,13
New South Wales,NSW,Osphranter robustus,Common Wallaroo,Wallaroo,-32.25,150.5,4
New South Wales,NSW,Osphranter robustus,Common Wallaroo,Wallaroo,-32.25,150.75,12
New South Wales,NSW,Osphranter robustus,Common Wallaroo,Wallaroo,-32.25,151.0,11
New South Wales,NSW,Osphranter robustus,Common Wallaroo,Wallaroo,-32.25,151.5,1
New South Wales,NSW,Osphranter robustus,Common Wallaroo,Wallaroo,-32.25,151.75,2
New South Wales,NSW,Osphranter robustus,Common Wallaroo,Wallaroo,-32.25,152.0,9
New South Wales,NSW,Osphranter robustus,Common Wallaroo,Wallaroo,-32.0,141.5,55
New South Wales,NSW,Osphranter robustus,Common Wallaroo,Wallaroo,-32.0,141.75,1
New South Wales,NSW,Osphranter robustus,Common Wallaroo,Wallaroo,-32.0,146.25,1
New South Wales,NSW,Osphranter robustus,Common Wallaroo,Wallaroo,-32.0,149.5,1
New South Wales,NSW,Osphranter robustus,Common Wallaroo,Wallaroo,-32.0,149.75,2
New South Wales,NSW,Osphranter robustus,Common Wallaroo,Wallaroo,-32.0,150.0,6
New South Wales,NSW,Osphranter robustus,Common Wallaroo,Wallaroo,-32.0,150.25,5
New South Wales,NSW,Osphranter robustus,Common Wallaroo,Wallaroo,-32.0,150.5,4
New South Wales,NSW,Osphranter robustus,Common Wallaroo,Wallaroo,-32.0,150.75,18
New South Wales,NSW,Osphranter robustus,Common Wallaroo,Wallaroo,-32.0,151.0,4
New South Wales,NSW,Osphranter robustus,Common Wallaroo,Wallaroo,-32.0,151.25,2
New South Wales,NSW,Osphranter robustus,Common Wallaroo,Wallaroo,-32.0,152.0,2
New South Wales,NSW,Osphranter robustus,Common Wallaroo,Wallaroo,-31.75,141.25,5
New South Wales,NSW,Osphranter robustus,Common Wallaroo,Wallaroo,-31.75,141.5,1
New South Wales,NSW,Osphranter robustus,Common Wallaroo,Wallaroo,-31.75,148.75,1
New South Wales,NSW,Osphranter robustus,Common Wallaroo,Wallaroo,-31.75,149.0,1
New South Wales,NSW,Osphranter robustus,Common Wallaroo,Wallaroo,-31.75,149.25,2
New South Wales,NSW,Osphranter robustus,Common Wallaroo,Wallaroo,-31.75,149.5,3
New South Wales,NSW,Osphranter robustus,Common Wallaroo,Wallaroo,-31.75,149.75,2
New South Wales,NSW,Osphranter robustus,Common Wallaroo,Wallaroo,-31.75,150.0,1
New South Wales,NSW,Osphranter robustus,Common Wallaroo,Wallaroo,-31.75,150.25,1
New South Wales,NSW,Osphranter robustus,Common Wallaroo,Wallaroo,-31.75,150.75,3
New South Wales,NSW,Osphranter robustus,Common Wallaroo,Wallaroo,-31.75,151.0,5
New South Wales,NSW,Osphranter robustus,Common Wallaroo,Wallaroo,-31.75,151.25,2
New South Wales,NSW,Osphranter robustus,Common Wallaroo,Wallaroo,-31.75,152.0,2
New South Wales,NSW,Osphranter robustus,Common Wallaroo,Wallaroo,-31.75,152.5,1
New South Wales,NSW,Osphranter robustus,Common Wallaroo,Wallaroo,-31.5,143.75,1
New South Wales,NSW,Osphranter robustus,Common Wallaroo,Wallaroo,-31.5,144.5,1
New South Wales,NSW,Osphranter robustus,Common Wallaroo,Wallaroo,-31.5,149.0,2
New South Wales,NSW,Osphranter robustus,Common Wallaroo,Wallaroo,-31.5,149.5,1
New South Wales,NSW,Osphranter robustus,Common Wallaroo,Wallaroo,-31.5,149.75,1
New South Wales,NSW,Osphranter robustus,Common Wallaroo,Wallaroo,-31.5,150.0,1
New South Wales,NSW,Osphranter robustus,Common Wallaroo,Wallaroo,-31.5,150.25,1
New South Wales,NSW,Osphranter robustus,Common Wallaroo,Wallaroo,-31.5,150.5,1
New South Wales,NSW,Osphranter robustus,Common Wallaroo,Wallaroo,-31.5,150.75,217
New South Wales,NSW,Osphranter robustus,Common Wallaroo,Wallaroo,-31.5,151.0,1
New South Wales,NSW,Osphranter robustus,Common Wallaroo,Wallaroo,-31.5,151.25,5
New South Wales,NSW,Osphranter robustus,Common Wallaroo,Wallaroo,-31.25,142.25,14
New South Wales,NSW,Osphranter robustus,Common Wallaroo,Wallaroo,-31.25,143.75,1
New South Wales,NSW,Osphranter robustus,Common Wallaroo,Wallaroo,-31.25,147.0,1
New South Wales,NSW,Osphranter robustus,Common Wallaroo,Wallaroo,-31.25,149.0,14
New South Wales,NSW,Osphranter robustus,Common Wallaroo,Wallaroo,-31.25,149.25,8
New South Wales,NSW,Osphranter robustus,Common Wallaroo,Wallaroo,-31.25,149.5,1
New South Wales,NSW,Osphranter robustus,Common Wallaroo,Wallaroo,-31.25,149.75,1
New South Wales,NSW,Osphranter robustus,Common Wallaroo,Wallaroo,-31.25,150.25,1
New South Wales,NSW,Osphranter robustus,Common Wallaroo,Wallaroo,-31.25,150.5,3
New South Wales,NSW,Osphranter robustus,Common Wallaroo,Wallaroo,-31.25,150.75,1
New South Wales,NSW,Osphranter robustus,Common Wallaroo,Wallaroo,-31.25,151.0,4
New South Wales,NSW,Osphranter robustus,Common Wallaroo,Wallaroo,-31.25,151.25,4
New South Wales,NSW,Osphranter robustus,Common Wallaroo,Wallaroo,-31.0,141.75,5
New South Wales,NSW,Osphranter robustus,Common Wallaroo,Wallaroo,-31.0,149.0,6
New South Wales,NSW,Osphranter robustus,Common Wallaroo,Wallaroo,-31.0,150.0,106
New South Wales,NSW,Osphranter robustus,Common Wallaroo,Wallaroo,-31.0,150.25,11
New South Wales,NSW,Osphranter robustus,Common Wallaroo,Wallaroo,-31.0,150.75,6
New South Wales,NSW,Osphranter robustus,Common Wallaroo,Wallaroo,-31.0,151.0,14
New South Wales,NSW,Osphranter robustus,Common Wallaroo,Wallaroo,-31.0,152.0,2
New South Wales,NSW,Osphranter robustus,Common Wallaroo,Wallaroo,-31.0,152.25,3
New South Wales,NSW,Osphranter robustus,Common Wallaroo,Wallaroo,-31.0,152.75,1
New South Wales,NSW,Osphranter robustus,Common Wallaroo,Wallaroo,-30.75,142.5,2
New South Wales,NSW,Osphranter robustus,Common Wallaroo,Wallaroo,-30.75,145.0,1
New South Wales,NSW,Osphranter robustus,Common Wallaroo,Wallaroo,-30.75,145.75,3
New South Wales,NSW,Osphranter robustus,Common Wallaroo,Wallaroo,-30.75,149.75,17
New South Wales,NSW,Osphranter robustus,Common Wallaroo,Wallaroo,-30.75,150.0,44
New South Wales,NSW,Osphranter robustus,Common Wallaroo,Wallaroo,-30.75,150.25,917
New South Wales,NSW,Osphranter robustus,Common Wallaroo,Wallaroo,-30.75,150.5,2
New South Wales,NSW,Osphranter robustus,Common Wallaroo,Wallaroo,-30.75,150.75,1
New South Wales,NSW,Osphranter robustus,Common Wallaroo,Wallaroo,-30.75,151.5,7
New South Wales,NSW,Osphranter robustus,Common Wallaroo,Wallaroo,-30.75,151.75,4
New South Wales,NSW,Osphranter robustus,Common Wallaroo,Wallaroo,-30.5,149.0,1
New South Wales,NSW,Osphranter robustus,Common Wallaroo,Wallaroo,-30.5,149.25,10
New South Wales,NSW,Osphranter robustus,Common Wallaroo,Wallaroo,-30.5,149.75,36
New South Wales,NSW,Osphranter robustus,Common Wallaroo,Wallaroo,-30.5,150.0,185
New South Wales,NSW,Osphranter robustus,Common Wallaroo,Wallaroo,-30.5,150.25,916
New South Wales,NSW,Osphranter robustus,Common Wallaroo,Wallaroo,-30.5,150.5,251
New South Wales,NSW,Osphranter robustus,Common Wallaroo,Wallaroo,-30.5,150.75,4
New South Wales,NSW,Osphranter robustus,Common Wallaroo,Wallaroo,-30.5,151.0,2
New South Wales,NSW,Osphranter robustus,Common Wallaroo,Wallaroo,-30.5,151.25,3
New South Wales,NSW,Osphranter robustus,Common Wallaroo,Wallaroo,-30.5,151.5,15
New South Wales,NSW,Osphranter robustus,Common Wallaroo,Wallaroo,-30.5,151.75,57
New South Wales,NSW,Osphranter robustus,Common Wallaroo,Wallaroo,-30.5,152.0,10
New South Wales,NSW,Osphranter robustus,Common Wallaroo,Wallaroo,-30.5,152.25,6
New South Wales,NSW,Osphranter robustus,Common Wallaroo,Wallaroo,-30.25,146.25,2
New South Wales,NSW,Osphranter robustus,Common Wallaroo,Wallaroo,-30.25,150.0,10
New South Wales,NSW,Osphranter robustus,Common Wallaroo,Wallaroo,-30.25,150.25,268
New South Wales,NSW,Osphranter robustus,Common Wallaroo,Wallaroo,-30.25,150.75,572
New South Wales,NSW,Osphranter robustus,Common Wallaroo,Wallaroo,-30.25,151.0,6
New South Wales,NSW,Osphranter robustus,Common Wallaroo,Wallaroo,-30.25,151.25,5
New South Wales,NSW,Osphranter robustus,Common Wallaroo,Wallaroo,-30.25,151.5,2
New South Wales,NSW,Osphranter robustus,Common Wallaroo,Wallaroo,-30.25,151.75,4
New South Wales,NSW,Osphranter robustus,Common Wallaroo,Wallaroo,-30.25,152.0,1
New South Wales,NSW,Osphranter robustus,Common Wallaroo,Wallaroo,-30.25,152.25,3
New South Wales,NSW,Osphranter robustus,Common Wallaroo,Wallaroo,-30.25,152.75,2
New South Wales,NSW,Osphranter robustus,Common Wallaroo,Wallaroo,-30.25,153.0,1
New South Wales,NSW,Osphranter robustus,Common Wallaroo,Wallaroo,-30.25,153.25,1
New South Wales,NSW,Osphranter robustus,Common Wallaroo,Wallaroo,-30.0,150.0,1
New South Wales,NSW,Osphranter robustus,Common Wallaroo,Wallaroo,-30.0,150.25,4
New South Wales,NSW,Osphranter robustus,Common Wallaroo,Wallaroo,-30.0,150.5,5
New South Wales,NSW,Osphranter robustus,Common Wallaroo,Wallaroo,-30.0,150.75,2
New South Wales,NSW,Osphranter robustus,Common Wallaroo,Wallaroo,-30.0,151.0,4
New South Wales,NSW,Osphranter robustus,Common Wallaroo,Wallaroo,-30.0,151.25,21
New South Wales,NSW,Osphranter robustus,Common Wallaroo,Wallaroo,-30.0,151.5,4
New South Wales,NSW,Osphranter robustus,Common Wallaroo,Wallaroo,-30.0,151.75,1
New South Wales,NSW,Osphranter robustus,Common Wallaroo,Wallaroo,-30.0,152.0,5
New South Wales,NSW,Osphranter robustus,Common Wallaroo,Wallaroo,-30.0,152.25,11
New South Wales,NSW,Osphranter robustus,Common Wallaroo,Wallaroo,-30.0,153.0,1
New South Wales,NSW,Osphranter robustus,Common Wallaroo,Wallaroo,-29.75,142.0,2
New South Wales,NSW,Osphranter robustus,Common Wallaroo,Wallaroo,-29.75,150.25,2
New South Wales,NSW,Osphranter robustus,Common Wallaroo,Wallaroo,-29.75,150.5,8
New South Wales,NSW,Osphranter robustus,Common Wallaroo,Wallaroo,-29.75,151.0,9
New South Wales,NSW,Osphranter robustus,Common Wallaroo,Wallaroo,-29.75,151.25,21
New South Wales,NSW,Osphranter robustus,Common Wallaroo,Wallaroo,-29.75,151.5,2
New South Wales,NSW,Osphranter robustus,Common Wallaroo,Wallaroo,-29.75,151.75,9
New South Wales,NSW,Osphranter robustus,Common Wallaroo,Wallaroo,-29.75,152.0,3
New South Wales,NSW,Osphranter robustus,Common Wallaroo,Wallaroo,-29.75,152.25,2
New South Wales,NSW,Osphranter robustus,Common Wallaroo,Wallaroo,-29.75,152.75,2
New South Wales,NSW,Osphranter robustus,Common Wallaroo,Wallaroo,-29.75,153.0,1
New South Wales,NSW,Osphranter robustus,Common Wallaroo,Wallaroo,-29.5,142.0,4
New South Wales,NSW,Osphranter robustus,Common Wallaroo,Wallaroo,-29.5,142.25,3
New South Wales,NSW,Osphranter robustus,Common Wallaroo,Wallaroo,-29.5,151.0,1
New South Wales,NSW,Osphranter robustus,Common Wallaroo,Wallaroo,-29.5,151.25,4
New South Wales,NSW,Osphranter robustus,Common Wallaroo,Wallaroo,-29.5,151.5,9
New South Wales,NSW,Osphranter robustus,Common Wallaroo,Wallaroo,-29.5,151.75,15
New South Wales,NSW,Osphranter robustus,Common Wallaroo,Wallaroo,-29.5,152.0,12
New South Wales,NSW,Osphranter robustus,Common Wallaroo,Wallaroo,-29.5,152.75,2
New South Wales,NSW,Osphranter robustus,Common Wallaroo,Wallaroo,-29.5,153.0,1
New South Wales,NSW,Osphranter robustus,Common Wallaroo,Wallaroo,-29.25,141.0,1
New South Wales,NSW,Osphranter robustus,Common Wallaroo,Wallaroo,-29.25,150.0,1
New South Wales,NSW,Osphranter robustus,Common Wallaroo,Wallaroo,-29.25,150.75,13
New South Wales,NSW,Osphranter robustus,Common Wallaroo,Wallaroo,-29.25,151.0,14
New South Wales,NSW,Osphranter robustus,Common Wallaroo,Wallaroo,-29.25,151.5,1
New South Wales,NSW,Osphranter robustus,Common Wallaroo,Wallaroo,-29.25,151.75,8
New South Wales,NSW,Osphranter robustus,Common Wallaroo,Wallaroo,-29.25,152.0,13
New South Wales,NSW,Osphranter robustus,Common Wallaroo,Wallaroo,-29.25,152.25,1
New South Wales,NSW,Osphranter robustus,Common Wallaroo,Wallaroo,-29.0,141.0,1
New South Wales,NSW,Osphranter robustus,Common Wallaroo,Wallaroo,-29.0,150.75,4
New South Wales,NSW,Osphranter robustus,Common Wallaroo,Wallaroo,-29.0,151.75,5
New South Wales,NSW,Osphranter robustus,Common Wallaroo,Wallaroo,-29.0,152.0,21
New South Wales,NSW,Osphranter robustus,Common Wallaroo,Wallaroo,-28.75,150.75,2
New South Wales,NSW,Osphranter robustus,Common Wallaroo,Wallaroo,-28.75,152.75,2
New South Wales,NSW,Osphranter rufus,Red Kangaroo,Kangaroo,-35.5,145.0,2
New South Wales,NSW,Osphranter rufus,Red Kangaroo,Kangaroo,-35.5,145.25,1
New South Wales,NSW,Osphranter rufus,Red Kangaroo,Kangaroo,-35.5,147.0,1
New South Wales,NSW,Osphranter rufus,Red Kangaroo,Kangaroo,-35.25,144.75,3
New South Wales,NSW,Osphranter rufus,Red Kangaroo,Kangaroo,-35.25,145.0,1
New South Wales,NSW,Osphranter rufus,Red Kangaroo,Kangaroo,-35.25,145.25,2
New South Wales,NSW,Osphranter rufus,Red Kangaroo,Kangaroo,-35.25,145.75,2
New South Wales,NSW,Osphranter rufus,Red Kangaroo,Kangaroo,-35.25,146.25,1
New South Wales,NSW,Osphranter rufus,Red Kangaroo,Kangaroo,-35.0,144.5,1
New South Wales,NSW,Osphranter rufus,Red Kangaroo,Kangaroo,-35.0,144.75,4
New South Wales,NSW,Osphranter rufus,Red Kangaroo,Kangaroo,-35.0,145.0,2
New South Wales,NSW,Osphranter rufus,Red Kangaroo,Kangaroo,-35.0,145.75,5
New South Wales,NSW,Osphranter rufus,Red Kangaroo,Kangaroo,-34.75,143.25,2
New South Wales,NSW,Osphranter rufus,Red Kangaroo,Kangaroo,-34.75,143.75,2
New South Wales,NSW,Osphranter rufus,Red Kangaroo,Kangaroo,-34.75,144.25,2
New South Wales,NSW,Osphranter rufus,Red Kangaroo,Kangaroo,-34.75,145.0,1
New South Wales,NSW,Osphranter rufus,Red Kangaroo,Kangaroo,-34.75,145.25,4
New South Wales,NSW,Osphranter rufus,Red Kangaroo,Kangaroo,-34.75,146.25,2
New South Wales,NSW,Osphranter rufus,Red Kangaroo,Kangaroo,-34.5,142.5,2
New South Wales,NSW,Osphranter rufus,Red Kangaroo,Kangaroo,-34.5,143.0,1
New South Wales,NSW,Osphranter rufus,Red Kangaroo,Kangaroo,-34.5,143.75,1
New South Wales,NSW,Osphranter rufus,Red Kangaroo,Kangaroo,-34.5,144.5,2
New South Wales,NSW,Osphranter rufus,Red Kangaroo,Kangaroo,-34.5,144.75,4
New South Wales,NSW,Osphranter rufus,Red Kangaroo,Kangaroo,-34.5,145.25,2
New South Wales,NSW,Osphranter rufus,Red Kangaroo,Kangaroo,-34.5,145.5,3
New South Wales,NSW,Osphranter rufus,Red Kangaroo,Kangaroo,-34.5,146.0,1
New South Wales,NSW,Osphranter rufus,Red Kangaroo,Kangaroo,-34.5,146.25,1
New South Wales,NSW,Osphranter rufus,Red Kangaroo,Kangaroo,-34.25,142.25,19
New South Wales,NSW,Osphranter rufus,Red Kangaroo,Kangaroo,-34.25,142.5,844
New South Wales,NSW,Osphranter rufus,Red Kangaroo,Kangaroo,-34.25,142.75,1718
New South Wales,NSW,Osphranter rufus,Red Kangaroo,Kangaroo,-34.25,143.5,1
New South Wales,NSW,Osphranter rufus,Red Kangaroo,Kangaroo,-34.25,144.25,1
New South Wales,NSW,Osphranter rufus,Red Kangaroo,Kangaroo,-34.25,144.5,2
New South Wales,NSW,Osphranter rufus,Red Kangaroo,Kangaroo,-34.25,146.0,6
New South Wales,NSW,Osphranter rufus,Red Kangaroo,Kangaroo,-34.0,141.25,10
New South Wales,NSW,Osphranter rufus,Red Kangaroo,Kangaroo,-34.0,141.5,8
New South Wales,NSW,Osphranter rufus,Red Kangaroo,Kangaroo,-34.0,141.75,16
New South Wales,NSW,Osphranter rufus,Red Kangaroo,Kangaroo,-34.0,142.0,10
New South Wales,NSW,Osphranter rufus,Red Kangaroo,Kangaroo,-34.0,142.25,1
New South Wales,NSW,Osphranter rufus,Red Kangaroo,Kangaroo,-34.0,142.5,23
New South Wales,NSW,Osphranter rufus,Red Kangaroo,Kangaroo,-34.0,143.25,1
New South Wales,NSW,Osphranter rufus,Red Kangaroo,Kangaroo,-34.0,145.0,1
New South Wales,NSW,Osphranter rufus,Red Kangaroo,Kangaroo,-34.0,145.5,1
New South Wales,NSW,Osphranter rufus,Red Kangaroo,Kangaroo,-34.0,145.75,1
New South Wales,NSW,Osphranter rufus,Red Kangaroo,Kangaroo,-34.0,147.0,1
New South Wales,NSW,Osphranter rufus,Red Kangaroo,Kangaroo,-33.75,141.25,3
New South Wales,NSW,Osphranter rufus,Red Kangaroo,Kangaroo,-33.75,141.5,2
New South Wales,NSW,Osphranter rufus,Red Kangaroo,Kangaroo,-33.75,142.75,1
New South Wales,NSW,Osphranter rufus,Red Kangaroo,Kangaroo,-33.75,143.0,11
New South Wales,NSW,Osphranter rufus,Red Kangaroo,Kangaroo,-33.75,143.25,5
New South Wales,NSW,Osphranter rufus,Red Kangaroo,Kangaroo,-33.75,146.25,1
New South Wales,NSW,Osphranter rufus,Red Kangaroo,Kangaroo,-33.5,141.25,1
New South Wales,NSW,Osphranter rufus,Red Kangaroo,Kangaroo,-33.5,141.5,1
New South Wales,NSW,Osphranter rufus,Red Kangaroo,Kangaroo,-33.5,141.75,4
New South Wales,NSW,Osphranter rufus,Red Kangaroo,Kangaroo,-33.5,142.5,2
New South Wales,NSW,Osphranter rufus,Red Kangaroo,Kangaroo,-33.5,143.0,1
New South Wales,NSW,Osphranter rufus,Red Kangaroo,Kangaroo,-33.5,144.75,2
New South Wales,NSW,Osphranter rufus,Red Kangaroo,Kangaroo,-33.25,141.0,1
New South Wales,NSW,Osphranter rufus,Red Kangaroo,Kangaroo,-33.25,141.25,10
New South Wales,NSW,Osphranter rufus,Red Kangaroo,Kangaroo,-33.25,141.5,1
New South Wales,NSW,Osphranter rufus,Red Kangaroo,Kangaroo,-33.25,143.25,1
New South Wales,NSW,Osphranter rufus,Red Kangaroo,Kangaroo,-33.25,145.0,1
New South Wales,NSW,Osphranter rufus,Red Kangaroo,Kangaroo,-33.25,145.5,1
New South Wales,NSW,Osphranter rufus,Red Kangaroo,Kangaroo,-33.25,146.25,1
New South Wales,NSW,Osphranter rufus,Red Kangaroo,Kangaroo,-33.0,141.25,1
New South Wales,NSW,Osphranter rufus,Red Kangaroo,Kangaroo,-33.0,144.25,2
New South Wales,NSW,Osphranter rufus,Red Kangaroo,Kangaroo,-32.75,141.5,1
New South Wales,NSW,Osphranter rufus,Red Kangaroo,Kangaroo,-32.75,145.5,3
New South Wales,NSW,Osphranter rufus,Red Kangaroo,Kangaroo,-32.75,145.75,3
New South Wales,NSW,Osphranter rufus,Red Kangaroo,Kangaroo,-32.75,147.75,1
New South Wales,NSW,Osphranter rufus,Red Kangaroo,Kangaroo,-32.5,141.25,2
New South Wales,NSW,Osphranter rufus,Red Kangaroo,Kangaroo,-32.5,141.5,1
New South Wales,NSW,Osphranter rufus,Red Kangaroo,Kangaroo,-32.5,142.25,26
New South Wales,NSW,Osphranter rufus,Red Kangaroo,Kangaroo,-32.5,142.5,2
New South Wales,NSW,Osphranter rufus,Red Kangaroo,Kangaroo,-32.5,145.5,29
New South Wales,NSW,Osphranter rufus,Red Kangaroo,Kangaroo,-32.5,145.75,12
New South Wales,NSW,Osphranter rufus,Red Kangaroo,Kangaroo,-32.5,146.0,1
New South Wales,NSW,Osphranter rufus,Red Kangaroo,Kangaroo,-32.25,141.5,9
New South Wales,NSW,Osphranter rufus,Red Kangaroo,Kangaroo,-32.25,142.0,1
New South Wales,NSW,Osphranter rufus,Red Kangaroo,Kangaroo,-32.25,142.25,7
New South Wales,NSW,Osphranter rufus,Red Kangaroo,Kangaroo,-32.25,142.5,1
New South Wales,NSW,Osphranter rufus,Red Kangaroo,Kangaroo,-32.25,148.5,1
New South Wales,NSW,Osphranter rufus,Red Kangaroo,Kangaroo,-32.0,141.0,2
New South Wales,NSW,Osphranter rufus,Red Kangaroo,Kangaroo,-32.0,141.25,17
New South Wales,NSW,Osphranter rufus,Red Kangaroo,Kangaroo,-32.0,141.5,43
New South Wales,NSW,Osphranter rufus,Red Kangaroo,Kangaroo,-32.0,141.75,16
New South Wales,NSW,Osphranter rufus,Red Kangaroo,Kangaroo,-32.0,142.0,2
New South Wales,NSW,Osphranter rufus,Red Kangaroo,Kangaroo,-32.0,142.75,1
New South Wales,NSW,Osphranter rufus,Red Kangaroo,Kangaroo,-32.0,148.75,1
New South Wales,NSW,Osphranter rufus,Red Kangaroo,Kangaroo,-31.75,141.25,3
New South Wales,NSW,Osphranter rufus,Red Kangaroo,Kangaroo,-31.75,141.5,7
New South Wales,NSW,Osphranter rufus,Red Kangaroo,Kangaroo,-31.75,142.0,1
New South Wales,NSW,Osphranter rufus,Red Kangaroo,Kangaroo,-31.75,142.25,1
New South Wales,NSW,Osphranter rufus,Red Kangaroo,Kangaroo,-31.75,142.5,1
New South Wales,NSW,Osphranter rufus,Red Kangaroo,Kangaroo,-31.75,143.5,1
New South Wales,NSW,Osphranter rufus,Red Kangaroo,Kangaroo,-31.75,143.75,6
New South Wales,NSW,Osphranter rufus,Red Kangaroo,Kangaroo,-31.75,144.25,47
New South Wales,NSW,Osphranter rufus,Red Kangaroo,Kangaroo,-31.75,147.75,17
New South Wales,NSW,Osphranter rufus,Red Kangaroo,Kangaroo,-31.75,148.5,1
New South Wales,NSW,Osphranter rufus,Red Kangaroo,Kangaroo,-31.5,141.25,1
New South Wales,NSW,Osphranter rufus,Red Kangaroo,Kangaroo,-31.5,141.75,1
New South Wales,NSW,Osphranter rufus,Red Kangaroo,Kangaroo,-31.5,142.25,3
New South Wales,NSW,Osphranter rufus,Red Kangaroo,Kangaroo,-31.5,143.25,4
New South Wales,NSW,Osphranter rufus,Red Kangaroo,Kangaroo,-31.5,143.75,21
New South Wales,NSW,Osphranter rufus,Red Kangaroo,Kangaroo,-31.5,144.0,32
New South Wales,NSW,Osphranter rufus,Red Kangaroo,Kangaroo,-31.5,144.25,19
New South Wales,NSW,Osphranter rufus,Red Kangaroo,Kangaroo,-31.5,144.5,4
New South Wales,NSW,Osphranter rufus,Red Kangaroo,Kangaroo,-31.5,145.75,10
New South Wales,NSW,Osphranter rufus,Red Kangaroo,Kangaroo,-31.5,147.0,1
New South Wales,NSW,Osphranter rufus,Red Kangaroo,Kangaroo,-31.5,147.25,1
New South Wales,NSW,Osphranter rufus,Red Kangaroo,Kangaroo,-31.5,148.5,1
New South Wales,NSW,Osphranter rufus,Red Kangaroo,Kangaroo,-31.25,141.5,1
New South Wales,NSW,Osphranter rufus,Red Kangaroo,Kangaroo,-31.25,142.0,1
New South Wales,NSW,Osphranter rufus,Red Kangaroo,Kangaroo,-31.25,142.25,7
New South Wales,NSW,Osphranter rufus,Red Kangaroo,Kangaroo,-31.25,142.5,2
New South Wales,NSW,Osphranter rufus,Red Kangaroo,Kangaroo,-31.25,142.75,1
New South Wales,NSW,Osphranter rufus,Red Kangaroo,Kangaroo,-31.25,143.25,1
New South Wales,NSW,Osphranter rufus,Red Kangaroo,Kangaroo,-31.25,144.25,53
New South Wales,NSW,Osphranter rufus,Red Kangaroo,Kangaroo,-31.25,144.5,13
New South Wales,NSW,Osphranter rufus,Red Kangaroo,Kangaroo,-31.25,145.25,1
New South Wales,NSW,Osphranter rufus,Red Kangaroo,Kangaroo,-31.25,147.0,1
New South Wales,NSW,Osphranter rufus,Red Kangaroo,Kangaroo,-31.25,148.75,1
New South Wales,NSW,Osphranter rufus,Red Kangaroo,Kangaroo,-31.0,141.75,7
New South Wales,NSW,Osphranter rufus,Red Kangaroo,Kangaroo,-31.0,142.25,2
New South Wales,NSW,Osphranter rufus,Red Kangaroo,Kangaroo,-31.0,142.5,2
New South Wales,NSW,Osphranter rufus,Red Kangaroo,Kangaroo,-31.0,142.75,3
New South Wales,NSW,Osphranter rufus,Red Kangaroo,Kangaroo,-31.0,143.0,4
New South Wales,NSW,Osphranter rufus,Red Kangaroo,Kangaroo,-31.0,146.0,2
New South Wales,NSW,Osphranter rufus,Red Kangaroo,Kangaroo,-31.0,148.25,1
New South Wales,NSW,Osphranter rufus,Red Kangaroo,Kangaroo,-31.0,149.0,5
New South Wales,NSW,Osphranter rufus,Red Kangaroo,Kangaroo,-30.75,141.25,2
New South Wales,NSW,Osphranter rufus,Red Kangaroo,Kangaroo,-30.75,142.5,35
New South Wales,NSW,Osphranter rufus,Red Kangaroo,Kangaroo,-30.75,142.75,4
New South Wales,NSW,Osphranter rufus,Red Kangaroo,Kangaroo,-30.75,143.0,2
New South Wales,NSW,Osphranter rufus,Red Kangaroo,Kangaroo,-30.75,143.5,2
New South Wales,NSW,Osphranter rufus,Red Kangaroo,Kangaroo,-30.75,145.75,3
New South Wales,NSW,Osphranter rufus,Red Kangaroo,Kangaroo,-30.75,148.75,1
New South Wales,NSW,Osphranter rufus,Red Kangaroo,Kangaroo,-30.75,149.0,2
New South Wales,NSW,Osphranter rufus,Red Kangaroo,Kangaroo,-30.5,144.75,1
New South Wales,NSW,Osphranter rufus,Red Kangaroo,Kangaroo,-30.5,145.5,1
New South Wales,NSW,Osphranter rufus,Red Kangaroo,Kangaroo,-30.5,145.75,7
New South Wales,NSW,Osphranter rufus,Red Kangaroo,Kangaroo,-30.5,146.5,1
New South Wales,NSW,Osphranter rufus,Red Kangaroo,Kangaroo,-30.5,146.75,1
New South Wales,NSW,Osphranter rufus,Red Kangaroo,Kangaroo,-30.5,147.75,1
New South Wales,NSW,Osphranter rufus,Red Kangaroo,Kangaroo,-30.5,149.25,11
New South Wales,NSW,Osphranter rufus,Red Kangaroo,Kangaroo,-30.5,149.5,2
New South Wales,NSW,Osphranter rufus,Red Kangaroo,Kangaroo,-30.5,149.75,1
New South Wales,NSW,Osphranter rufus,Red Kangaroo,Kangaroo,-30.25,142.0,1
New South Wales,NSW,Osphranter rufus,Red Kangaroo,Kangaroo,-30.25,144.0,1
New South Wales,NSW,Osphranter rufus,Red Kangaroo,Kangaroo,-30.25,144.5,1
New South Wales,NSW,Osphranter rufus,Red Kangaroo,Kangaroo,-30.25,144.75,1
New South Wales,NSW,Osphranter rufus,Red Kangaroo,Kangaroo,-30.25,145.5,4
New South Wales,NSW,Osphranter rufus,Red Kangaroo,Kangaroo,-30.25,145.75,2
New South Wales,NSW,Osphranter rufus,Red Kangaroo,Kangaroo,-30.25,146.25,1
New South Wales,NSW,Osphranter rufus,Red Kangaroo,Kangaroo,-30.25,147.75,1
New South Wales,NSW,Osphranter rufus,Red Kangaroo,Kangaroo,-30.0,144.0,1
New South Wales,NSW,Osphranter rufus,Red Kangaroo,Kangaroo,-30.0,145.25,1
New South Wales,NSW,Osphranter rufus,Red Kangaroo,Kangaroo,-30.0,145.75,1
New South Wales,NSW,Osphranter rufus,Red Kangaroo,Kangaroo,-30.0,146.0,5
New South Wales,NSW,Osphranter rufus,Red Kangaroo,Kangaroo,-30.0,148.0,1
New South Wales,NSW,Osphranter rufus,Red Kangaroo,Kangaroo,-29.75,141.0,1
New South Wales,NSW,Osphranter rufus,Red Kangaroo,Kangaroo,-29.75,141.75,2
New South Wales,NSW,Osphranter rufus,Red Kangaroo,Kangaroo,-29.75,142.0,2
New South Wales,NSW,Osphranter rufus,Red Kangaroo,Kangaroo,-29.75,144.25,1
New South Wales,NSW,Osphranter rufus,Red Kangaroo,Kangaroo,-29.75,147.75,3
New South Wales,NSW,Osphranter rufus,Red Kangaroo,Kangaroo,-29.75,149.75,2
New South Wales,NSW,Osphranter rufus,Red Kangaroo,Kangaroo,-29.5,141.0,1
New South Wales,NSW,Osphranter rufus,Red Kangaroo,Kangaroo,-29.5,141.75,1
New South Wales,NSW,Osphranter rufus,Red Kangaroo,Kangaroo,-29.5,142.0,7
New South Wales,NSW,Osphranter rufus,Red Kangaroo,Kangaroo,-29.5,142.25,18
New South Wales,NSW,Osphranter rufus,Red Kangaroo,Kangaroo,-29.5,148.0,8
New South Wales,NSW,Osphranter rufus,Red Kangaroo,Kangaroo,-29.5,149.75,1
New South Wales,NSW,Osphranter rufus,Red Kangaroo,Kangaroo,-29.5,150.25,1
New South Wales,NSW,Osphranter rufus,Red Kangaroo,Kangaroo,-29.25,141.0,1
New South Wales,NSW,Osphranter rufus,Red Kangaroo,Kangaroo,-29.25,141.5,3
New South Wales,NSW,Osphranter rufus,Red Kangaroo,Kangaroo,-29.25,141.75,1
New South Wales,NSW,Osphranter rufus,Red Kangaroo,Kangaroo,-29.25,142.0,6
New South Wales,NSW,Osphranter rufus,Red Kangaroo,Kangaroo,-29.25,142.25,5
New South Wales,NSW,Osphranter rufus,Red Kangaroo,Kangaroo,-29.25,142.5,3
New South Wales,NSW,Osphranter rufus,Red Kangaroo,Kangaroo,-29.25,145.0,1
New South Wales,NSW,Osphranter rufus,Red Kangaroo,Kangaroo,-29.25,145.25,53
New South Wales,NSW,Osphranter rufus,Red Kangaroo,Kangaroo,-29.25,145.75,2
New South Wales,NSW,Osphranter rufus,Red Kangaroo,Kangaroo,-29.25,146.25,1
New South Wales,NSW,Osphranter rufus,Red Kangaroo,Kangaroo,-29.25,147.5,2
New South Wales,NSW,Osphranter rufus,Red Kangaroo,Kangaroo,-29.25,148.0,1
New South Wales,NSW,Osphranter rufus,Red Kangaroo,Kangaroo,-29.25,149.0,2
New South Wales,NSW,Osphranter rufus,Red Kangaroo,Kangaroo,-29.25,150.75,1
New South Wales,NSW,Osphranter rufus,Red Kangaroo,Kangaroo,-29.0,141.0,3
New South Wales,NSW,Osphranter rufus,Red Kangaroo,Kangaroo,-29.0,141.25,4
New South Wales,NSW,Osphranter rufus,Red Kangaroo,Kangaroo,-29.0,141.5,1
New South Wales,NSW,Osphranter rufus,Red Kangaroo,Kangaroo,-29.0,141.75,7
New South Wales,NSW,Osphranter rufus,Red Kangaroo,Kangaroo,-29.0,142.0,2
New South Wales,NSW,Osphranter rufus,Red Kangaroo,Kangaroo,-29.0,143.25,1
New South Wales,NSW,Osphranter rufus,Red Kangaroo,Kangaroo,-28.75,149.25,1
New South Wales,NSW,Wallabia bicolor,Swamp Wallaby,Wallaby,-37.5,149.75,28
New South Wales,NSW,Wallabia bicolor,Swamp Wallaby,Wallaby,-37.25,149.25,745
New South Wales,NSW,Wallabia bicolor,Swamp Wallaby,Wallaby,-37.25,149.5,1260
New South Wales,NSW,Wallabia bicolor,Swamp Wallaby,Wallaby,-37.25,149.75,349
New South Wales,NSW,Wallabia bicolor,Swamp Wallaby,Wallaby,-37.25,150.0,94
New South Wales,NSW,Wallabia bicolor,Swamp Wallaby,Wallaby,-37.0,148.75,16
New South Wales,NSW,Wallabia bicolor,Swamp Wallaby,Wallaby,-37.0,149.0,2
New South Wales,NSW,Wallabia bicolor,Swamp Wallaby,Wallaby,-37.0,149.25,44
New South Wales,NSW,Wallabia bicolor,Swamp Wallaby,Wallaby,-37.0,149.5,25
New South Wales,NSW,Wallabia bicolor,Swamp Wallaby,Wallaby,-37.0,149.75,113
New South Wales,NSW,Wallabia bicolor,Swamp Wallaby,Wallaby,-37.0,150.0,50
New South Wales,NSW,Wallabia bicolor,Swamp Wallaby,Wallaby,-36.75,148.5,2
New South Wales,NSW,Wallabia bicolor,Swamp Wallaby,Wallaby,-36.75,148.75,29
New South Wales,NSW,Wallabia bicolor,Swamp Wallaby,Wallaby,-36.75,149.0,2
New South Wales,NSW,Wallabia bicolor,Swamp Wallaby,Wallaby,-36.75,149.5,50
New South Wales,NSW,Wallabia bicolor,Swamp Wallaby,Wallaby,-36.75,149.75,49
New South Wales,NSW,Wallabia bicolor,Swamp Wallaby,Wallaby,-36.75,150.0,177
New South Wales,NSW,Wallabia bicolor,Swamp Wallaby,Wallaby,-36.5,148.25,2
New South Wales,NSW,Wallabia bicolor,Swamp Wallaby,Wallaby,-36.5,148.5,7
New South Wales,NSW,Wallabia bicolor,Swamp Wallaby,Wallaby,-36.5,148.75,4
New South Wales,NSW,Wallabia bicolor,Swamp Wallaby,Wallaby,-36.5,149.25,4
New South Wales,NSW,Wallabia bicolor,Swamp Wallaby,Wallaby,-36.5,149.5,16
New South Wales,NSW,Wallabia bicolor,Swamp Wallaby,Wallaby,-36.5,149.75,25
New South Wales,NSW,Wallabia bicolor,Swamp Wallaby,Wallaby,-36.5,150.0,137
New South Wales,NSW,Wallabia bicolor,Swamp Wallaby,Wallaby,-36.25,148.5,53
New South Wales,NSW,Wallabia bicolor,Swamp Wallaby,Wallaby,-36.25,148.75,16
New South Wales,NSW,Wallabia bicolor,Swamp Wallaby,Wallaby,-36.25,149.0,17
New South Wales,NSW,Wallabia bicolor,Swamp Wallaby,Wallaby,-36.25,149.25,36
New South Wales,NSW,Wallabia bicolor,Swamp Wallaby,Wallaby,-36.25,149.5,13
New South Wales,NSW,Wallabia bicolor,Swamp Wallaby,Wallaby,-36.25,149.75,29
New South Wales,NSW,Wallabia bicolor,Swamp Wallaby,Wallaby,-36.25,150.0,91
New South Wales,NSW,Wallabia bicolor,Swamp Wallaby,Wallaby,-36.25,150.25,90
New South Wales,NSW,Wallabia bicolor,Swamp Wallaby,Wallaby,-36.0,144.5,3
New South Wales,NSW,Wallabia bicolor,Swamp Wallaby,Wallaby,-36.0,144.75,21
New South Wales,NSW,Wallabia bicolor,Swamp Wallaby,Wallaby,-36.0,145.0,3
New South Wales,NSW,Wallabia bicolor,Swamp Wallaby,Wallaby,-36.0,145.75,1
New South Wales,NSW,Wallabia bicolor,Swamp Wallaby,Wallaby,-36.0,146.0,1
New South Wales,NSW,Wallabia bicolor,Swamp Wallaby,Wallaby,-36.0,146.25,6
New South Wales,NSW,Wallabia bicolor,Swamp Wallaby,Wallaby,-36.0,146.5,1
New South Wales,NSW,Wallabia bicolor,Swamp Wallaby,Wallaby,-36.0,146.75,4
New South Wales,NSW,Wallabia bicolor,Swamp Wallaby,Wallaby,-36.0,147.0,79
New South Wales,NSW,Wallabia bicolor,Swamp Wallaby,Wallaby,-36.0,147.25,45
New South Wales,NSW,Wallabia bicolor,Swamp Wallaby,Wallaby,-36.0,147.5,92
New South Wales,NSW,Wallabia bicolor,Swamp Wallaby,Wallaby,-36.0,148.0,141
New South Wales,NSW,Wallabia bicolor,Swamp Wallaby,Wallaby,-36.0,148.25,144
New South Wales,NSW,Wallabia bicolor,Swamp Wallaby,Wallaby,-36.0,148.5,25
New South Wales,NSW,Wallabia bicolor,Swamp Wallaby,Wallaby,-36.0,148.75,5
New South Wales,NSW,Wallabia bicolor,Swamp Wallaby,Wallaby,-36.0,149.0,47
New South Wales,NSW,Wallabia bicolor,Swamp Wallaby,Wallaby,-36.0,149.25,3
New South Wales,NSW,Wallabia bicolor,Swamp Wallaby,Wallaby,-36.0,149.5,6
New South Wales,NSW,Wallabia bicolor,Swamp Wallaby,Wallaby,-36.0,149.75,1
New South Wales,NSW,Wallabia bicolor,Swamp Wallaby,Wallaby,-36.0,150.0,84
New South Wales,NSW,Wallabia bicolor,Swamp Wallaby,Wallaby,-36.0,150.25,103
New South Wales,NSW,Wallabia bicolor,Swamp Wallaby,Wallaby,-35.75,144.25,1
New South Wales,NSW,Wallabia bicolor,Swamp Wallaby,Wallaby,-35.75,146.0,1
New South Wales,NSW,Wallabia bicolor,Swamp Wallaby,Wallaby,-35.75,146.75,5
New South Wales,NSW,Wallabia bicolor,Swamp Wallaby,Wallaby,-35.75,147.0,1
New South Wales,NSW,Wallabia bicolor,Swamp Wallaby,Wallaby,-35.75,147.25,3
New South Wales,NSW,Wallabia bicolor,Swamp Wallaby,Wallaby,-35.75,147.75,3
New South Wales,NSW,Wallabia bicolor,Swamp Wallaby,Wallaby,-35.75,148.0,50
New South Wales,NSW,Wallabia bicolor,Swamp Wallaby,Wallaby,-35.75,148.25,21
New South Wales,NSW,Wallabia bicolor,Swamp Wallaby,Wallaby,-35.75,148.5,70
New South Wales,NSW,Wallabia bicolor,Swamp Wallaby,Wallaby,-35.75,148.75,1
New South Wales,NSW,Wallabia bicolor,Swamp Wallaby,Wallaby,-35.75,149.25,4
New South Wales,NSW,Wallabia bicolor,Swamp Wallaby,Wallaby,-35.75,149.5,16
New South Wales,NSW,Wallabia bicolor,Swamp Wallaby,Wallaby,-35.75,149.75,7
New South Wales,NSW,Wallabia bicolor,Swamp Wallaby,Wallaby,-35.75,150.0,48
New South Wales,NSW,Wallabia bicolor,Swamp Wallaby,Wallaby,-35.75,150.25,1430
New South Wales,NSW,Wallabia bicolor,Swamp Wallaby,Wallaby,-35.5,144.0,1
New South Wales,NSW,Wallabia bicolor,Swamp Wallaby,Wallaby,-35.5,144.25,13
New South Wales,NSW,Wallabia bicolor,Swamp Wallaby,Wallaby,-35.5,144.75,1
New South Wales,NSW,Wallabia bicolor,Swamp Wallaby,Wallaby,-35.5,145.0,8
New South Wales,NSW,Wallabia bicolor,Swamp Wallaby,Wallaby,-35.5,145.25,1
New South Wales,NSW,Wallabia bicolor,Swamp Wallaby,Wallaby,-35.5,146.5,1
New South Wales,NSW,Wallabia bicolor,Swamp Wallaby,Wallaby,-35.5,147.0,1
New South Wales,NSW,Wallabia bicolor,Swamp Wallaby,Wallaby,-35.5,147.25,5
New South Wales,NSW,Wallabia bicolor,Swamp Wallaby,Wallaby,-35.5,147.5,3
New South Wales,NSW,Wallabia bicolor,Swamp Wallaby,Wallaby,-35.5,147.75,124
New South Wales,NSW,Wallabia bicolor,Swamp Wallaby,Wallaby,-35.5,148.25,41
New South Wales,NSW,Wallabia bicolor,Swamp Wallaby,Wallaby,-35.5,148.5,103
New South Wales,NSW,Wallabia bicolor,Swamp Wallaby,Wallaby,-35.5,148.75,65
New South Wales,NSW,Wallabia bicolor,Swamp Wallaby,Wallaby,-35.5,149.25,20
New South Wales,NSW,Wallabia bicolor,Swamp Wallaby,Wallaby,-35.5,149.5,24
New South Wales,NSW,Wallabia bicolor,Swamp Wallaby,Wallaby,-35.5,149.75,57
New South Wales,NSW,Wallabia bicolor,Swamp Wallaby,Wallaby,-35.5,150.0,73
New South Wales,NSW,Wallabia bicolor,Swamp Wallaby,Wallaby,-35.5,150.25,2922
New South Wales,NSW,Wallabia bicolor,Swamp Wallaby,Wallaby,-35.5,150.5,78
New South Wales,NSW,Wallabia bicolor,Swamp Wallaby,Wallaby,-35.25,143.5,2
New South Wales,NSW,Wallabia bicolor,Swamp Wallaby,Wallaby,-35.25,143.75,1
New South Wales,NSW,Wallabia bicolor,Swamp Wallaby,Wallaby,-35.25,145.0,1
New South Wales,NSW,Wallabia bicolor,Swamp Wallaby,Wallaby,-35.25,145.25,2
New South Wales,NSW,Wallabia bicolor,Swamp Wallaby,Wallaby,-35.25,146.25,1
New South Wales,NSW,Wallabia bicolor,Swamp Wallaby,Wallaby,-35.25,146.75,1
New South Wales,NSW,Wallabia bicolor,Swamp Wallaby,Wallaby,-35.25,147.0,7
New South Wales,NSW,Wallabia bicolor,Swamp Wallaby,Wallaby,-35.25,147.25,11
New South Wales,NSW,Wallabia bicolor,Swamp Wallaby,Wallaby,-35.25,147.5,11
New South Wales,NSW,Wallabia bicolor,Swamp Wallaby,Wallaby,-35.25,147.75,62
New South Wales,NSW,Wallabia bicolor,Swamp Wallaby,Wallaby,-35.25,148.0,9
New South Wales,NSW,Wallabia bicolor,Swamp Wallaby,Wallaby,-35.25,148.25,78
New South Wales,NSW,Wallabia bicolor,Swamp Wallaby,Wallaby,-35.25,148.5,9
New South Wales,NSW,Wallabia bicolor,Swamp Wallaby,Wallaby,-35.25,148.75,16
New South Wales,NSW,Wallabia bicolor,Swamp Wallaby,Wallaby,-35.25,149.0,3
New South Wales,NSW,Wallabia bicolor,Swamp Wallaby,Wallaby,-35.25,149.25,53
New South Wales,NSW,Wallabia bicolor,Swamp Wallaby,Wallaby,-35.25,149.5,10
New South Wales,NSW,Wallabia bicolor,Swamp Wallaby,Wallaby,-35.25,149.75,50
New South Wales,NSW,Wallabia bicolor,Swamp Wallaby,Wallaby,-35.25,150.0,4
New South Wales,NSW,Wallabia bicolor,Swamp Wallaby,Wallaby,-35.25,150.25,11
New South Wales,NSW,Wallabia bicolor,Swamp Wallaby,Wallaby,-35.25,150.5,71
New South Wales,NSW,Wallabia bicolor,Swamp Wallaby,Wallaby,-35.25,150.75,1
New South Wales,NSW,Wallabia bicolor,Swamp Wallaby,Wallaby,-35.0,146.5,1
New South Wales,NSW,Wallabia bicolor,Swamp Wallaby,Wallaby,-35.0,146.75,3
New South Wales,NSW,Wallabia bicolor,Swamp Wallaby,Wallaby,-35.0,147.0,1
New South Wales,NSW,Wallabia bicolor,Swamp Wallaby,Wallaby,-35.0,147.25,12
New South Wales,NSW,Wallabia bicolor,Swamp Wallaby,Wallaby,-35.0,147.5,6
New South Wales,NSW,Wallabia bicolor,Swamp Wallaby,Wallaby,-35.0,147.75,2
New South Wales,NSW,Wallabia bicolor,Swamp Wallaby,Wallaby,-35.0,148.0,1
New South Wales,NSW,Wallabia bicolor,Swamp Wallaby,Wallaby,-35.0,148.25,1
New South Wales,NSW,Wallabia bicolor,Swamp Wallaby,Wallaby,-35.0,148.5,84
New South Wales,NSW,Wallabia bicolor,Swamp Wallaby,Wallaby,-35.0,148.75,1
New South Wales,NSW,Wallabia bicolor,Swamp Wallaby,Wallaby,-35.0,149.0,8
New South Wales,NSW,Wallabia bicolor,Swamp Wallaby,Wallaby,-35.0,149.25,9
New South Wales,NSW,Wallabia bicolor,Swamp Wallaby,Wallaby,-35.0,149.5,5
New South Wales,NSW,Wallabia bicolor,Swamp Wallaby,Wallaby,-35.0,149.75,6
New South Wales,NSW,Wallabia bicolor,Swamp Wallaby,Wallaby,-35.0,150.0,4
New South Wales,NSW,Wallabia bicolor,Swamp Wallaby,Wallaby,-35.0,150.25,36
New South Wales,NSW,Wallabia bicolor,Swamp Wallaby,Wallaby,-35.0,150.5,64
New South Wales,NSW,Wallabia bicolor,Swamp Wallaby,Wallaby,-35.0,150.75,84
New South Wales,NSW,Wallabia bicolor,Swamp Wallaby,Wallaby,-34.75,143.5,1
New South Wales,NSW,Wallabia bicolor,Swamp Wallaby,Wallaby,-34.75,144.25,1
New South Wales,NSW,Wallabia bicolor,Swamp Wallaby,Wallaby,-34.75,146.5,8
New South Wales,NSW,Wallabia bicolor,Swamp Wallaby,Wallaby,-34.75,146.75,3
New South Wales,NSW,Wallabia bicolor,Swamp Wallaby,Wallaby,-34.75,147.0,3
New South Wales,NSW,Wallabia bicolor,Swamp Wallaby,Wallaby,-34.75,147.25,7
New South Wales,NSW,Wallabia bicolor,Swamp Wallaby,Wallaby,-34.75,147.5,9
New South Wales,NSW,Wallabia bicolor,Swamp Wallaby,Wallaby,-34.75,147.75,2
New South Wales,NSW,Wallabia bicolor,Swamp Wallaby,Wallaby,-34.75,148.0,6
New South Wales,NSW,Wallabia bicolor,Swamp Wallaby,Wallaby,-34.75,148.75,4
New South Wales,NSW,Wallabia bicolor,Swamp Wallaby,Wallaby,-34.75,149.0,45
New South Wales,NSW,Wallabia bicolor,Swamp Wallaby,Wallaby,-34.75,149.25,1
New South Wales,NSW,Wallabia bicolor,Swamp Wallaby,Wallaby,-34.75,149.5,2
New South Wales,NSW,Wallabia bicolor,Swamp Wallaby,Wallaby,-34.75,149.75,7
New South Wales,NSW,Wallabia bicolor,Swamp Wallaby,Wallaby,-34.75,150.0,18
New South Wales,NSW,Wallabia bicolor,Swamp Wallaby,Wallaby,-34.75,150.25,27
New South Wales,NSW,Wallabia bicolor,Swamp Wallaby,Wallaby,-34.75,150.5,549
New South Wales,NSW,Wallabia bicolor,Swamp Wallaby,Wallaby,-34.75,150.75,2404
New South Wales,NSW,Wallabia bicolor,Swamp Wallaby,Wallaby,-34.5,145.0,1
New South Wales,NSW,Wallabia bicolor,Swamp Wallaby,Wallaby,-34.5,145.75,1
New South Wales,NSW,Wallabia bicolor,Swamp Wallaby,Wallaby,-34.5,146.0,2
New South Wales,NSW,Wallabia bicolor,Swamp Wallaby,Wallaby,-34.5,146.25,5
New South Wales,NSW,Wallabia bicolor,Swamp Wallaby,Wallaby,-34.5,147.5,7
New South Wales,NSW,Wallabia bicolor,Swamp Wallaby,Wallaby,-34.5,148.0,19
New South Wales,NSW,Wallabia bicolor,Swamp Wallaby,Wallaby,-34.5,148.25,3
New South Wales,NSW,Wallabia bicolor,Swamp Wallaby,Wallaby,-34.5,148.5,1
New South Wales,NSW,Wallabia bicolor,Swamp Wallaby,Wallaby,-34.5,148.75,1
New South Wales,NSW,Wallabia bicolor,Swamp Wallaby,Wallaby,-34.5,149.0,1
New South Wales,NSW,Wallabia bicolor,Swamp Wallaby,Wallaby,-34.5,149.25,1
New South Wales,NSW,Wallabia bicolor,Swamp Wallaby,Wallaby,-34.5,149.5,7
New South Wales,NSW,Wallabia bicolor,Swamp Wallaby,Wallaby,-34.5,149.75,2
New South Wales,NSW,Wallabia bicolor,Swamp Wallaby,Wallaby,-34.5,150.0,32
New South Wales,NSW,Wallabia bicolor,Swamp Wallaby,Wallaby,-34.5,150.25,59
New South Wales,NSW,Wallabia bicolor,Swamp Wallaby,Wallaby,-34.5,150.5,232
New South Wales,NSW,Wallabia bicolor,Swamp Wallaby,Wallaby,-34.5,150.75,208
New South Wales,NSW,Wallabia bicolor,Swamp Wallaby,Wallaby,-34.5,151.0,5
New South Wales,NSW,Wallabia bicolor,Swamp Wallaby,Wallaby,-34.25,146.0,8
New South Wales,NSW,Wallabia bicolor,Swamp Wallaby,Wallaby,-34.25,146.25,3
New South Wales,NSW,Wallabia bicolor,Swamp Wallaby,Wallaby,-34.25,147.25,1
New South Wales,NSW,Wallabia bicolor,Swamp Wallaby,Wallaby,-34.25,148.0,1
New South Wales,NSW,Wallabia bicolor,Swamp Wallaby,Wallaby,-34.25,148.25,7
New South Wales,NSW,Wallabia bicolor,Swamp Wallaby,Wallaby,-34.25,148.5,4
New South Wales,NSW,Wallabia bicolor,Swamp Wallaby,Wallaby,-34.25,148.75,33
New South Wales,NSW,Wallabia bicolor,Swamp Wallaby,Wallaby,-34.25,149.0,1
New South Wales,NSW,Wallabia bicolor,Swamp Wallaby,Wallaby,-34.25,149.25,5
New South Wales,NSW,Wallabia bicolor,Swamp Wallaby,Wallaby,-34.25,149.5,1
New South Wales,NSW,Wallabia bicolor,Swamp Wallaby,Wallaby,-34.25,149.75,152
New South Wales,NSW,Wallabia bicolor,Swamp Wallaby,Wallaby,-34.25,150.0,54
New South Wales,NSW,Wallabia bicolor,Swamp Wallaby,Wallaby,-34.25,150.25,113
New South Wales,NSW,Wallabia bicolor,Swamp Wallaby,Wallaby,-34.25,150.5,196
New South Wales,NSW,Wallabia bicolor,Swamp Wallaby,Wallaby,-34.25,150.75,352
New South Wales,NSW,Wallabia bicolor,Swamp Wallaby,Wallaby,-34.25,151.0,53
New South Wales,NSW,Wallabia bicolor,Swamp Wallaby,Wallaby,-34.0,146.0,119
New South Wales,NSW,Wallabia bicolor,Swamp Wallaby,Wallaby,-34.0,146.25,2
New South Wales,NSW,Wallabia bicolor,Swamp Wallaby,Wallaby,-34.0,147.0,3
New South Wales,NSW,Wallabia bicolor,Swamp Wallaby,Wallaby,-34.0,147.75,1
New South Wales,NSW,Wallabia bicolor,Swamp Wallaby,Wallaby,-34.0,148.0,6
New South Wales,NSW,Wallabia bicolor,Swamp Wallaby,Wallaby,-34.0,148.25,4
New South Wales,NSW,Wallabia bicolor,Swamp Wallaby,Wallaby,-34.0,148.5,308
New South Wales,NSW,Wallabia bicolor,Swamp Wallaby,Wallaby,-34.0,148.75,1
New South Wales,NSW,Wallabia bicolor,Swamp Wallaby,Wallaby,-34.0,149.0,3
New South Wales,NSW,Wallabia bicolor,Swamp Wallaby,Wallaby,-34.0,149.25,6
New South Wales,NSW,Wallabia bicolor,Swamp Wallaby,Wallaby,-34.0,149.5,1
New South Wales,NSW,Wallabia bicolor,Swamp Wallaby,Wallaby,-34.0,149.75,1319
New South Wales,NSW,Wallabia bicolor,Swamp Wallaby,Wallaby,-34.0,150.0,2
New South Wales,NSW,Wallabia bicolor,Swamp Wallaby,Wallaby,-34.0,150.25,13
New South Wales,NSW,Wallabia bicolor,Swamp Wallaby,Wallaby,-34.0,150.5,108
New South Wales,NSW,Wallabia bicolor,Swamp Wallaby,Wallaby,-34.0,150.75,224
New South Wales,NSW,Wallabia bicolor,Swamp Wallaby,Wallaby,-34.0,151.0,183
New South Wales,NSW,Wallabia bicolor,Swamp Wallaby,Wallaby,-34.0,151.25,16
New South Wales,NSW,Wallabia bicolor,Swamp Wallaby,Wallaby,-33.75,145.0,1
New South Wales,NSW,Wallabia bicolor,Swamp Wallaby,Wallaby,-33.75,148.25,1
New South Wales,NSW,Wallabia bicolor,Swamp Wallaby,Wallaby,-33.75,148.5,6
New South Wales,NSW,Wallabia bicolor,Swamp Wallaby,Wallaby,-33.75,148.75,7
New South Wales,NSW,Wallabia bicolor,Swamp Wallaby,Wallaby,-33.75,149.0,2
New South Wales,NSW,Wallabia bicolor,Swamp Wallaby,Wallaby,-33.75,149.25,56
New South Wales,NSW,Wallabia bicolor,Swamp Wallaby,Wallaby,-33.75,149.5,5
New South Wales,NSW,Wallabia bicolor,Swamp Wallaby,Wallaby,-33.75,149.75,7
New South Wales,NSW,Wallabia bicolor,Swamp Wallaby,Wallaby,-33.75,150.0,128
New South Wales,NSW,Wallabia bicolor,Swamp Wallaby,Wallaby,-33.75,150.25,119
New South Wales,NSW,Wallabia bicolor,Swamp Wallaby,Wallaby,-33.75,150.5,101
New South Wales,NSW,Wallabia bicolor,Swamp Wallaby,Wallaby,-33.75,150.75,412
New South Wales,NSW,Wallabia bicolor,Swamp Wallaby,Wallaby,-33.75,151.0,533
New South Wales,NSW,Wallabia bicolor,Swamp Wallaby,Wallaby,-33.75,151.25,1396
New South Wales,NSW,Wallabia bicolor,Swamp Wallaby,Wallaby,-33.5,145.5,1
New South Wales,NSW,Wallabia bicolor,Swamp Wallaby,Wallaby,-33.5,148.5,3
New South Wales,NSW,Wallabia bicolor,Swamp Wallaby,Wallaby,-33.5,148.75,1
New South Wales,NSW,Wallabia bicolor,Swamp Wallaby,Wallaby,-33.5,149.0,23
New South Wales,NSW,Wallabia bicolor,Swamp Wallaby,Wallaby,-33.5,149.25,12
New South Wales,NSW,Wallabia bicolor,Swamp Wallaby,Wallaby,-33.5,149.5,73
New South Wales,NSW,Wallabia bicolor,Swamp Wallaby,Wallaby,-33.5,149.75,34
New South Wales,NSW,Wallabia bicolor,Swamp Wallaby,Wallaby,-33.5,150.0,107
New South Wales,NSW,Wallabia bicolor,Swamp Wallaby,Wallaby,-33.5,150.25,136
New South Wales,NSW,Wallabia bicolor,Swamp Wallaby,Wallaby,-33.5,150.5,40
New South Wales,NSW,Wallabia bicolor,Swamp Wallaby,Wallaby,-33.5,150.75,166
New South Wales,NSW,Wallabia bicolor,Swamp Wallaby,Wallaby,-33.5,151.0,209
New South Wales,NSW,Wallabia bicolor,Swamp Wallaby,Wallaby,-33.5,151.25,385
New South Wales,NSW,Wallabia bicolor,Swamp Wallaby,Wallaby,-33.5,151.5,184
New South Wales,NSW,Wallabia bicolor,Swamp Wallaby,Wallaby,-33.25,147.25,1
New South Wales,NSW,Wallabia bicolor,Swamp Wallaby,Wallaby,-33.25,148.0,1
New South Wales,NSW,Wallabia bicolor,Swamp Wallaby,Wallaby,-33.25,148.25,12
New South Wales,NSW,Wallabia bicolor,Swamp Wallaby,Wallaby,-33.25,148.5,6
New South Wales,NSW,Wallabia bicolor,Swamp Wallaby,Wallaby,-33.25,149.0,43
New South Wales,NSW,Wallabia bicolor,Swamp Wallaby,Wallaby,-33.25,149.25,65
New South Wales,NSW,Wallabia bicolor,Swamp Wallaby,Wallaby,-33.25,149.5,4
New South Wales,NSW,Wallabia bicolor,Swamp Wallaby,Wallaby,-33.25,149.75,3
New South Wales,NSW,Wallabia bicolor,Swamp Wallaby,Wallaby,-33.25,150.0,12
New South Wales,NSW,Wallabia bicolor,Swamp Wallaby,Wallaby,-33.25,150.25,73
New South Wales,NSW,Wallabia bicolor,Swamp Wallaby,Wallaby,-33.25,150.75,3
New South Wales,NSW,Wallabia bicolor,Swamp Wallaby,Wallaby,-33.25,151.0,18
New South Wales,NSW,Wallabia bicolor,Swamp Wallaby,Wallaby,-33.25,151.25,61
New South Wales,NSW,Wallabia bicolor,Swamp Wallaby,Wallaby,-33.25,151.5,302
New South Wales,NSW,Wallabia bicolor,Swamp Wallaby,Wallaby,-33.0,146.5,1
New South Wales,NSW,Wallabia bicolor,Swamp Wallaby,Wallaby,-33.0,147.75,1
New South Wales,NSW,Wallabia bicolor,Swamp Wallaby,Wallaby,-33.0,148.25,2
New South Wales,NSW,Wallabia bicolor,Swamp Wallaby,Wallaby,-33.0,148.5,28
New South Wales,NSW,Wallabia bicolor,Swamp Wallaby,Wallaby,-33.0,149.0,4
New South Wales,NSW,Wallabia bicolor,Swamp Wallaby,Wallaby,-33.0,149.25,2
New South Wales,NSW,Wallabia bicolor,Swamp Wallaby,Wallaby,-33.0,149.5,4
New South Wales,NSW,Wallabia bicolor,Swamp Wallaby,Wallaby,-33.0,149.75,5
New South Wales,NSW,Wallabia bicolor,Swamp Wallaby,Wallaby,-33.0,150.0,2467
New South Wales,NSW,Wallabia bicolor,Swamp Wallaby,Wallaby,-33.0,150.25,4
New South Wales,NSW,Wallabia bicolor,Swamp Wallaby,Wallaby,-33.0,150.5,31
New South Wales,NSW,Wallabia bicolor,Swamp Wallaby,Wallaby,-33.0,150.75,1
New South Wales,NSW,Wallabia bicolor,Swamp Wallaby,Wallaby,-33.0,151.0,236
New South Wales,NSW,Wallabia bicolor,Swamp Wallaby,Wallaby,-33.0,151.25,33
New South Wales,NSW,Wallabia bicolor,Swamp Wallaby,Wallaby,-33.0,151.5,139
New South Wales,NSW,Wallabia bicolor,Swamp Wallaby,Wallaby,-33.0,151.75,59
New South Wales,NSW,Wallabia bicolor,Swamp Wallaby,Wallaby,-32.75,148.25,23
New South Wales,NSW,Wallabia bicolor,Swamp Wallaby,Wallaby,-32.75,148.5,5
New South Wales,NSW,Wallabia bicolor,Swamp Wallaby,Wallaby,-32.75,149.0,7
New South Wales,NSW,Wallabia bicolor,Swamp Wallaby,Wallaby,-32.75,149.5,43
New South Wales,NSW,Wallabia bicolor,Swamp Wallaby,Wallaby,-32.75,149.75,7
New South Wales,NSW,Wallabia bicolor,Swamp Wallaby,Wallaby,-32.75,150.0,12
New South Wales,NSW,Wallabia bicolor,Swamp Wallaby,Wallaby,-32.75,150.25,87
New South Wales,NSW,Wallabia bicolor,Swamp Wallaby,Wallaby,-32.75,150.5,1
New South Wales,NSW,Wallabia bicolor,Swamp Wallaby,Wallaby,-32.75,150.75,27
New South Wales,NSW,Wallabia bicolor,Swamp Wallaby,Wallaby,-32.75,151.0,35
New South Wales,NSW,Wallabia bicolor,Swamp Wallaby,Wallaby,-32.75,151.25,21
New South Wales,NSW,Wallabia bicolor,Swamp Wallaby,Wallaby,-32.75,151.5,40
New South Wales,NSW,Wallabia bicolor,Swamp Wallaby,Wallaby,-32.75,151.75,25
New South Wales,NSW,Wallabia bicolor,Swamp Wallaby,Wallaby,-32.75,152.0,20
New South Wales,NSW,Wallabia bicolor,Swamp Wallaby,Wallaby,-32.75,152.25,20
New South Wales,NSW,Wallabia bicolor,Swamp Wallaby,Wallaby,-32.5,148.25,1
New South Wales,NSW,Wallabia bicolor,Swamp Wallaby,Wallaby,-32.5,148.5,3
New South Wales,NSW,Wallabia bicolor,Swamp Wallaby,Wallaby,-32.5,148.75,1
New South Wales,NSW,Wallabia bicolor,Swamp Wallaby,Wallaby,-32.5,149.0,6
New South Wales,NSW,Wallabia bicolor,Swamp Wallaby,Wallaby,-32.5,149.25,1
New South Wales,NSW,Wallabia bicolor,Swamp Wallaby,Wallaby,-32.5,149.5,36
New South Wales,NSW,Wallabia bicolor,Swamp Wallaby,Wallaby,-32.5,149.75,144
New South Wales,NSW,Wallabia bicolor,Swamp Wallaby,Wallaby,-32.5,150.0,11
New South Wales,NSW,Wallabia bicolor,Swamp Wallaby,Wallaby,-32.5,150.25,1
New South Wales,NSW,Wallabia bicolor,Swamp Wallaby,Wallaby,-32.5,150.5,124
New South Wales,NSW,Wallabia bicolor,Swamp Wallaby,Wallaby,-32.5,150.75,13
New South Wales,NSW,Wallabia bicolor,Swamp Wallaby,Wallaby,-32.5,151.0,1
New South Wales,NSW,Wallabia bicolor,Swamp Wallaby,Wallaby,-32.5,151.25,11
New South Wales,NSW,Wallabia bicolor,Swamp Wallaby,Wallaby,-32.5,151.5,2
New South Wales,NSW,Wallabia bicolor,Swamp Wallaby,Wallaby,-32.5,151.75,13
New South Wales,NSW,Wallabia bicolor,Swamp Wallaby,Wallaby,-32.5,152.0,41
New South Wales,NSW,Wallabia bicolor,Swamp Wallaby,Wallaby,-32.5,152.25,4
New South Wales,NSW,Wallabia bicolor,Swamp Wallaby,Wallaby,-32.5,152.5,3
New South Wales,NSW,Wallabia bicolor,Swamp Wallaby,Wallaby,-32.25,148.25,3
New South Wales,NSW,Wallabia bicolor,Swamp Wallaby,Wallaby,-32.25,148.5,17
New South Wales,NSW,Wallabia bicolor,Swamp Wallaby,Wallaby,-32.25,148.75,4
New South Wales,NSW,Wallabia bicolor,Swamp Wallaby,Wallaby,-32.25,149.0,3
New South Wales,NSW,Wallabia bicolor,Swamp Wallaby,Wallaby,-32.25,149.25,15
New South Wales,NSW,Wallabia bicolor,Swamp Wallaby,Wallaby,-32.25,149.5,4
New South Wales,NSW,Wallabia bicolor,Swamp Wallaby,Wallaby,-32.25,149.75,83
New South Wales,NSW,Wallabia bicolor,Swamp Wallaby,Wallaby,-32.25,150.0,226
New South Wales,NSW,Wallabia bicolor,Swamp Wallaby,Wallaby,-32.25,150.25,3
New South Wales,NSW,Wallabia bicolor,Swamp Wallaby,Wallaby,-32.25,150.5,16
New South Wales,NSW,Wallabia bicolor,Swamp Wallaby,Wallaby,-32.25,150.75,18
New South Wales,NSW,Wallabia bicolor,Swamp Wallaby,Wallaby,-32.25,151.0,6
New South Wales,NSW,Wallabia bicolor,Swamp Wallaby,Wallaby,-32.25,151.25,3
New South Wales,NSW,Wallabia bicolor,Swamp Wallaby,Wallaby,-32.25,151.75,17
New South Wales,NSW,Wallabia bicolor,Swamp Wallaby,Wallaby,-32.25,152.0,336
New South Wales,NSW,Wallabia bicolor,Swamp Wallaby,Wallaby,-32.25,152.25,7
New South Wales,NSW,Wallabia bicolor,Swamp Wallaby,Wallaby,-32.25,152.5,7
New South Wales,NSW,Wallabia bicolor,Swamp Wallaby,Wallaby,-32.0,148.0,2
New South Wales,NSW,Wallabia bicolor,Swamp Wallaby,Wallaby,-32.0,148.25,2
New South Wales,NSW,Wallabia bicolor,Swamp Wallaby,Wallaby,-32.0,148.5,2
New South Wales,NSW,Wallabia bicolor,Swamp Wallaby,Wallaby,-32.0,148.75,1
New South Wales,NSW,Wallabia bicolor,Swamp Wallaby,Wallaby,-32.0,149.0,1
New South Wales,NSW,Wallabia bicolor,Swamp Wallaby,Wallaby,-32.0,149.5,1
New South Wales,NSW,Wallabia bicolor,Swamp Wallaby,Wallaby,-32.0,149.75,2
New South Wales,NSW,Wallabia bicolor,Swamp Wallaby,Wallaby,-32.0,150.0,32
New South Wales,NSW,Wallabia bicolor,Swamp Wallaby,Wallaby,-32.0,150.75,63
New South Wales,NSW,Wallabia bicolor,Swamp Wallaby,Wallaby,-32.0,151.0,1
New South Wales,NSW,Wallabia bicolor,Swamp Wallaby,Wallaby,-32.0,151.25,1
New South Wales,NSW,Wallabia bicolor,Swamp Wallaby,Wallaby,-32.0,151.5,66
New South Wales,NSW,Wallabia bicolor,Swamp Wallaby,Wallaby,-32.0,151.75,13
New South Wales,NSW,Wallabia bicolor,Swamp Wallaby,Wallaby,-32.0,152.0,2
New South Wales,NSW,Wallabia bicolor,Swamp Wallaby,Wallaby,-32.0,152.25,77
New South Wales,NSW,Wallabia bicolor,Swamp Wallaby,Wallaby,-32.0,152.5,20
New South Wales,NSW,Wallabia bicolor,Swamp Wallaby,Wallaby,-32.0,152.75,2
New South Wales,NSW,Wallabia bicolor,Swamp Wallaby,Wallaby,-31.75,147.75,2
New South Wales,NSW,Wallabia bicolor,Swamp Wallaby,Wallaby,-31.75,148.5,9
New South Wales,NSW,Wallabia bicolor,Swamp Wallaby,Wallaby,-31.75,148.75,1
New South Wales,NSW,Wallabia bicolor,Swamp Wallaby,Wallaby,-31.75,150.0,30
New South Wales,NSW,Wallabia bicolor,Swamp Wallaby,Wallaby,-31.75,150.25,25
New South Wales,NSW,Wallabia bicolor,Swamp Wallaby,Wallaby,-31.75,150.75,7
New South Wales,NSW,Wallabia bicolor,Swamp Wallaby,Wallaby,-31.75,151.0,2
New South Wales,NSW,Wallabia bicolor,Swamp Wallaby,Wallaby,-31.75,151.5,13
New South Wales,NSW,Wallabia bicolor,Swamp Wallaby,Wallaby,-31.75,152.0,2
New South Wales,NSW,Wallabia bicolor,Swamp Wallaby,Wallaby,-31.75,152.25,6
New South Wales,NSW,Wallabia bicolor,Swamp Wallaby,Wallaby,-31.75,152.5,14
New South Wales,NSW,Wallabia bicolor,Swamp Wallaby,Wallaby,-31.75,152.75,25
New South Wales,NSW,Wallabia bicolor,Swamp Wallaby,Wallaby,-31.5,146.75,1
New South Wales,NSW,Wallabia bicolor,Swamp Wallaby,Wallaby,-31.5,148.5,2
New South Wales,NSW,Wallabia bicolor,Swamp Wallaby,Wallaby,-31.5,149.75,1
New South Wales,NSW,Wallabia bicolor,Swamp Wallaby,Wallaby,-31.5,150.0,1
New South Wales,NSW,Wallabia bicolor,Swamp Wallaby,Wallaby,-31.5,150.5,7
New South Wales,NSW,Wallabia bicolor,Swamp Wallaby,Wallaby,-31.5,150.75,118
New South Wales,NSW,Wallabia bicolor,Swamp Wallaby,Wallaby,-31.5,151.25,42
New South Wales,NSW,Wallabia bicolor,Swamp Wallaby,Wallaby,-31.5,151.5,29
New South Wales,NSW,Wallabia bicolor,Swamp Wallaby,Wallaby,-31.5,152.0,342
New South Wales,NSW,Wallabia bicolor,Swamp Wallaby,Wallaby,-31.5,152.25,135
New South Wales,NSW,Wallabia bicolor,Swamp Wallaby,Wallaby,-31.5,152.5,58
New South Wales,NSW,Wallabia bicolor,Swamp Wallaby,Wallaby,-31.5,152.75,53
New South Wales,NSW,Wallabia bicolor,Swamp Wallaby,Wallaby,-31.5,153.0,5
New South Wales,NSW,Wallabia bicolor,Swamp Wallaby,Wallaby,-31.25,146.75,1
New South Wales,NSW,Wallabia bicolor,Swamp Wallaby,Wallaby,-31.25,148.75,5
New South Wales,NSW,Wallabia bicolor,Swamp Wallaby,Wallaby,-31.25,149.0,7
New South Wales,NSW,Wallabia bicolor,Swamp Wallaby,Wallaby,-31.25,149.25,2
New South Wales,NSW,Wallabia bicolor,Swamp Wallaby,Wallaby,-31.25,151.0,1
New South Wales,NSW,Wallabia bicolor,Swamp Wallaby,Wallaby,-31.25,151.75,22
New South Wales,NSW,Wallabia bicolor,Swamp Wallaby,Wallaby,-31.25,152.0,7
New South Wales,NSW,Wallabia bicolor,Swamp Wallaby,Wallaby,-31.25,152.25,1979
New South Wales,NSW,Wallabia bicolor,Swamp Wallaby,Wallaby,-31.25,152.5,143
New South Wales,NSW,Wallabia bicolor,Swamp Wallaby,Wallaby,-31.25,152.75,96
New South Wales,NSW,Wallabia bicolor,Swamp Wallaby,Wallaby,-31.25,153.0,31
New South Wales,NSW,Wallabia bicolor,Swamp Wallaby,Wallaby,-31.0,146.75,1
New South Wales,NSW,Wallabia bicolor,Swamp Wallaby,Wallaby,-31.0,148.75,1
New South Wales,NSW,Wallabia bicolor,Swamp Wallaby,Wallaby,-31.0,149.0,4
New South Wales,NSW,Wallabia bicolor,Swamp Wallaby,Wallaby,-31.0,149.25,2
New South Wales,NSW,Wallabia bicolor,Swamp Wallaby,Wallaby,-31.0,150.0,195
New South Wales,NSW,Wallabia bicolor,Swamp Wallaby,Wallaby,-31.0,150.25,3
New South Wales,NSW,Wallabia bicolor,Swamp Wallaby,Wallaby,-31.0,150.75,2
New South Wales,NSW,Wallabia bicolor,Swamp Wallaby,Wallaby,-31.0,151.0,11
New South Wales,NSW,Wallabia bicolor,Swamp Wallaby,Wallaby,-31.0,151.5,31
New South Wales,NSW,Wallabia bicolor,Swamp Wallaby,Wallaby,-31.0,151.75,45
New South Wales,NSW,Wallabia bicolor,Swamp Wallaby,Wallaby,-31.0,152.0,248
New South Wales,NSW,Wallabia bicolor,Swamp Wallaby,Wallaby,-31.0,152.25,391
New South Wales,NSW,Wallabia bicolor,Swamp Wallaby,Wallaby,-31.0,152.75,9
New South Wales,NSW,Wallabia bicolor,Swamp Wallaby,Wallaby,-31.0,153.0,28
New South Wales,NSW,Wallabia bicolor,Swamp Wallaby,Wallaby,-30.75,148.75,1
New South Wales,NSW,Wallabia bicolor,Swamp Wallaby,Wallaby,-30.75,149.0,1
New South Wales,NSW,Wallabia bicolor,Swamp Wallaby,Wallaby,-30.75,149.25,77
New South Wales,NSW,Wallabia bicolor,Swamp Wallaby,Wallaby,-30.75,149.5,2
New South Wales,NSW,Wallabia bicolor,Swamp Wallaby,Wallaby,-30.75,149.75,28
New South Wales,NSW,Wallabia bicolor,Swamp Wallaby,Wallaby,-30.75,150.0,47
New South Wales,NSW,Wallabia bicolor,Swamp Wallaby,Wallaby,-30.75,150.25,468
New South Wales,NSW,Wallabia bicolor,Swamp Wallaby,Wallaby,-30.75,151.5,10
New South Wales,NSW,Wallabia bicolor,Swamp Wallaby,Wallaby,-30.75,151.75,26
New South Wales,NSW,Wallabia bicolor,Swamp Wallaby,Wallaby,-30.75,152.0,65
New South Wales,NSW,Wallabia bicolor,Swamp Wallaby,Wallaby,-30.75,152.25,1
New South Wales,NSW,Wallabia bicolor,Swamp Wallaby,Wallaby,-30.75,152.5,1
New South Wales,NSW,Wallabia bicolor,Swamp Wallaby,Wallaby,-30.75,152.75,4
New South Wales,NSW,Wallabia bicolor,Swamp Wallaby,Wallaby,-30.75,153.0,50
New South Wales,NSW,Wallabia bicolor,Swamp Wallaby,Wallaby,-30.5,146.5,1
New South Wales,NSW,Wallabia bicolor,Swamp Wallaby,Wallaby,-30.5,149.0,4
New South Wales,NSW,Wallabia bicolor,Swamp Wallaby,Wallaby,-30.5,149.25,2762
New South Wales,NSW,Wallabia bicolor,Swamp Wallaby,Wallaby,-30.5,149.5,17
New South Wales,NSW,Wallabia bicolor,Swamp Wallaby,Wallaby,-30.5,149.75,112
New South Wales,NSW,Wallabia bicolor,Swamp Wallaby,Wallaby,-30.5,150.0,188
New South Wales,NSW,Wallabia bicolor,Swamp Wallaby,Wallaby,-30.5,150.25,863
New South Wales,NSW,Wallabia bicolor,Swamp Wallaby,Wallaby,-30.5,150.5,300
New South Wales,NSW,Wallabia bicolor,Swamp Wallaby,Wallaby,-30.5,151.0,26
New South Wales,NSW,Wallabia bicolor,Swamp Wallaby,Wallaby,-30.5,151.25,21
New South Wales,NSW,Wallabia bicolor,Swamp Wallaby,Wallaby,-30.5,151.5,116
New South Wales,NSW,Wallabia bicolor,Swamp Wallaby,Wallaby,-30.5,151.75,261
New South Wales,NSW,Wallabia bicolor,Swamp Wallaby,Wallaby,-30.5,152.0,39
New South Wales,NSW,Wallabia bicolor,Swamp Wallaby,Wallaby,-30.5,152.25,109
New South Wales,NSW,Wallabia bicolor,Swamp Wallaby,Wallaby,-30.5,152.5,2
New South Wales,NSW,Wallabia bicolor,Swamp Wallaby,Wallaby,-30.5,152.75,6
New South Wales,NSW,Wallabia bicolor,Swamp Wallaby,Wallaby,-30.5,153.0,70
New South Wales,NSW,Wallabia bicolor,Swamp Wallaby,Wallaby,-30.25,149.5,1
New South Wales,NSW,Wallabia bicolor,Swamp Wallaby,Wallaby,-30.25,149.75,2
New South Wales,NSW,Wallabia bicolor,Swamp Wallaby,Wallaby,-30.25,150.0,2
New South Wales,NSW,Wallabia bicolor,Swamp Wallaby,Wallaby,-30.25,150.25,160
New South Wales,NSW,Wallabia bicolor,Swamp Wallaby,Wallaby,-30.25,150.75,234
New South Wales,NSW,Wallabia bicolor,Swamp Wallaby,Wallaby,-30.25,151.0,6
New South Wales,NSW,Wallabia bicolor,Swamp Wallaby,Wallaby,-30.25,151.25,6
New South Wales,NSW,Wallabia bicolor,Swamp Wallaby,Wallaby,-30.25,151.5,33
New South Wales,NSW,Wallabia bicolor,Swamp Wallaby,Wallaby,-30.25,151.75,7
New South Wales,NSW,Wallabia bicolor,Swamp Wallaby,Wallaby,-30.25,152.25,11
New South Wales,NSW,Wallabia bicolor,Swamp Wallaby,Wallaby,-30.25,152.5,4
New South Wales,NSW,Wallabia bicolor,Swamp Wallaby,Wallaby,-30.25,152.75,1
New South Wales,NSW,Wallabia bicolor,Swamp Wallaby,Wallaby,-30.25,153.0,55
New South Wales,NSW,Wallabia bicolor,Swamp Wallaby,Wallaby,-30.25,153.25,28
New South Wales,NSW,Wallabia bicolor,Swamp Wallaby,Wallaby,-30.0,150.25,9
New South Wales,NSW,Wallabia bicolor,Swamp Wallaby,Wallaby,-30.0,150.75,43
New South Wales,NSW,Wallabia bicolor,Swamp Wallaby,Wallaby,-30.0,151.25,107
New South Wales,NSW,Wallabia bicolor,Swamp Wallaby,Wallaby,-30.0,151.5,9
New South Wales,NSW,Wallabia bicolor,Swamp Wallaby,Wallaby,-30.0,151.75,13
New South Wales,NSW,Wallabia bicolor,Swamp Wallaby,Wallaby,-30.0,152.0,28
New South Wales,NSW,Wallabia bicolor,Swamp Wallaby,Wallaby,-30.0,152.25,267
New South Wales,NSW,Wallabia bicolor,Swamp Wallaby,Wallaby,-30.0,152.75,6
New South Wales,NSW,Wallabia bicolor,Swamp Wallaby,Wallaby,-30.0,153.0,22
New South Wales,NSW,Wallabia bicolor,Swamp Wallaby,Wallaby,-30.0,153.25,36
New South Wales,NSW,Wallabia bicolor,Swamp Wallaby,Wallaby,-29.75,148.25,1
New South Wales,NSW,Wallabia bicolor,Swamp Wallaby,Wallaby,-29.75,150.25,8
New South Wales,NSW,Wallabia bicolor,Swamp Wallaby,Wallaby,-29.75,150.5,30
New South Wales,NSW,Wallabia bicolor,Swamp Wallaby,Wallaby,-29.75,151.0,12
New South Wales,NSW,Wallabia bicolor,Swamp Wallaby,Wallaby,-29.75,151.25,154
New South Wales,NSW,Wallabia bicolor,Swamp Wallaby,Wallaby,-29.75,151.75,13
New South Wales,NSW,Wallabia bicolor,Swamp Wallaby,Wallaby,-29.75,152.0,2
New South Wales,NSW,Wallabia bicolor,Swamp Wallaby,Wallaby,-29.75,152.25,76
New South Wales,NSW,Wallabia bicolor,Swamp Wallaby,Wallaby,-29.75,152.5,1
New South Wales,NSW,Wallabia bicolor,Swamp Wallaby,Wallaby,-29.75,152.75,1
New South Wales,NSW,Wallabia bicolor,Swamp Wallaby,Wallaby,-29.75,153.0,1
New South Wales,NSW,Wallabia bicolor,Swamp Wallaby,Wallaby,-29.75,153.25,8
New South Wales,NSW,Wallabia bicolor,Swamp Wallaby,Wallaby,-29.5,149.75,4
New South Wales,NSW,Wallabia bicolor,Swamp Wallaby,Wallaby,-29.5,150.0,2
New South Wales,NSW,Wallabia bicolor,Swamp Wallaby,Wallaby,-29.5,150.25,1
New South Wales,NSW,Wallabia bicolor,Swamp Wallaby,Wallaby,-29.5,150.5,1
New South Wales,NSW,Wallabia bicolor,Swamp Wallaby,Wallaby,-29.5,150.75,1
New South Wales,NSW,Wallabia bicolor,Swamp Wallaby,Wallaby,-29.5,151.0,2
New South Wales,NSW,Wallabia bicolor,Swamp Wallaby,Wallaby,-29.5,151.25,63
New South Wales,NSW,Wallabia bicolor,Swamp Wallaby,Wallaby,-29.5,151.5,20
New South Wales,NSW,Wallabia bicolor,Swamp Wallaby,Wallaby,-29.5,151.75,22
New South Wales,NSW,Wallabia bicolor,Swamp Wallaby,Wallaby,-29.5,152.0,161
New South Wales,NSW,Wallabia bicolor,Swamp Wallaby,Wallaby,-29.5,152.25,175
New South Wales,NSW,Wallabia bicolor,Swamp Wallaby,Wallaby,-29.5,152.5,1
New South Wales,NSW,Wallabia bicolor,Swamp Wallaby,Wallaby,-29.5,152.75,20
New South Wales,NSW,Wallabia bicolor,Swamp Wallaby,Wallaby,-29.5,153.0,2
New South Wales,NSW,Wallabia bicolor,Swamp Wallaby,Wallaby,-29.5,153.25,30
New South Wales,NSW,Wallabia bicolor,Swamp Wallaby,Wallaby,-29.25,149.5,1
New South Wales,NSW,Wallabia bicolor,Swamp Wallaby,Wallaby,-29.25,150.75,82
New South Wales,NSW,Wallabia bicolor,Swamp Wallaby,Wallaby,-29.25,151.0,124
New South Wales,NSW,Wallabia bicolor,Swamp Wallaby,Wallaby,-29.25,151.25,2
New South Wales,NSW,Wallabia bicolor,Swamp Wallaby,Wallaby,-29.25,151.5,2
New South Wales,NSW,Wallabia bicolor,Swamp Wallaby,Wallaby,-29.25,151.75,12
New South Wales,NSW,Wallabia bicolor,Swamp Wallaby,Wallaby,-29.25,152.0,61
New South Wales,NSW,Wallabia bicolor,Swamp Wallaby,Wallaby,-29.25,152.25,1
New South Wales,NSW,Wallabia bicolor,Swamp Wallaby,Wallaby,-29.25,152.75,3
New South Wales,NSW,Wallabia bicolor,Swamp Wallaby,Wallaby,-29.25,153.0,11
New South Wales,NSW,Wallabia bicolor,Swamp Wallaby,Wallaby,-29.25,153.25,116
New South Wales,NSW,Wallabia bicolor,Swamp Wallaby,Wallaby,-29.25,153.5,12
New South Wales,NSW,Wallabia bicolor,Swamp Wallaby,Wallaby,-29.0,149.25,1
New South Wales,NSW,Wallabia bicolor,Swamp Wallaby,Wallaby,-29.0,150.75,5
New South Wales,NSW,Wallabia bicolor,Swamp Wallaby,Wallaby,-29.0,151.0,4
New South Wales,NSW,Wallabia bicolor,Swamp Wallaby,Wallaby,-29.0,151.25,10
New South Wales,NSW,Wallabia bicolor,Swamp Wallaby,Wallaby,-29.0,151.5,1
New South Wales,NSW,Wallabia bicolor,Swamp Wallaby,Wallaby,-29.0,151.75,3
New South Wales,NSW,Wallabia bicolor,Swamp Wallaby,Wallaby,-29.0,152.0,25
New South Wales,NSW,Wallabia bicolor,Swamp Wallaby,Wallaby,-29.0,152.25,21
New South Wales,NSW,Wallabia bicolor,Swamp Wallaby,Wallaby,-29.0,152.75,6
New South Wales,NSW,Wallabia bicolor,Swamp Wallaby,Wallaby,-29.0,153.25,26
New South Wales,NSW,Wallabia bicolor,Swamp Wallaby,Wallaby,-29.0,153.5,82
New South Wales,NSW,Wallabia bicolor,Swamp Wallaby,Wallaby,-28.75,150.75,29
New South Wales,NSW,Wallabia bicolor,Swamp Wallaby,Wallaby,-28.75,152.0,18
New South Wales,NSW,Wallabia bicolor,Swamp Wallaby,Wallaby,-28.75,152.25,56
New South Wales,NSW,Wallabia bicolor,Swamp Wallaby,Wallaby,-28.75,152.75,4
New South Wales,NSW,Wallabia bicolor,Swamp Wallaby,Wallaby,-28.75,153.0,8
New South Wales,NSW,Wallabia bicolor,Swamp Wallaby,Wallaby,-28.75,153.25,27
New South Wales,NSW,Wallabia bicolor,Swamp Wallaby,Wallaby,-28.75,153.5,315
New South Wales,NSW,Wallabia bicolor,Swamp Wallaby,Wallaby,-28.75,153.75,47
New South Wales,NSW,Wallabia bicolor,Swamp Wallaby,Wallaby,-28.5,152.25,1
New South Wales,NSW,Wallabia bicolor,Swamp Wallaby,Wallaby,-28.5,153.0,2
New South Wales,NSW,Wallabia bicolor,Swamp Wallaby,Wallaby,-28.5,153.25,15
New South Wales,NSW,Wallabia bicolor,Swamp Wallaby,Wallaby,-28.5,153.5,129
New South Wales,NSW,Wallabia bicolor,Swamp Wallaby,Wallaby,-28.25,152.5,22
New South Wales,NSW,Wallabia bicolor,Swamp Wallaby,Wallaby,-28.25,152.75,1
New South Wales,NSW,Wallabia bicolor,Swamp Wallaby,Wallaby,-28.25,153.25,15
New South Wales,NSW,Wallabia bicolor,Swamp Wallaby,Wallaby,-28.25,153.5,200
Northern Territory,NT,Notamacropus rufogriseus,Red-necked Wallaby,Wallaby,-25.5,134.25,1
Northern Territory,NT,Osphranter robustus,Common Wallaroo,Wallaroo,-25.5,134.25,1
Northern Territory,NT,Osphranter robustus,Common Wallaroo,Wallaroo,-25.25,133.25,1
Northern Territory,NT,Osphranter robustus,Common Wallaroo,Wallaroo,-24.25,131.5,3
Northern Territory,NT,Osphranter robustus,Common Wallaroo,Wallaroo,-24.0,134.0,1
Northern Territory,NT,Osphranter robustus,Common Wallaroo,Wallaroo,-23.75,133.0,1
Northern Territory,NT,Osphranter robustus,Common Wallaroo,Wallaroo,-23.75,133.25,1
Northern Territory,NT,Osphranter robustus,Common Wallaroo,Wallaroo,-23.75,133.75,5
Northern Territory,NT,Osphranter robustus,Common Wallaroo,Wallaroo,-23.75,134.0,117
Northern Territory,NT,Osphranter robustus,Common Wallaroo,Wallaroo,-23.75,134.25,1
Northern Territory,NT,Osphranter robustus,Common Wallaroo,Wallaroo,-23.5,132.5,1
Northern Territory,NT,Osphranter robustus,Common Wallaroo,Wallaroo,-23.5,132.75,4
Northern Territory,NT,Osphranter robustus,Common Wallaroo,Wallaroo,-23.5,134.0,2
Northern Territory,NT,Osphranter robustus,Common Wallaroo,Wallaroo,-22.75,131.25,7
Northern Territory,NT,Osphranter robustus,Common Wallaroo,Wallaroo,-21.5,134.0,1
Northern Territory,NT,Osphranter robustus,Common Wallaroo,Wallaroo,-19.5,134.25,1
Northern Territory,NT,Osphranter robustus,Common Wallaroo,Wallaroo,-18.75,134.0,1
Northern Territory,NT,Osphranter robustus,Common Wallaroo,Wallaroo,-18.0,133.75,8
Northern Territory,NT,Osphranter robustus,Common Wallaroo,Wallaroo,-17.75,133.75,3
Northern Territory,NT,Osphranter robustus,Common Wallaroo,Wallaroo,-17.25,137.75,1
Northern Territory,NT,Osphranter robustus,Common Wallaroo,Wallaroo,-16.75,135.75,2
Northern Territory,NT,Osphranter robustus,Common Wallaroo,Wallaroo,-16.75,137.5,3
Northern Territory,NT,Osphranter robustus,Common Wallaroo,Wallaroo,-16.5,133.5,2
Northern Territory,NT,Osphranter robustus,Common Wallaroo,Wallaroo,-16.5,135.0,5
Northern Territory,NT,Osphranter robustus,Common Wallaroo,Wallaroo,-16.5,137.5,1
Northern Territory,NT,Osphranter robustus,Common Wallaroo,Wallaroo,-15.75,132.5,49
Northern Territory,NT,Osphranter robustus,Common Wallaroo,Wallaroo,-15.75,133.0,2
Northern Territory,NT,Osphranter robustus,Common Wallaroo,Wallaroo,-15.5,129.5,1
Northern Territory,NT,Osphranter robustus,Common Wallaroo,Wallaroo,-15.5,129.75,6
Northern Territory,NT,Osphranter robustus,Common Wallaroo,Wallaroo,-15.5,132.5,1
Northern Territory,NT,Osphranter robustus,Common Wallaroo,Wallaroo,-15.5,133.75,37
Northern Territory,NT,Osphranter robustus,Common Wallaroo,Wallaroo,-15.25,129.75,1
Northern Territory,NT,Osphranter robustus,Common Wallaroo,Wallaroo,-15.25,133.75,40
Northern Territory,NT,Osphranter robustus,Common Wallaroo,Wallaroo,-15.0,132.0,28
Northern Territory,NT,Osphranter robustus,Common Wallaroo,Wallaroo,-15.0,132.75,3
Northern Territory,NT,Osphranter robustus,Common Wallaroo,Wallaroo,-14.25,132.5,7
Northern Territory,NT,Osphranter robustus,Common Wallaroo,Wallaroo,-14.25,134.0,8
Northern Territory,NT,Osphranter robustus,Common Wallaroo,Wallaroo,-14.25,134.25,21
Northern Territory,NT,Osphranter robustus,Common Wallaroo,Wallaroo,-14.25,134.5,8
Northern Territory,NT,Osphranter robustus,Common Wallaroo,Wallaroo,-14.0,134.25,7
Northern Territory,NT,Osphranter robustus,Common Wallaroo,Wallaroo,-14.0,134.5,6
Northern Territory,NT,Osphranter robustus,Common Wallaroo,Wallaroo,-13.75,131.75,1
Northern Territory,NT,Osphranter robustus,Common Wallaroo,Wallaroo,-13.5,131.75,2
Northern Territory,NT,Osphranter robustus,Common Wallaroo,Wallaroo,-13.25,133.0,2
Northern Territory,NT,Osphranter robustus,Common Wallaroo,Wallaroo,-13.25,133.25,51
Northern Territory,NT,Osphranter robustus,Common Wallaroo,Wallaroo,-13.25,133.5,3
Northern Territory,NT,Osphranter robustus,Common Wallaroo,Wallaroo,-13.0,133.25,3
Northern Territory,NT,Osphranter robustus,Common Wallaroo,Wallaroo,-13.0,133.5,2
Northern Territory,NT,Osphranter robustus,Common Wallaroo,Wallaroo,-13.0,134.0,1
Northern Territory,NT,Osphranter robustus,Common Wallaroo,Wallaroo,-12.75,131.0,24
Northern Territory,NT,Osphranter robustus,Common Wallaroo,Wallaroo,-12.75,132.75,4
Northern Territory,NT,Osphranter robustus,Common Wallaroo,Wallaroo,-12.75,133.0,1
Northern Territory,NT,Osphranter robustus,Common Wallaroo,Wallaroo,-12.75,133.25,30
Northern Territory,NT,Osphranter robustus,Common Wallaroo,Wallaroo,-12.75,133.5,10
Northern Territory,NT,Osphranter robustus,Common Wallaroo,Wallaroo,-12.75,134.0,61
Northern Territory,NT,Osphranter robustus,Common Wallaroo,Wallaroo,-12.5,133.0,1
Northern Territory,NT,Osphranter robustus,Common Wallaroo,Wallaroo,-12.5,133.25,3
Northern Territory,NT,Osphranter robustus,Common Wallaroo,Wallaroo,-12.5,133.5,14
Northern Territory,NT,Osphranter robustus,Common Wallaroo,Wallaroo,-12.5,133.75,11
Northern Territory,NT,Osphranter robustus,Common Wallaroo,Wallaroo,-12.5,134.0,6
Northern Territory,NT,Osphranter rufus,Red Kangaroo,Kangaroo,-26.0,133.0,1
Northern Territory,NT,Osphranter rufus,Red Kangaroo,Kangaroo,-25.25,132.5,1
Northern Territory,NT,Osphranter rufus,Red Kangaroo,Kangaroo,-25.25,132.75,2
Northern Territory,NT,Osphranter rufus,Red Kangaroo,Kangaroo,-24.5,133.0,1
Northern Territory,NT,Osphranter rufus,Red Kangaroo,Kangaroo,-23.75,133.75,4
Northern Territory,NT,Osphranter rufus,Red Kangaroo,Kangaroo,-23.75,134.0,3
Northern Territory,NT,Osphranter rufus,Red Kangaroo,Kangaroo,-22.5,133.25,1
Northern Territory,NT,Osphranter rufus,Red Kangaroo,Kangaroo,-21.25,134.0,1
Northern Territory,NT,Osphranter rufus,Red Kangaroo,Kangaroo,-20.0,137.75,1
Northern Territory,NT,Osphranter rufus,Red Kangaroo,Kangaroo,-19.75,134.25,1
Northern Territory,NT,Osphranter rufus,Red Kangaroo,Kangaroo,-17.75,133.5,1
Northern Territory,NT,Osphranter rufus,Red Kangaroo,Kangaroo,-17.25,133.75,1
Northern Territory,NT,Osphranter rufus,Red Kangaroo,Kangaroo,-17.0,133.25,8
Northern Territory,NT,Osphranter rufus,Red Kangaroo,Kangaroo,-16.5,133.5,3
Queensland,QLD,Macropus fuliginosus,Western Grey Kangaroo,Kangaroo,-28.0,145.5,1
Queensland,QLD,Macropus fuliginosus,Western Grey Kangaroo,Kangaroo,-28.0,145.75,1
Queensland,QLD,Macropus giganteus,Eastern Grey Kangaroo,Kangaroo,-29.0,151.5,33
Queensland,QLD,Macropus giganteus,Eastern Grey Kangaroo,Kangaroo,-29.0,152.0,1
Queensland,QLD,Macropus giganteus,Eastern Grey Kangaroo,Kangaroo,-28.75,148.75,3
Queensland,QLD,Macropus giganteus,Eastern Grey Kangaroo,Kangaroo,-28.75,151.75,13
Queensland,QLD,Macropus giganteus,Eastern Grey Kangaroo,Kangaroo,-28.75,152.0,131
Queensland,QLD,Macropus giganteus,Eastern Grey Kangaroo,Kangaroo,-28.5,150.25,9
Queensland,QLD,Macropus giganteus,Eastern Grey Kangaroo,Kangaroo,-28.5,150.75,4
Queensland,QLD,Macropus giganteus,Eastern Grey Kangaroo,Kangaroo,-28.5,151.25,12
Queensland,QLD,Macropus giganteus,Eastern Grey Kangaroo,Kangaroo,-28.5,151.75,3
Queensland,QLD,Macropus giganteus,Eastern Grey Kangaroo,Kangaroo,-28.5,152.0,1
Queensland,QLD,Macropus giganteus,Eastern Grey Kangaroo,Kangaroo,-28.25,151.25,2
Queensland,QLD,Macropus giganteus,Eastern Grey Kangaroo,Kangaroo,-28.25,151.5,1
Queensland,QLD,Macropus giganteus,Eastern Grey Kangaroo,Kangaroo,-28.25,151.75,1
Queensland,QLD,Macropus giganteus,Eastern Grey Kangaroo,Kangaroo,-28.25,152.0,3
Queensland,QLD,Macropus giganteus,Eastern Grey Kangaroo,Kangaroo,-28.25,152.25,2
Queensland,QLD,Macropus giganteus,Eastern Grey Kangaroo,Kangaroo,-28.25,152.5,4
Queensland,QLD,Macropus giganteus,Eastern Grey Kangaroo,Kangaroo,-28.25,152.75,8
Queensland,QLD,Macropus giganteus,Eastern Grey Kangaroo,Kangaroo,-28.25,153.0,2
Queensland,QLD,Macropus giganteus,Eastern Grey Kangaroo,Kangaroo,-28.25,153.25,1
Queensland,QLD,Macropus giganteus,Eastern Grey Kangaroo,Kangaroo,-28.25,153.5,8
Queensland,QLD,Macropus giganteus,Eastern Grey Kangaroo,Kangaroo,-28.0,143.75,3
Queensland,QLD,Macropus giganteus,Eastern Grey Kangaroo,Kangaroo,-28.0,145.5,3
Queensland,QLD,Macropus giganteus,Eastern Grey Kangaroo,Kangaroo,-28.0,145.75,10
Queensland,QLD,Macropus giganteus,Eastern Grey Kangaroo,Kangaroo,-28.0,146.0,1
Queensland,QLD,Macropus giganteus,Eastern Grey Kangaroo,Kangaroo,-28.0,147.5,2
Queensland,QLD,Macropus giganteus,Eastern Grey Kangaroo,Kangaroo,-28.0,148.25,1
Queensland,QLD,Macropus giganteus,Eastern Grey Kangaroo,Kangaroo,-28.0,148.5,1
Queensland,QLD,Macropus giganteus,Eastern Grey Kangaroo,Kangaroo,-28.0,148.75,10
Queensland,QLD,Macropus giganteus,Eastern Grey Kangaroo,Kangaroo,-28.0,149.0,1
Queensland,QLD,Macropus giganteus,Eastern Grey Kangaroo,Kangaroo,-28.0,149.25,1
Queensland,QLD,Macropus giganteus,Eastern Grey Kangaroo,Kangaroo,-28.0,151.5,3
Queensland,QLD,Macropus giganteus,Eastern Grey Kangaroo,Kangaroo,-28.0,152.0,3
Queensland,QLD,Macropus giganteus,Eastern Grey Kangaroo,Kangaroo,-28.0,152.25,2
Queensland,QLD,Macropus giganteus,Eastern Grey Kangaroo,Kangaroo,-28.0,152.5,14
Queensland,QLD,Macropus giganteus,Eastern Grey Kangaroo,Kangaroo,-28.0,152.75,37
Queensland,QLD,Macropus giganteus,Eastern Grey Kangaroo,Kangaroo,-28.0,153.0,37
Queensland,QLD,Macropus giganteus,Eastern Grey Kangaroo,Kangaroo,-28.0,153.25,258
Queensland,QLD,Macropus giganteus,Eastern Grey Kangaroo,Kangaroo,-28.0,153.5,76
Queensland,QLD,Macropus giganteus,Eastern Grey Kangaroo,Kangaroo,-27.75,142.5,1
Queensland,QLD,Macropus giganteus,Eastern Grey Kangaroo,Kangaroo,-27.75,150.75,2
Queensland,QLD,Macropus giganteus,Eastern Grey Kangaroo,Kangaroo,-27.75,151.0,3
Queensland,QLD,Macropus giganteus,Eastern Grey Kangaroo,Kangaroo,-27.75,151.75,1
Queensland,QLD,Macropus giganteus,Eastern Grey Kangaroo,Kangaroo,-27.75,152.0,2
Queensland,QLD,Macropus giganteus,Eastern Grey Kangaroo,Kangaroo,-27.75,152.5,50
Queensland,QLD,Macropus giganteus,Eastern Grey Kangaroo,Kangaroo,-27.75,152.75,46
Queensland,QLD,Macropus giganteus,Eastern Grey Kangaroo,Kangaroo,-27.75,153.0,216
Queensland,QLD,Macropus giganteus,Eastern Grey Kangaroo,Kangaroo,-27.75,153.25,34
Queensland,QLD,Macropus giganteus,Eastern Grey Kangaroo,Kangaroo,-27.75,153.5,14
Queensland,QLD,Macropus giganteus,Eastern Grey Kangaroo,Kangaroo,-27.5,151.0,3
Queensland,QLD,Macropus giganteus,Eastern Grey Kangaroo,Kangaroo,-27.5,151.5,3
Queensland,QLD,Macropus giganteus,Eastern Grey Kangaroo,Kangaroo,-27.5,151.75,4
Queensland,QLD,Macropus giganteus,Eastern Grey Kangaroo,Kangaroo,-27.5,152.0,49
Queensland,QLD,Macropus giganteus,Eastern Grey Kangaroo,Kangaroo,-27.5,152.25,17
Queensland,QLD,Macropus giganteus,Eastern Grey Kangaroo,Kangaroo,-27.5,152.5,21
Queensland,QLD,Macropus giganteus,Eastern Grey Kangaroo,Kangaroo,-27.5,152.75,20
Queensland,QLD,Macropus giganteus,Eastern Grey Kangaroo,Kangaroo,-27.5,153.0,75
Queensland,QLD,Macropus giganteus,Eastern Grey Kangaroo,Kangaroo,-27.5,153.5,309
Queensland,QLD,Macropus giganteus,Eastern Grey Kangaroo,Kangaroo,-27.25,149.0,12
Queensland,QLD,Macropus giganteus,Eastern Grey Kangaroo,Kangaroo,-27.25,149.25,3
Queensland,QLD,Macropus giganteus,Eastern Grey Kangaroo,Kangaroo,-27.25,149.5,3
Queensland,QLD,Macropus giganteus,Eastern Grey Kangaroo,Kangaroo,-27.25,149.75,4
Queensland,QLD,Macropus giganteus,Eastern Grey Kangaroo,Kangaroo,-27.25,150.0,1
Queensland,QLD,Macropus giganteus,Eastern Grey Kangaroo,Kangaroo,-27.25,150.5,2
Queensland,QLD,Macropus giganteus,Eastern Grey Kangaroo,Kangaroo,-27.25,150.75,1
Queensland,QLD,Macropus giganteus,Eastern Grey Kangaroo,Kangaroo,-27.25,151.0,16
Queensland,QLD,Macropus giganteus,Eastern Grey Kangaroo,Kangaroo,-27.25,151.25,3
Queensland,QLD,Macropus giganteus,Eastern Grey Kangaroo,Kangaroo,-27.25,151.5,2
Queensland,QLD,Macropus giganteus,Eastern Grey Kangaroo,Kangaroo,-27.25,151.75,1
Queensland,QLD,Macropus giganteus,Eastern Grey Kangaroo,Kangaroo,-27.25,152.0,1
Queensland,QLD,Macropus giganteus,Eastern Grey Kangaroo,Kangaroo,-27.25,152.25,20
Queensland,QLD,Macropus giganteus,Eastern Grey Kangaroo,Kangaroo,-27.25,152.5,49
Queensland,QLD,Macropus giganteus,Eastern Grey Kangaroo,Kangaroo,-27.25,152.75,4
Queensland,QLD,Macropus giganteus,Eastern Grey Kangaroo,Kangaroo,-27.25,153.0,265
Queensland,QLD,Macropus giganteus,Eastern Grey Kangaroo,Kangaroo,-27.0,149.0,8
Queensland,QLD,Macropus giganteus,Eastern Grey Kangaroo,Kangaroo,-27.0,149.75,2
Queensland,QLD,Macropus giganteus,Eastern Grey Kangaroo,Kangaroo,-27.0,150.0,1
Queensland,QLD,Macropus giganteus,Eastern Grey Kangaroo,Kangaroo,-27.0,150.25,1
Queensland,QLD,Macropus giganteus,Eastern Grey Kangaroo,Kangaroo,-27.0,151.25,2
Queensland,QLD,Macropus giganteus,Eastern Grey Kangaroo,Kangaroo,-27.0,151.5,5
Queensland,QLD,Macropus giganteus,Eastern Grey Kangaroo,Kangaroo,-27.0,152.25,3
Queensland,QLD,Macropus giganteus,Eastern Grey Kangaroo,Kangaroo,-27.0,152.5,3
Queensland,QLD,Macropus giganteus,Eastern Grey Kangaroo,Kangaroo,-27.0,152.75,5
Queensland,QLD,Macropus giganteus,Eastern Grey Kangaroo,Kangaroo,-27.0,153.0,61
Queensland,QLD,Macropus giganteus,Eastern Grey Kangaroo,Kangaroo,-27.0,153.25,63
Queensland,QLD,Macropus giganteus,Eastern Grey Kangaroo,Kangaroo,-26.75,149.0,3
Queensland,QLD,Macropus giganteus,Eastern Grey Kangaroo,Kangaroo,-26.75,150.25,3
Queensland,QLD,Macropus giganteus,Eastern Grey Kangaroo,Kangaroo,-26.75,150.5,2
Queensland,QLD,Macropus giganteus,Eastern Grey Kangaroo,Kangaroo,-26.75,150.75,1
Queensland,QLD,Macropus giganteus,Eastern Grey Kangaroo,Kangaroo,-26.75,151.5,1
Queensland,QLD,Macropus giganteus,Eastern Grey Kangaroo,Kangaroo,-26.75,152.25,1
Queensland,QLD,Macropus giganteus,Eastern Grey Kangaroo,Kangaroo,-26.75,152.5,5
Queensland,QLD,Macropus giganteus,Eastern Grey Kangaroo,Kangaroo,-26.75,152.75,4
Queensland,QLD,Macropus giganteus,Eastern Grey Kangaroo,Kangaroo,-26.75,153.0,136
Queensland,QLD,Macropus giganteus,Eastern Grey Kangaroo,Kangaroo,-26.75,153.25,5
Queensland,QLD,Macropus giganteus,Eastern Grey Kangaroo,Kangaroo,-26.5,146.25,3
Queensland,QLD,Macropus giganteus,Eastern Grey Kangaroo,Kangaroo,-26.5,147.25,1
Queensland,QLD,Macropus giganteus,Eastern Grey Kangaroo,Kangaroo,-26.5,148.0,2
Queensland,QLD,Macropus giganteus,Eastern Grey Kangaroo,Kangaroo,-26.5,148.75,6
Queensland,QLD,Macropus giganteus,Eastern Grey Kangaroo,Kangaroo,-26.5,151.25,1
Queensland,QLD,Macropus giganteus,Eastern Grey Kangaroo,Kangaroo,-26.5,151.75,1
Queensland,QLD,Macropus giganteus,Eastern Grey Kangaroo,Kangaroo,-26.5,152.0,2
Queensland,QLD,Macropus giganteus,Eastern Grey Kangaroo,Kangaroo,-26.5,152.25,1
Queensland,QLD,Macropus giganteus,Eastern Grey Kangaroo,Kangaroo,-26.5,152.5,3
Queensland,QLD,Macropus giganteus,Eastern Grey Kangaroo,Kangaroo,-26.5,152.75,6
Queensland,QLD,Macropus giganteus,Eastern Grey Kangaroo,Kangaroo,-26.5,153.0,107
Queensland,QLD,Macropus giganteus,Eastern Grey Kangaroo,Kangaroo,-26.25,146.25,1
Queensland,QLD,Macropus giganteus,Eastern Grey Kangaroo,Kangaroo,-26.25,149.0,1
Queensland,QLD,Macropus giganteus,Eastern Grey Kangaroo,Kangaroo,-26.25,149.25,1
Queensland,QLD,Macropus giganteus,Eastern Grey Kangaroo,Kangaroo,-26.25,149.75,5
Queensland,QLD,Macropus giganteus,Eastern Grey Kangaroo,Kangaroo,-26.25,150.0,1
Queensland,QLD,Macropus giganteus,Eastern Grey Kangaroo,Kangaroo,-26.25,151.25,1
Queensland,QLD,Macropus giganteus,Eastern Grey Kangaroo,Kangaroo,-26.25,152.0,1
Queensland,QLD,Macropus giganteus,Eastern Grey Kangaroo,Kangaroo,-26.25,152.5,2
Queensland,QLD,Macropus giganteus,Eastern Grey Kangaroo,Kangaroo,-26.25,152.75,34
Queensland,QLD,Macropus giganteus,Eastern Grey Kangaroo,Kangaroo,-26.25,153.0,129
Queensland,QLD,Macropus giganteus,Eastern Grey Kangaroo,Kangaroo,-26.0,146.5,5
Queensland,QLD,Macropus giganteus,Eastern Grey Kangaroo,Kangaroo,-26.0,149.0,1
Queensland,QLD,Macropus giganteus,Eastern Grey Kangaroo,Kangaroo,-26.0,150.0,1
Queensland,QLD,Macropus giganteus,Eastern Grey Kangaroo,Kangaroo,-26.0,151.5,1
Queensland,QLD,Macropus giganteus,Eastern Grey Kangaroo,Kangaroo,-26.0,152.5,123
Queensland,QLD,Macropus giganteus,Eastern Grey Kangaroo,Kangaroo,-26.0,152.75,9
Queensland,QLD,Macropus giganteus,Eastern Grey Kangaroo,Kangaroo,-26.0,153.0,1
Queensland,QLD,Macropus giganteus,Eastern Grey Kangaroo,Kangaroo,-25.75,146.5,1
Queensland,QLD,Macropus giganteus,Eastern Grey Kangaroo,Kangaroo,-25.75,148.5,3
Queensland,QLD,Macropus giganteus,Eastern Grey Kangaroo,Kangaroo,-25.75,148.75,1
Queensland,QLD,Macropus giganteus,Eastern Grey Kangaroo,Kangaroo,-25.75,149.75,1
Queensland,QLD,Macropus giganteus,Eastern Grey Kangaroo,Kangaroo,-25.75,152.0,1
Queensland,QLD,Macropus giganteus,Eastern Grey Kangaroo,Kangaroo,-25.75,152.25,1
Queensland,QLD,Macropus giganteus,Eastern Grey Kangaroo,Kangaroo,-25.75,152.5,4
Queensland,QLD,Macropus giganteus,Eastern Grey Kangaroo,Kangaroo,-25.75,152.75,35
Queensland,QLD,Macropus giganteus,Eastern Grey Kangaroo,Kangaroo,-25.75,153.0,5
Queensland,QLD,Macropus giganteus,Eastern Grey Kangaroo,Kangaroo,-25.5,142.75,1
Queensland,QLD,Macropus giganteus,Eastern Grey Kangaroo,Kangaroo,-25.5,148.75,3
Queensland,QLD,Macropus giganteus,Eastern Grey Kangaroo,Kangaroo,-25.5,149.5,2
Queensland,QLD,Macropus giganteus,Eastern Grey Kangaroo,Kangaroo,-25.5,149.75,4
Queensland,QLD,Macropus giganteus,Eastern Grey Kangaroo,Kangaroo,-25.5,151.75,1
Queensland,QLD,Macropus giganteus,Eastern Grey Kangaroo,Kangaroo,-25.5,152.5,2
Queensland,QLD,Macropus giganteus,Eastern Grey Kangaroo,Kangaroo,-25.5,152.75,26
Queensland,QLD,Macropus giganteus,Eastern Grey Kangaroo,Kangaroo,-25.5,153.0,15
Queensland,QLD,Macropus giganteus,Eastern Grey Kangaroo,Kangaroo,-25.25,148.75,1
Queensland,QLD,Macropus giganteus,Eastern Grey Kangaroo,Kangaroo,-25.25,149.25,1
Queensland,QLD,Macropus giganteus,Eastern Grey Kangaroo,Kangaroo,-25.25,149.5,1
Queensland,QLD,Macropus giganteus,Eastern Grey Kangaroo,Kangaroo,-25.25,150.25,2
Queensland,QLD,Macropus giganteus,Eastern Grey Kangaroo,Kangaroo,-25.25,152.0,2
Queensland,QLD,Macropus giganteus,Eastern Grey Kangaroo,Kangaroo,-25.25,152.25,1
Queensland,QLD,Macropus giganteus,Eastern Grey Kangaroo,Kangaroo,-25.25,152.5,14
Queensland,QLD,Macropus giganteus,Eastern Grey Kangaroo,Kangaroo,-25.25,152.75,41
Queensland,QLD,Macropus giganteus,Eastern Grey Kangaroo,Kangaroo,-25.25,153.0,6
Queensland,QLD,Macropus giganteus,Eastern Grey Kangaroo,Kangaroo,-25.0,146.25,4
Queensland,QLD,Macropus giganteus,Eastern Grey Kangaroo,Kangaroo,-25.0,147.75,1
Queensland,QLD,Macropus giganteus,Eastern Grey Kangaroo,Kangaroo,-25.0,148.0,6
Queensland,QLD,Macropus giganteus,Eastern Grey Kangaroo,Kangaroo,-25.0,148.25,79
Queensland,QLD,Macropus giganteus,Eastern Grey Kangaroo,Kangaroo,-25.0,148.75,12
Queensland,QLD,Macropus giganteus,Eastern Grey Kangaroo,Kangaroo,-25.0,152.0,5
Queensland,QLD,Macropus giganteus,Eastern Grey Kangaroo,Kangaroo,-25.0,152.25,5
Queensland,QLD,Macropus giganteus,Eastern Grey Kangaroo,Kangaroo,-25.0,152.5,24
Queensland,QLD,Macropus giganteus,Eastern Grey Kangaroo,Kangaroo,-24.75,146.5,1
Queensland,QLD,Macropus giganteus,Eastern Grey Kangaroo,Kangaroo,-24.75,147.25,1
Queensland,QLD,Macropus giganteus,Eastern Grey Kangaroo,Kangaroo,-24.75,148.0,1
Queensland,QLD,Macropus giganteus,Eastern Grey Kangaroo,Kangaroo,-24.75,151.0,7
Queensland,QLD,Macropus giganteus,Eastern Grey Kangaroo,Kangaroo,-24.75,152.25,6
Queensland,QLD,Macropus giganteus,Eastern Grey Kangaroo,Kangaroo,-24.75,152.5,54
Queensland,QLD,Macropus giganteus,Eastern Grey Kangaroo,Kangaroo,-24.5,148.5,1
Queensland,QLD,Macropus giganteus,Eastern Grey Kangaroo,Kangaroo,-24.5,149.25,1
Queensland,QLD,Macropus giganteus,Eastern Grey Kangaroo,Kangaroo,-24.5,150.5,2
Queensland,QLD,Macropus giganteus,Eastern Grey Kangaroo,Kangaroo,-24.5,151.25,2
Queensland,QLD,Macropus giganteus,Eastern Grey Kangaroo,Kangaroo,-24.5,151.75,3
Queensland,QLD,Macropus giganteus,Eastern Grey Kangaroo,Kangaroo,-24.5,152.0,2
Queensland,QLD,Macropus giganteus,Eastern Grey Kangaroo,Kangaroo,-24.25,145.25,1
Queensland,QLD,Macropus giganteus,Eastern Grey Kangaroo,Kangaroo,-24.25,148.75,1
Queensland,QLD,Macropus giganteus,Eastern Grey Kangaroo,Kangaroo,-24.25,151.25,2
Queensland,QLD,Macropus giganteus,Eastern Grey Kangaroo,Kangaroo,-24.25,151.5,4
Queensland,QLD,Macropus giganteus,Eastern Grey Kangaroo,Kangaroo,-24.25,151.75,12
Queensland,QLD,Macropus giganteus,Eastern Grey Kangaroo,Kangaroo,-24.25,152.0,22
Queensland,QLD,Macropus giganteus,Eastern Grey Kangaroo,Kangaroo,-24.0,148.0,1
Queensland,QLD,Macropus giganteus,Eastern Grey Kangaroo,Kangaroo,-24.0,150.25,1
Queensland,QLD,Macropus giganteus,Eastern Grey Kangaroo,Kangaroo,-24.0,151.25,23
Queensland,QLD,Macropus giganteus,Eastern Grey Kangaroo,Kangaroo,-24.0,151.5,1
Queensland,QLD,Macropus giganteus,Eastern Grey Kangaroo,Kangaroo,-24.0,151.75,1
Queensland,QLD,Macropus giganteus,Eastern Grey Kangaroo,Kangaroo,-23.75,141.0,1
Queensland,QLD,Macropus giganteus,Eastern Grey Kangaroo,Kangaroo,-23.75,145.25,1
Queensland,QLD,Macropus giganteus,Eastern Grey Kangaroo,Kangaroo,-23.75,146.5,1
Queensland,QLD,Macropus giganteus,Eastern Grey Kangaroo,Kangaroo,-23.75,146.75,1
Queensland,QLD,Macropus giganteus,Eastern Grey Kangaroo,Kangaroo,-23.75,148.25,3
Queensland,QLD,Macropus giganteus,Eastern Grey Kangaroo,Kangaroo,-23.75,149.25,2
Queensland,QLD,Macropus giganteus,Eastern Grey Kangaroo,Kangaroo,-23.75,149.75,2
Queensland,QLD,Macropus giganteus,Eastern Grey Kangaroo,Kangaroo,-23.75,150.5,2
Queensland,QLD,Macropus giganteus,Eastern Grey Kangaroo,Kangaroo,-23.75,151.25,3
Queensland,QLD,Macropus giganteus,Eastern Grey Kangaroo,Kangaroo,-23.5,144.25,8
Queensland,QLD,Macropus giganteus,Eastern Grey Kangaroo,Kangaroo,-23.5,145.25,2
Queensland,QLD,Macropus giganteus,Eastern Grey Kangaroo,Kangaroo,-23.5,146.25,1
Queensland,QLD,Macropus giganteus,Eastern Grey Kangaroo,Kangaroo,-23.5,147.0,1
Queensland,QLD,Macropus giganteus,Eastern Grey Kangaroo,Kangaroo,-23.5,147.75,5
Queensland,QLD,Macropus giganteus,Eastern Grey Kangaroo,Kangaroo,-23.5,148.25,4
Queensland,QLD,Macropus giganteus,Eastern Grey Kangaroo,Kangaroo,-23.5,149.0,1
Queensland,QLD,Macropus giganteus,Eastern Grey Kangaroo,Kangaroo,-23.5,149.25,4
Queensland,QLD,Macropus giganteus,Eastern Grey Kangaroo,Kangaroo,-23.5,150.5,79
Queensland,QLD,Macropus giganteus,Eastern Grey Kangaroo,Kangaroo,-23.25,146.75,1
Queensland,QLD,Macropus giganteus,Eastern Grey Kangaroo,Kangaroo,-23.25,148.75,1
Queensland,QLD,Macropus giganteus,Eastern Grey Kangaroo,Kangaroo,-23.25,150.5,15
Queensland,QLD,Macropus giganteus,Eastern Grey Kangaroo,Kangaroo,-23.25,150.75,7
Queensland,QLD,Macropus giganteus,Eastern Grey Kangaroo,Kangaroo,-23.0,147.5,1
Queensland,QLD,Macropus giganteus,Eastern Grey Kangaroo,Kangaroo,-23.0,150.75,2
Queensland,QLD,Macropus giganteus,Eastern Grey Kangaroo,Kangaroo,-22.75,147.5,4
Queensland,QLD,Macropus giganteus,Eastern Grey Kangaroo,Kangaroo,-22.75,147.75,2
Queensland,QLD,Macropus giganteus,Eastern Grey Kangaroo,Kangaroo,-22.75,148.75,4
Queensland,QLD,Macropus giganteus,Eastern Grey Kangaroo,Kangaroo,-22.5,143.0,3
Queensland,QLD,Macropus giganteus,Eastern Grey Kangaroo,Kangaroo,-22.5,143.25,2
Queensland,QLD,Macropus giganteus,Eastern Grey Kangaroo,Kangaroo,-22.5,145.75,1
Queensland,QLD,Macropus giganteus,Eastern Grey Kangaroo,Kangaroo,-22.5,148.25,1
Queensland,QLD,Macropus giganteus,Eastern Grey Kangaroo,Kangaroo,-22.5,148.75,1
Queensland,QLD,Macropus giganteus,Eastern Grey Kangaroo,Kangaroo,-22.25,146.75,1
Queensland,QLD,Macropus giganteus,Eastern Grey Kangaroo,Kangaroo,-22.25,147.0,1
Queensland,QLD,Macropus giganteus,Eastern Grey Kangaroo,Kangaroo,-22.25,149.5,15
Queensland,QLD,Macropus giganteus,Eastern Grey Kangaroo,Kangaroo,-22.0,148.25,1
Queensland,QLD,Macropus giganteus,Eastern Grey Kangaroo,Kangaroo,-21.75,148.5,1
Queensland,QLD,Macropus giganteus,Eastern Grey Kangaroo,Kangaroo,-21.75,148.75,1
Queensland,QLD,Macropus giganteus,Eastern Grey Kangaroo,Kangaroo,-21.75,149.5,5
Queensland,QLD,Macropus giganteus,Eastern Grey Kangaroo,Kangaroo,-21.75,150.25,1
Queensland,QLD,Macropus giganteus,Eastern Grey Kangaroo,Kangaroo,-21.5,146.75,2
Queensland,QLD,Macropus giganteus,Eastern Grey Kangaroo,Kangaroo,-21.5,148.0,1
Queensland,QLD,Macropus giganteus,Eastern Grey Kangaroo,Kangaroo,-21.5,148.25,2
Queensland,QLD,Macropus giganteus,Eastern Grey Kangaroo,Kangaroo,-21.25,145.0,1
Queensland,QLD,Macropus giganteus,Eastern Grey Kangaroo,Kangaroo,-21.25,148.0,2
Queensland,QLD,Macropus giganteus,Eastern Grey Kangaroo,Kangaroo,-21.25,149.0,2
Queensland,QLD,Macropus giganteus,Eastern Grey Kangaroo,Kangaroo,-21.0,144.25,1
Queensland,QLD,Macropus giganteus,Eastern Grey Kangaroo,Kangaroo,-21.0,147.75,1
Queensland,QLD,Macropus giganteus,Eastern Grey Kangaroo,Kangaroo,-21.0,149.0,32
Queensland,QLD,Macropus giganteus,Eastern Grey Kangaroo,Kangaroo,-20.75,143.25,2
Queensland,QLD,Macropus giganteus,Eastern Grey Kangaroo,Kangaroo,-20.75,144.0,1
Queensland,QLD,Macropus giganteus,Eastern Grey Kangaroo,Kangaroo,-20.75,145.25,1
Queensland,QLD,Macropus giganteus,Eastern Grey Kangaroo,Kangaroo,-20.75,148.5,1
Queensland,QLD,Macropus giganteus,Eastern Grey Kangaroo,Kangaroo,-20.75,148.75,1
Queensland,QLD,Macropus giganteus,Eastern Grey Kangaroo,Kangaroo,-20.5,145.5,1
Queensland,QLD,Macropus giganteus,Eastern Grey Kangaroo,Kangaroo,-20.5,147.75,2
Queensland,QLD,Macropus giganteus,Eastern Grey Kangaroo,Kangaroo,-20.5,148.5,4
Queensland,QLD,Macropus giganteus,Eastern Grey Kangaroo,Kangaroo,-20.25,145.75,1
Queensland,QLD,Macropus giganteus,Eastern Grey Kangaroo,Kangaroo,-20.25,146.0,1
Queensland,QLD,Macropus giganteus,Eastern Grey Kangaroo,Kangaroo,-20.25,148.5,2
Queensland,QLD,Macropus giganteus,Eastern Grey Kangaroo,Kangaroo,-20.25,148.75,1
Queensland,QLD,Macropus giganteus,Eastern Grey Kangaroo,Kangaroo,-20.0,146.25,2
Queensland,QLD,Macropus giganteus,Eastern Grey Kangaroo,Kangaroo,-20.0,147.0,1
Queensland,QLD,Macropus giganteus,Eastern Grey Kangaroo,Kangaroo,-20.0,148.25,3
Queensland,QLD,Macropus giganteus,Eastern Grey Kangaroo,Kangaroo,-20.0,148.5,4
Queensland,QLD,Macropus giganteus,Eastern Grey Kangaroo,Kangaroo,-19.75,146.0,1
Queensland,QLD,Macropus giganteus,Eastern Grey Kangaroo,Kangaroo,-19.75,147.75,1
Queensland,QLD,Macropus giganteus,Eastern Grey Kangaroo,Kangaroo,-19.5,145.75,2
Queensland,QLD,Macropus giganteus,Eastern Grey Kangaroo,Kangaroo,-19.5,146.0,1
Queensland,QLD,Macropus giganteus,Eastern Grey Kangaroo,Kangaroo,-19.5,146.25,1
Queensland,QLD,Macropus giganteus,Eastern Grey Kangaroo,Kangaroo,-19.5,146.75,8
Queensland,QLD,Macropus giganteus,Eastern Grey Kangaroo,Kangaroo,-19.5,147.0,5
Queensland,QLD,Macropus giganteus,Eastern Grey Kangaroo,Kangaroo,-19.5,147.25,1
Queensland,QLD,Macropus giganteus,Eastern Grey Kangaroo,Kangaroo,-19.25,146.0,2
Queensland,QLD,Macropus giganteus,Eastern Grey Kangaroo,Kangaroo,-19.25,146.75,5
Queensland,QLD,Macropus giganteus,Eastern Grey Kangaroo,Kangaroo,-19.0,145.0,1
Queensland,QLD,Macropus giganteus,Eastern Grey Kangaroo,Kangaroo,-19.0,146.25,1
Queensland,QLD,Macropus giganteus,Eastern Grey Kangaroo,Kangaroo,-19.0,146.5,9
Queensland,QLD,Macropus giganteus,Eastern Grey Kangaroo,Kangaroo,-18.75,143.5,1
Queensland,QLD,Macropus giganteus,Eastern Grey Kangaroo,Kangaroo,-18.25,144.0,1
Queensland,QLD,Macropus giganteus,Eastern Grey Kangaroo,Kangaroo,-18.25,144.5,23
Queensland,QLD,Macropus giganteus,Eastern Grey Kangaroo,Kangaroo,-18.25,144.75,7
Queensland,QLD,Macropus giganteus,Eastern Grey Kangaroo,Kangaroo,-18.0,142.25,1
Queensland,QLD,Macropus giganteus,Eastern Grey Kangaroo,Kangaroo,-17.75,145.25,1
Queensland,QLD,Macropus giganteus,Eastern Grey Kangaroo,Kangaroo,-17.75,145.5,1
Queensland,QLD,Macropus giganteus,Eastern Grey Kangaroo,Kangaroo,-17.5,145.5,2
Queensland,QLD,Macropus giganteus,Eastern Grey Kangaroo,Kangaroo,-17.25,145.0,1
Queensland,QLD,Macropus giganteus,Eastern Grey Kangaroo,Kangaroo,-17.0,145.5,27
Queensland,QLD,Macropus giganteus,Eastern Grey Kangaroo,Kangaroo,-17.0,145.75,1
Queensland,QLD,Macropus giganteus,Eastern Grey Kangaroo,Kangaroo,-16.75,145.25,1
Queensland,QLD,Macropus giganteus,Eastern Grey Kangaroo,Kangaroo,-16.5,145.25,6
Queensland,QLD,Macropus giganteus,Eastern Grey Kangaroo,Kangaroo,-13.25,142.75,2
Queensland,QLD,Notamacropus rufogriseus,Red-necked Wallaby,Wallaby,-29.0,151.25,1
Queensland,QLD,Notamacropus rufogriseus,Red-necked Wallaby,Wallaby,-29.0,151.5,11
Queensland,QLD,Notamacropus rufogriseus,Red-necked Wallaby,Wallaby,-29.0,152.0,2
Queensland,QLD,Notamacropus rufogriseus,Red-necked Wallaby,Wallaby,-28.75,151.25,2
Queensland,QLD,Notamacropus rufogriseus,Red-necked Wallaby,Wallaby,-28.75,151.75,14
Queensland,QLD,Notamacropus rufogriseus,Red-necked Wallaby,Wallaby,-28.75,152.0,74
Queensland,QLD,Notamacropus rufogriseus,Red-necked Wallaby,Wallaby,-28.5,151.25,5
Queensland,QLD,Notamacropus rufogriseus,Red-necked Wallaby,Wallaby,-28.5,151.75,3
Queensland,QLD,Notamacropus rufogriseus,Red-necked Wallaby,Wallaby,-28.5,152.0,2
Queensland,QLD,Notamacropus rufogriseus,Red-necked Wallaby,Wallaby,-28.25,151.25,3
Queensland,QLD,Notamacropus rufogriseus,Red-necked Wallaby,Wallaby,-28.25,151.5,1
Queensland,QLD,Notamacropus rufogriseus,Red-necked Wallaby,Wallaby,-28.25,151.75,2
Queensland,QLD,Notamacropus rufogriseus,Red-necked Wallaby,Wallaby,-28.25,152.0,4
Queensland,QLD,Notamacropus rufogriseus,Red-necked Wallaby,Wallaby,-28.25,152.25,16
Queensland,QLD,Notamacropus rufogriseus,Red-necked Wallaby,Wallaby,-28.25,152.5,6
Queensland,QLD,Notamacropus rufogriseus,Red-necked Wallaby,Wallaby,-28.25,152.75,25
Queensland,QLD,Notamacropus rufogriseus,Red-necked Wallaby,Wallaby,-28.25,153.0,14
Queensland,QLD,Notamacropus rufogriseus,Red-necked Wallaby,Wallaby,-28.25,153.25,18
Queensland,QLD,Notamacropus rufogriseus,Red-necked Wallaby,Wallaby,-28.25,153.5,18
Queensland,QLD,Notamacropus rufogriseus,Red-necked Wallaby,Wallaby,-28.0,151.25,1
Queensland,QLD,Notamacropus rufogriseus,Red-necked Wallaby,Wallaby,-28.0,151.5,3
Queensland,QLD,Notamacropus rufogriseus,Red-necked Wallaby,Wallaby,-28.0,151.75,2
Queensland,QLD,Notamacropus rufogriseus,Red-necked Wallaby,Wallaby,-28.0,152.0,2
Queensland,QLD,Notamacropus rufogriseus,Red-necked Wallaby,Wallaby,-28.0,152.25,31
Queensland,QLD,Notamacropus rufogriseus,Red-necked Wallaby,Wallaby,-28.0,152.5,49
Queensland,QLD,Notamacropus rufogriseus,Red-necked Wallaby,Wallaby,-28.0,152.75,32
Queensland,QLD,Notamacropus rufogriseus,Red-necked Wallaby,Wallaby,-28.0,153.0,21
Queensland,QLD,Notamacropus rufogriseus,Red-necked Wallaby,Wallaby,-28.0,153.25,169
Queensland,QLD,Notamacropus rufogriseus,Red-necked Wallaby,Wallaby,-28.0,153.5,20
Queensland,QLD,Notamacropus rufogriseus,Red-necked Wallaby,Wallaby,-27.75,151.0,1
Queensland,QLD,Notamacropus rufogriseus,Red-necked Wallaby,Wallaby,-27.75,151.5,1
Queensland,QLD,Notamacropus rufogriseus,Red-necked Wallaby,Wallaby,-27.75,151.75,1
Queensland,QLD,Notamacropus rufogriseus,Red-necked Wallaby,Wallaby,-27.75,152.0,24
Queensland,QLD,Notamacropus rufogriseus,Red-necked Wallaby,Wallaby,-27.75,152.25,36
Queensland,QLD,Notamacropus rufogriseus,Red-necked Wallaby,Wallaby,-27.75,152.5,21
Queensland,QLD,Notamacropus rufogriseus,Red-necked Wallaby,Wallaby,-27.75,152.75,36
Queensland,QLD,Notamacropus rufogriseus,Red-necked Wallaby,Wallaby,-27.75,153.0,150
Queensland,QLD,Notamacropus rufogriseus,Red-necked Wallaby,Wallaby,-27.75,153.25,101
Queensland,QLD,Notamacropus rufogriseus,Red-necked Wallaby,Wallaby,-27.5,151.75,2
Queensland,QLD,Notamacropus rufogriseus,Red-necked Wallaby,Wallaby,-27.5,152.0,80
Queensland,QLD,Notamacropus rufogriseus,Red-necked Wallaby,Wallaby,-27.5,152.25,51
Queensland,QLD,Notamacropus rufogriseus,Red-necked Wallaby,Wallaby,-27.5,152.5,11
Queensland,QLD,Notamacropus rufogriseus,Red-necked Wallaby,Wallaby,-27.5,152.75,72
Queensland,QLD,Notamacropus rufogriseus,Red-necked Wallaby,Wallaby,-27.5,153.0,67
Queensland,QLD,Notamacropus rufogriseus,Red-necked Wallaby,Wallaby,-27.5,153.25,229
Queensland,QLD,Notamacropus rufogriseus,Red-necked Wallaby,Wallaby,-27.25,151.0,2
Queensland,QLD,Notamacropus rufogriseus,Red-necked Wallaby,Wallaby,-27.25,151.25,1
Queensland,QLD,Notamacropus rufogriseus,Red-necked Wallaby,Wallaby,-27.25,152.0,3
Queensland,QLD,Notamacropus rufogriseus,Red-necked Wallaby,Wallaby,-27.25,152.25,3
Queensland,QLD,Notamacropus rufogriseus,Red-necked Wallaby,Wallaby,-27.25,152.5,13
Queensland,QLD,Notamacropus rufogriseus,Red-necked Wallaby,Wallaby,-27.25,152.75,53
Queensland,QLD,Notamacropus rufogriseus,Red-necked Wallaby,Wallaby,-27.25,153.0,14
Queensland,QLD,Notamacropus rufogriseus,Red-necked Wallaby,Wallaby,-27.0,151.25,1
Queensland,QLD,Notamacropus rufogriseus,Red-necked Wallaby,Wallaby,-27.0,151.5,84
Queensland,QLD,Notamacropus rufogriseus,Red-necked Wallaby,Wallaby,-27.0,151.75,2
Queensland,QLD,Notamacropus rufogriseus,Red-necked Wallaby,Wallaby,-27.0,152.0,1
Queensland,QLD,Notamacropus rufogriseus,Red-necked Wallaby,Wallaby,-27.0,152.25,3
Queensland,QLD,Notamacropus rufogriseus,Red-necked Wallaby,Wallaby,-27.0,152.75,28
Queensland,QLD,Notamacropus rufogriseus,Red-necked Wallaby,Wallaby,-27.0,153.0,5
Queensland,QLD,Notamacropus rufogriseus,Red-necked Wallaby,Wallaby,-26.75,149.25,1
Queensland,QLD,Notamacropus rufogriseus,Red-necked Wallaby,Wallaby,-26.75,149.5,1
Queensland,QLD,Notamacropus rufogriseus,Red-necked Wallaby,Wallaby,-26.75,150.25,1
Queensland,QLD,Notamacropus rufogriseus,Red-necked Wallaby,Wallaby,-26.75,151.5,2
Queensland,QLD,Notamacropus rufogriseus,Red-necked Wallaby,Wallaby,-26.75,152.0,10
Queensland,QLD,Notamacropus rufogriseus,Red-necked Wallaby,Wallaby,-26.75,152.25,11
Queensland,QLD,Notamacropus rufogriseus,Red-necked Wallaby,Wallaby,-26.75,152.5,9
Queensland,QLD,Notamacropus rufogriseus,Red-necked Wallaby,Wallaby,-26.75,152.75,17
Queensland,QLD,Notamacropus rufogriseus,Red-necked Wallaby,Wallaby,-26.75,153.0,6
Queensland,QLD,Notamacropus rufogriseus,Red-necked Wallaby,Wallaby,-26.5,150.0,1
Queensland,QLD,Notamacropus rufogriseus,Red-necked Wallaby,Wallaby,-26.5,151.25,1
Queensland,QLD,Notamacropus rufogriseus,Red-necked Wallaby,Wallaby,-26.5,151.75,1
Queensland,QLD,Notamacropus rufogriseus,Red-necked Wallaby,Wallaby,-26.5,152.25,2
Queensland,QLD,Notamacropus rufogriseus,Red-necked Wallaby,Wallaby,-26.5,152.75,8
Queensland,QLD,Notamacropus rufogriseus,Red-necked Wallaby,Wallaby,-26.5,153.0,10
Queensland,QLD,Notamacropus rufogriseus,Red-necked Wallaby,Wallaby,-26.25,148.75,1
Queensland,QLD,Notamacropus rufogriseus,Red-necked Wallaby,Wallaby,-26.25,149.25,1
Queensland,QLD,Notamacropus rufogriseus,Red-necked Wallaby,Wallaby,-26.25,149.75,4
Queensland,QLD,Notamacropus rufogriseus,Red-necked Wallaby,Wallaby,-26.25,150.0,2
Queensland,QLD,Notamacropus rufogriseus,Red-necked Wallaby,Wallaby,-26.25,152.0,2
Queensland,QLD,Notamacropus rufogriseus,Red-necked Wallaby,Wallaby,-26.25,152.5,4
Queensland,QLD,Notamacropus rufogriseus,Red-necked Wallaby,Wallaby,-26.25,152.75,8
Queensland,QLD,Notamacropus rufogriseus,Red-necked Wallaby,Wallaby,-26.25,153.0,2
Queensland,QLD,Notamacropus rufogriseus,Red-necked Wallaby,Wallaby,-26.0,149.0,3
Queensland,QLD,Notamacropus rufogriseus,Red-necked Wallaby,Wallaby,-26.0,152.5,33
Queensland,QLD,Notamacropus rufogriseus,Red-necked Wallaby,Wallaby,-26.0,152.75,20
Queensland,QLD,Notamacropus rufogriseus,Red-necked Wallaby,Wallaby,-25.75,148.5,1
Queensland,QLD,Notamacropus rufogriseus,Red-necked Wallaby,Wallaby,-25.75,151.75,2
Queensland,QLD,Notamacropus rufogriseus,Red-necked Wallaby,Wallaby,-25.75,152.25,2
Queensland,QLD,Notamacropus rufogriseus,Red-necked Wallaby,Wallaby,-25.75,152.5,12
Queensland,QLD,Notamacropus rufogriseus,Red-necked Wallaby,Wallaby,-25.75,152.75,32
Queensland,QLD,Notamacropus rufogriseus,Red-necked Wallaby,Wallaby,-25.5,148.75,2
Queensland,QLD,Notamacropus rufogriseus,Red-necked Wallaby,Wallaby,-25.5,149.5,2
Queensland,QLD,Notamacropus rufogriseus,Red-necked Wallaby,Wallaby,-25.5,149.75,3
Queensland,QLD,Notamacropus rufogriseus,Red-necked Wallaby,Wallaby,-25.5,151.25,1
Queensland,QLD,Notamacropus rufogriseus,Red-necked Wallaby,Wallaby,-25.5,152.5,9
Queensland,QLD,Notamacropus rufogriseus,Red-necked Wallaby,Wallaby,-25.5,152.75,3
Queensland,QLD,Notamacropus rufogriseus,Red-necked Wallaby,Wallaby,-25.25,147.5,1
Queensland,QLD,Notamacropus rufogriseus,Red-necked Wallaby,Wallaby,-25.25,148.75,1
Queensland,QLD,Notamacropus rufogriseus,Red-necked Wallaby,Wallaby,-25.25,149.0,1
Queensland,QLD,Notamacropus rufogriseus,Red-necked Wallaby,Wallaby,-25.25,149.25,1
Queensland,QLD,Notamacropus rufogriseus,Red-necked Wallaby,Wallaby,-25.25,150.0,1
Queensland,QLD,Notamacropus rufogriseus,Red-necked Wallaby,Wallaby,-25.25,152.0,3
Queensland,QLD,Notamacropus rufogriseus,Red-necked Wallaby,Wallaby,-25.25,152.5,1
Queensland,QLD,Notamacropus rufogriseus,Red-necked Wallaby,Wallaby,-25.0,147.75,1
Queensland,QLD,Notamacropus rufogriseus,Red-necked Wallaby,Wallaby,-25.0,148.0,4
Queensland,QLD,Notamacropus rufogriseus,Red-necked Wallaby,Wallaby,-25.0,148.5,1
Queensland,QLD,Notamacropus rufogriseus,Red-necked Wallaby,Wallaby,-25.0,152.0,3
Queensland,QLD,Notamacropus rufogriseus,Red-necked Wallaby,Wallaby,-25.0,152.25,2
Queensland,QLD,Notamacropus rufogriseus,Red-necked Wallaby,Wallaby,-24.75,151.0,1
Queensland,QLD,Notamacropus rufogriseus,Red-necked Wallaby,Wallaby,-24.75,152.0,1
Queensland,QLD,Osphranter robustus,Common Wallaroo,Wallaroo,-29.0,151.25,1
Queensland,QLD,Osphranter robustus,Common Wallaroo,Wallaroo,-29.0,151.5,12
Queensland,QLD,Osphranter robustus,Common Wallaroo,Wallaroo,-29.0,152.0,1
Queensland,QLD,Osphranter robustus,Common Wallaroo,Wallaroo,-28.75,151.25,1
Queensland,QLD,Osphranter robustus,Common Wallaroo,Wallaroo,-28.75,151.75,5
Queensland,QLD,Osphranter robustus,Common Wallaroo,Wallaroo,-28.75,152.0,10
Queensland,QLD,Osphranter robustus,Common Wallaroo,Wallaroo,-28.5,150.25,1
Queensland,QLD,Osphranter robustus,Common Wallaroo,Wallaroo,-28.5,151.75,1
Queensland,QLD,Osphranter robustus,Common Wallaroo,Wallaroo,-28.25,152.0,3
Queensland,QLD,Osphranter robustus,Common Wallaroo,Wallaroo,-28.0,145.5,8
Queensland,QLD,Osphranter robustus,Common Wallaroo,Wallaroo,-28.0,145.75,3
Queensland,QLD,Osphranter robustus,Common Wallaroo,Wallaroo,-28.0,146.0,1
Queensland,QLD,Osphranter robustus,Common Wallaroo,Wallaroo,-28.0,148.25,1
Queensland,QLD,Osphranter robustus,Common Wallaroo,Wallaroo,-28.0,151.75,1
Queensland,QLD,Osphranter robustus,Common Wallaroo,Wallaroo,-27.75,151.75,2
Queensland,QLD,Osphranter robustus,Common Wallaroo,Wallaroo,-27.5,144.25,1
Queensland,QLD,Osphranter robustus,Common Wallaroo,Wallaroo,-27.25,149.5,1
Queensland,QLD,Osphranter robustus,Common Wallaroo,Wallaroo,-27.0,146.0,2
Queensland,QLD,Osphranter robustus,Common Wallaroo,Wallaroo,-26.75,144.25,1
Queensland,QLD,Osphranter robustus,Common Wallaroo,Wallaroo,-26.5,144.25,1
Queensland,QLD,Osphranter robustus,Common Wallaroo,Wallaroo,-26.5,144.5,1
Queensland,QLD,Osphranter robustus,Common Wallaroo,Wallaroo,-26.5,146.25,2
Queensland,QLD,Osphranter robustus,Common Wallaroo,Wallaroo,-26.5,148.0,2
Queensland,QLD,Osphranter robustus,Common Wallaroo,Wallaroo,-26.5,148.75,1
Queensland,QLD,Osphranter robustus,Common Wallaroo,Wallaroo,-26.25,148.75,1
Queensland,QLD,Osphranter robustus,Common Wallaroo,Wallaroo,-26.25,149.75,2
Queensland,QLD,Osphranter robustus,Common Wallaroo,Wallaroo,-26.0,146.5,1
Queensland,QLD,Osphranter robustus,Common Wallaroo,Wallaroo,-26.0,149.0,1
Queensland,QLD,Osphranter robustus,Common Wallaroo,Wallaroo,-25.75,148.25,1
Queensland,QLD,Osphranter robustus,Common Wallaroo,Wallaroo,-25.75,148.5,1
Queensland,QLD,Osphranter robustus,Common Wallaroo,Wallaroo,-25.5,148.75,3
Queensland,QLD,Osphranter robustus,Common Wallaroo,Wallaroo,-25.5,149.5,2
Queensland,QLD,Osphranter robustus,Common Wallaroo,Wallaroo,-25.5,149.75,1
Queensland,QLD,Osphranter robustus,Common Wallaroo,Wallaroo,-25.0,144.0,1
Queensland,QLD,Osphranter robustus,Common Wallaroo,Wallaroo,-25.0,144.75,1
Queensland,QLD,Osphranter robustus,Common Wallaroo,Wallaroo,-24.75,144.0,1
Queensland,QLD,Osphranter robustus,Common Wallaroo,Wallaroo,-24.75,144.75,2
Queensland,QLD,Osphranter robustus,Common Wallaroo,Wallaroo,-24.75,147.25,1
Queensland,QLD,Osphranter robustus,Common Wallaroo,Wallaroo,-24.5,149.25,1
Queensland,QLD,Osphranter robustus,Common Wallaroo,Wallaroo,-24.25,143.5,1
Queensland,QLD,Osphranter robustus,Common Wallaroo,Wallaroo,-24.0,148.0,2
Queensland,QLD,Osphranter robustus,Common Wallaroo,Wallaroo,-23.75,145.25,1
Queensland,QLD,Osphranter robustus,Common Wallaroo,Wallaroo,-23.75,148.0,2
Queensland,QLD,Osphranter robustus,Common Wallaroo,Wallaroo,-23.5,144.25,6
Queensland,QLD,Osphranter robustus,Common Wallaroo,Wallaroo,-23.5,145.0,1
Queensland,QLD,Osphranter robustus,Common Wallaroo,Wallaroo,-23.5,145.25,1
Queensland,QLD,Osphranter robustus,Common Wallaroo,Wallaroo,-23.5,146.5,1
Queensland,QLD,Osphranter robustus,Common Wallaroo,Wallaroo,-23.5,147.0,3
Queensland,QLD,Osphranter robustus,Common Wallaroo,Wallaroo,-23.5,147.75,2
Queensland,QLD,Osphranter robustus,Common Wallaroo,Wallaroo,-23.25,142.75,1
Queensland,QLD,Osphranter robustus,Common Wallaroo,Wallaroo,-23.25,144.25,1
Queensland,QLD,Osphranter robustus,Common Wallaroo,Wallaroo,-23.25,146.75,1
Queensland,QLD,Osphranter robustus,Common Wallaroo,Wallaroo,-23.0,140.0,2
Queensland,QLD,Osphranter robustus,Common Wallaroo,Wallaroo,-23.0,142.5,16
Queensland,QLD,Osphranter robustus,Common Wallaroo,Wallaroo,-23.0,142.75,1
Queensland,QLD,Osphranter robustus,Common Wallaroo,Wallaroo,-23.0,146.25,2
Queensland,QLD,Osphranter robustus,Common Wallaroo,Wallaroo,-23.0,146.5,2
Queensland,QLD,Osphranter robustus,Common Wallaroo,Wallaroo,-23.0,147.0,2
Queensland,QLD,Osphranter robustus,Common Wallaroo,Wallaroo,-23.0,147.25,1
Queensland,QLD,Osphranter robustus,Common Wallaroo,Wallaroo,-23.0,149.0,2
Queensland,QLD,Osphranter robustus,Common Wallaroo,Wallaroo,-22.75,143.0,3
Queensland,QLD,Osphranter robustus,Common Wallaroo,Wallaroo,-22.75,148.75,2
Queensland,QLD,Osphranter robustus,Common Wallaroo,Wallaroo,-22.5,143.0,39
Queensland,QLD,Osphranter robustus,Common Wallaroo,Wallaroo,-22.5,143.25,3
Queensland,QLD,Osphranter robustus,Common Wallaroo,Wallaroo,-22.25,147.0,1
Queensland,QLD,Osphranter robustus,Common Wallaroo,Wallaroo,-22.0,142.75,1
Queensland,QLD,Osphranter robustus,Common Wallaroo,Wallaroo,-22.0,148.5,1
Queensland,QLD,Osphranter robustus,Common Wallaroo,Wallaroo,-21.75,139.5,2
Queensland,QLD,Osphranter robustus,Common Wallaroo,Wallaroo,-21.75,148.0,1
Queensland,QLD,Osphranter robustus,Common Wallaroo,Wallaroo,-21.75,150.25,1
Queensland,QLD,Osphranter robustus,Common Wallaroo,Wallaroo,-21.5,145.0,1
Queensland,QLD,Osphranter robustus,Common Wallaroo,Wallaroo,-21.5,148.0,1
Queensland,QLD,Osphranter robustus,Common Wallaroo,Wallaroo,-21.0,145.0,1
Queensland,QLD,Osphranter robustus,Common Wallaroo,Wallaroo,-20.75,139.5,5
Queensland,QLD,Osphranter robustus,Common Wallaroo,Wallaroo,-20.75,140.25,1
Queensland,QLD,Osphranter robustus,Common Wallaroo,Wallaroo,-20.75,140.5,1
Queensland,QLD,Osphranter robustus,Common Wallaroo,Wallaroo,-20.75,140.75,1
Queensland,QLD,Osphranter robustus,Common Wallaroo,Wallaroo,-20.75,147.25,1
Queensland,QLD,Osphranter robustus,Common Wallaroo,Wallaroo,-20.5,139.5,10
Queensland,QLD,Osphranter robustus,Common Wallaroo,Wallaroo,-20.5,144.5,2
Queensland,QLD,Osphranter robustus,Common Wallaroo,Wallaroo,-20.5,147.0,1
Queensland,QLD,Osphranter robustus,Common Wallaroo,Wallaroo,-20.25,144.5,7
Queensland,QLD,Osphranter robustus,Common Wallaroo,Wallaroo,-20.25,148.0,1
Queensland,QLD,Osphranter robustus,Common Wallaroo,Wallaroo,-20.25,148.75,15
Queensland,QLD,Osphranter robustus,Common Wallaroo,Wallaroo,-20.0,146.25,7
Queensland,QLD,Osphranter robustus,Common Wallaroo,Wallaroo,-20.0,147.0,1
Queensland,QLD,Osphranter robustus,Common Wallaroo,Wallaroo,-19.75,139.25,2
Queensland,QLD,Osphranter robustus,Common Wallaroo,Wallaroo,-19.75,139.5,2
Queensland,QLD,Osphranter robustus,Common Wallaroo,Wallaroo,-19.75,145.75,2
Queensland,QLD,Osphranter robustus,Common Wallaroo,Wallaroo,-19.75,146.0,1
Queensland,QLD,Osphranter robustus,Common Wallaroo,Wallaroo,-19.75,146.75,1
Queensland,QLD,Osphranter robustus,Common Wallaroo,Wallaroo,-19.5,145.75,2
Queensland,QLD,Osphranter robustus,Common Wallaroo,Wallaroo,-19.5,146.0,1
Queensland,QLD,Osphranter robustus,Common Wallaroo,Wallaroo,-19.5,146.25,1
Queensland,QLD,Osphranter robustus,Common Wallaroo,Wallaroo,-19.25,146.0,1
Queensland,QLD,Osphranter robustus,Common Wallaroo,Wallaroo,-19.0,138.75,1
Queensland,QLD,Osphranter robustus,Common Wallaroo,Wallaroo,-19.0,144.5,1
Queensland,QLD,Osphranter robustus,Common Wallaroo,Wallaroo,-19.0,145.25,1
Queensland,QLD,Osphranter robustus,Common Wallaroo,Wallaroo,-19.0,146.0,3
Queensland,QLD,Osphranter robustus,Common Wallaroo,Wallaroo,-18.75,138.75,1
Queensland,QLD,Osphranter robustus,Common Wallaroo,Wallaroo,-18.75,143.5,3
Queensland,QLD,Osphranter robustus,Common Wallaroo,Wallaroo,-18.75,144.75,1
Queensland,QLD,Osphranter robustus,Common Wallaroo,Wallaroo,-18.75,145.75,2
Queensland,QLD,Osphranter robustus,Common Wallaroo,Wallaroo,-18.5,143.25,3
Queensland,QLD,Osphranter robustus,Common Wallaroo,Wallaroo,-18.5,143.5,3
Queensland,QLD,Osphranter robustus,Common Wallaroo,Wallaroo,-18.5,143.75,1
Queensland,QLD,Osphranter robustus,Common Wallaroo,Wallaroo,-18.5,144.0,2
Queensland,QLD,Osphranter robustus,Common Wallaroo,Wallaroo,-18.25,142.25,2
Queensland,QLD,Osphranter robustus,Common Wallaroo,Wallaroo,-18.25,143.5,1
Queensland,QLD,Osphranter robustus,Common Wallaroo,Wallaroo,-18.25,144.5,16
Queensland,QLD,Osphranter robustus,Common Wallaroo,Wallaroo,-18.25,144.75,5
Queensland,QLD,Osphranter robustus,Common Wallaroo,Wallaroo,-17.75,145.25,1
Queensland,QLD,Osphranter robustus,Common Wallaroo,Wallaroo,-17.5,145.25,2
Queensland,QLD,Osphranter robustus,Common Wallaroo,Wallaroo,-17.25,144.75,2
Queensland,QLD,Osphranter robustus,Common Wallaroo,Wallaroo,-17.25,145.0,1
Queensland,QLD,Osphranter robustus,Common Wallaroo,Wallaroo,-17.25,145.5,1
Queensland,QLD,Osphranter robustus,Common Wallaroo,Wallaroo,-17.0,145.25,4
Queensland,QLD,Osphranter robustus,Common Wallaroo,Wallaroo,-17.0,145.5,4
Queensland,QLD,Osphranter robustus,Common Wallaroo,Wallaroo,-16.75,144.25,1
Queensland,QLD,Osphranter robustus,Common Wallaroo,Wallaroo,-15.5,144.75,1
Queensland,QLD,Osphranter robustus,Common Wallaroo,Wallaroo,-13.25,142.5,1
Queensland,QLD,Osphranter rufus,Red Kangaroo,Kangaroo,-29.0,144.5,1
Queensland,QLD,Osphranter rufus,Red Kangaroo,Kangaroo,-29.0,145.5,1
Queensland,QLD,Osphranter rufus,Red Kangaroo,Kangaroo,-28.75,144.0,1
Queensland,QLD,Osphranter rufus,Red Kangaroo,Kangaroo,-28.75,144.25,9
Queensland,QLD,Osphranter rufus,Red Kangaroo,Kangaroo,-28.75,144.5,1
Queensland,QLD,Osphranter rufus,Red Kangaroo,Kangaroo,-28.75,145.5,1
Queensland,QLD,Osphranter rufus,Red Kangaroo,Kangaroo,-28.75,146.75,2
Queensland,QLD,Osphranter rufus,Red Kangaroo,Kangaroo,-28.75,148.0,1
Queensland,QLD,Osphranter rufus,Red Kangaroo,Kangaroo,-28.5,145.75,1
Queensland,QLD,Osphranter rufus,Red Kangaroo,Kangaroo,-28.5,150.25,1
Queensland,QLD,Osphranter rufus,Red Kangaroo,Kangaroo,-28.25,145.25,1
Queensland,QLD,Osphranter rufus,Red Kangaroo,Kangaroo,-28.25,148.5,1
Queensland,QLD,Osphranter rufus,Red Kangaroo,Kangaroo,-28.0,142.5,2
Queensland,QLD,Osphranter rufus,Red Kangaroo,Kangaroo,-28.0,144.25,15
Queensland,QLD,Osphranter rufus,Red Kangaroo,Kangaroo,-28.0,145.25,1
Queensland,QLD,Osphranter rufus,Red Kangaroo,Kangaroo,-28.0,145.5,34
Queensland,QLD,Osphranter rufus,Red Kangaroo,Kangaroo,-28.0,145.75,8
Queensland,QLD,Osphranter rufus,Red Kangaroo,Kangaroo,-28.0,146.0,1
Queensland,QLD,Osphranter rufus,Red Kangaroo,Kangaroo,-28.0,147.5,4
Queensland,QLD,Osphranter rufus,Red Kangaroo,Kangaroo,-28.0,152.0,1
Queensland,QLD,Osphranter rufus,Red Kangaroo,Kangaroo,-27.75,143.5,1
Queensland,QLD,Osphranter rufus,Red Kangaroo,Kangaroo,-27.75,143.75,1
Queensland,QLD,Osphranter rufus,Red Kangaroo,Kangaroo,-27.5,148.75,1
Queensland,QLD,Osphranter rufus,Red Kangaroo,Kangaroo,-27.0,149.0,2
Queensland,QLD,Osphranter rufus,Red Kangaroo,Kangaroo,-26.75,141.0,1
Queensland,QLD,Osphranter rufus,Red Kangaroo,Kangaroo,-26.75,143.25,1
Queensland,QLD,Osphranter rufus,Red Kangaroo,Kangaroo,-26.75,144.0,1
Queensland,QLD,Osphranter rufus,Red Kangaroo,Kangaroo,-26.75,149.0,1
Queensland,QLD,Osphranter rufus,Red Kangaroo,Kangaroo,-26.5,147.25,1
Queensland,QLD,Osphranter rufus,Red Kangaroo,Kangaroo,-26.5,148.0,1
Queensland,QLD,Osphranter rufus,Red Kangaroo,Kangaroo,-26.25,143.5,1
Queensland,QLD,Osphranter rufus,Red Kangaroo,Kangaroo,-26.0,139.25,1
Queensland,QLD,Osphranter rufus,Red Kangaroo,Kangaroo,-25.75,141.0,1
Queensland,QLD,Osphranter rufus,Red Kangaroo,Kangaroo,-25.75,148.25,1
Queensland,QLD,Osphranter rufus,Red Kangaroo,Kangaroo,-25.5,144.5,1
Queensland,QLD,Osphranter rufus,Red Kangaroo,Kangaroo,-25.25,139.0,1
Queensland,QLD,Osphranter rufus,Red Kangaroo,Kangaroo,-25.25,141.5,1
Queensland,QLD,Osphranter rufus,Red Kangaroo,Kangaroo,-25.25,142.75,2
Queensland,QLD,Osphranter rufus,Red Kangaroo,Kangaroo,-25.25,143.25,4
Queensland,QLD,Osphranter rufus,Red Kangaroo,Kangaroo,-25.25,146.5,1
Queensland,QLD,Osphranter rufus,Red Kangaroo,Kangaroo,-25.0,143.25,1
Queensland,QLD,Osphranter rufus,Red Kangaroo,Kangaroo,-25.0,143.75,1
Queensland,QLD,Osphranter rufus,Red Kangaroo,Kangaroo,-25.0,144.75,3
Queensland,QLD,Osphranter rufus,Red Kangaroo,Kangaroo,-24.75,144.0,1
Queensland,QLD,Osphranter rufus,Red Kangaroo,Kangaroo,-24.75,144.75,4
Queensland,QLD,Osphranter rufus,Red Kangaroo,Kangaroo,-24.75,146.0,1
Queensland,QLD,Osphranter rufus,Red Kangaroo,Kangaroo,-24.5,140.0,2
Queensland,QLD,Osphranter rufus,Red Kangaroo,Kangaroo,-24.5,145.5,1
Queensland,QLD,Osphranter rufus,Red Kangaroo,Kangaroo,-24.25,143.5,2
Queensland,QLD,Osphranter rufus,Red Kangaroo,Kangaroo,-24.25,145.25,1
Queensland,QLD,Osphranter rufus,Red Kangaroo,Kangaroo,-24.0,140.25,2
Queensland,QLD,Osphranter rufus,Red Kangaroo,Kangaroo,-24.0,142.25,1
Queensland,QLD,Osphranter rufus,Red Kangaroo,Kangaroo,-23.75,138.5,2
Queensland,QLD,Osphranter rufus,Red Kangaroo,Kangaroo,-23.75,140.75,1
Queensland,QLD,Osphranter rufus,Red Kangaroo,Kangaroo,-23.75,141.0,2
Queensland,QLD,Osphranter rufus,Red Kangaroo,Kangaroo,-23.75,141.25,2
Queensland,QLD,Osphranter rufus,Red Kangaroo,Kangaroo,-23.5,144.5,1
Queensland,QLD,Osphranter rufus,Red Kangaroo,Kangaroo,-23.5,144.75,1
Queensland,QLD,Osphranter rufus,Red Kangaroo,Kangaroo,-23.5,146.25,1
Queensland,QLD,Osphranter rufus,Red Kangaroo,Kangaroo,-23.5,146.5,1
Queensland,QLD,Osphranter rufus,Red Kangaroo,Kangaroo,-23.25,140.0,2
Queensland,QLD,Osphranter rufus,Red Kangaroo,Kangaroo,-23.25,141.75,1
Queensland,QLD,Osphranter rufus,Red Kangaroo,Kangaroo,-23.25,142.75,1
Queensland,QLD,Osphranter rufus,Red Kangaroo,Kangaroo,-23.25,144.25,1
Queensland,QLD,Osphranter rufus,Red Kangaroo,Kangaroo,-23.0,139.75,1
Queensland,QLD,Osphranter rufus,Red Kangaroo,Kangaroo,-23.0,140.0,2
Queensland,QLD,Osphranter rufus,Red Kangaroo,Kangaroo,-23.0,141.75,1
Queensland,QLD,Osphranter rufus,Red Kangaroo,Kangaroo,-23.0,142.5,2
Queensland,QLD,Osphranter rufus,Red Kangaroo,Kangaroo,-23.0,145.25,1
Queensland,QLD,Osphranter rufus,Red Kangaroo,Kangaroo,-22.75,139.75,1
Queensland,QLD,Osphranter rufus,Red Kangaroo,Kangaroo,-22.75,140.0,1
Queensland,QLD,Osphranter rufus,Red Kangaroo,Kangaroo,-22.75,143.0,1
Queensland,QLD,Osphranter rufus,Red Kangaroo,Kangaroo,-22.5,143.0,30
Queensland,QLD,Osphranter rufus,Red Kangaroo,Kangaroo,-22.5,144.25,1
Queensland,QLD,Osphranter rufus,Red Kangaroo,Kangaroo,-22.5,144.5,3
Queensland,QLD,Osphranter rufus,Red Kangaroo,Kangaroo,-22.25,138.0,1
Queensland,QLD,Osphranter rufus,Red Kangaroo,Kangaroo,-22.0,147.0,1
Queensland,QLD,Osphranter rufus,Red Kangaroo,Kangaroo,-22.0,148.25,1
Queensland,QLD,Osphranter rufus,Red Kangaroo,Kangaroo,-21.75,142.25,1
Queensland,QLD,Osphranter rufus,Red Kangaroo,Kangaroo,-21.5,141.5,1
Queensland,QLD,Osphranter rufus,Red Kangaroo,Kangaroo,-21.5,142.0,1
Queensland,QLD,Osphranter rufus,Red Kangaroo,Kangaroo,-21.5,145.0,1
Queensland,QLD,Osphranter rufus,Red Kangaroo,Kangaroo,-21.5,146.75,2
Queensland,QLD,Osphranter rufus,Red Kangaroo,Kangaroo,-21.5,147.25,2
Queensland,QLD,Osphranter rufus,Red Kangaroo,Kangaroo,-21.25,139.75,1
Queensland,QLD,Osphranter rufus,Red Kangaroo,Kangaroo,-21.0,141.0,1
Queensland,QLD,Osphranter rufus,Red Kangaroo,Kangaroo,-20.75,139.5,1
Queensland,QLD,Osphranter rufus,Red Kangaroo,Kangaroo,-20.75,140.0,1
Queensland,QLD,Osphranter rufus,Red Kangaroo,Kangaroo,-20.75,140.5,1
Queensland,QLD,Osphranter rufus,Red Kangaroo,Kangaroo,-20.75,141.0,1
Queensland,QLD,Osphranter rufus,Red Kangaroo,Kangaroo,-20.75,141.25,2
Queensland,QLD,Osphranter rufus,Red Kangaroo,Kangaroo,-20.75,141.5,1
Queensland,QLD,Osphranter rufus,Red Kangaroo,Kangaroo,-20.75,142.5,1
Queensland,QLD,Osphranter rufus,Red Kangaroo,Kangaroo,-20.75,144.0,1
Queensland,QLD,Osphranter rufus,Red Kangaroo,Kangaroo,-20.75,144.25,1
Queensland,QLD,Osphranter rufus,Red Kangaroo,Kangaroo,-20.75,145.0,1
Queensland,QLD,Osphranter rufus,Red Kangaroo,Kangaroo,-20.5,139.5,1
Queensland,QLD,Osphranter rufus,Red Kangaroo,Kangaroo,-20.5,142.25,1
Queensland,QLD,Osphranter rufus,Red Kangaroo,Kangaroo,-20.0,138.0,1
Queensland,QLD,Osphranter rufus,Red Kangaroo,Kangaroo,-20.0,146.5,1
Queensland,QLD,Osphranter rufus,Red Kangaroo,Kangaroo,-19.75,138.75,1
Queensland,QLD,Osphranter rufus,Red Kangaroo,Kangaroo,-19.75,146.0,1
Queensland,QLD,Osphranter rufus,Red Kangaroo,Kangaroo,-19.5,138.75,1
Queensland,QLD,Osphranter rufus,Red Kangaroo,Kangaroo,-19.5,146.0,1
Queensland,QLD,Osphranter rufus,Red Kangaroo,Kangaroo,-19.5,146.25,1
Queensland,QLD,Osphranter rufus,Red Kangaroo,Kangaroo,-18.75,138.5,3
Queensland,QLD,Osphranter rufus,Red Kangaroo,Kangaroo,-18.75,140.5,1
Queensland,QLD,Osphranter rufus,Red Kangaroo,Kangaroo,-18.5,143.5,1
Queensland,QLD,Osphranter rufus,Red Kangaroo,Kangaroo,-18.25,143.25,1
Queensland,QLD,Osphranter rufus,Red Kangaroo,Kangaroo,-18.25,143.5,2
Queensland,QLD,Osphranter rufus,Red Kangaroo,Kangaroo,-17.75,140.75,1
Queensland,QLD,Osphranter rufus,Red Kangaroo,Kangaroo,-17.25,144.5,1
Queensland,QLD,Wallabia bicolor,Swamp Wallaby,Wallaby,-29.0,148.0,1
Queensland,QLD,Wallabia bicolor,Swamp Wallaby,Wallaby,-29.0,151.5,39
Queensland,QLD,Wallabia bicolor,Swamp Wallaby,Wallaby,-29.0,152.0,3
Queensland,QLD,Wallabia bicolor,Swamp Wallaby,Wallaby,-28.75,151.25,1
Queensland,QLD,Wallabia bicolor,Swamp Wallaby,Wallaby,-28.75,151.75,14
Queensland,QLD,Wallabia bicolor,Swamp Wallaby,Wallaby,-28.75,152.0,19
Queensland,QLD,Wallabia bicolor,Swamp Wallaby,Wallaby,-28.5,150.0,1
Queensland,QLD,Wallabia bicolor,Swamp Wallaby,Wallaby,-28.5,150.25,2
Queensland,QLD,Wallabia bicolor,Swamp Wallaby,Wallaby,-28.5,151.25,1
Queensland,QLD,Wallabia bicolor,Swamp Wallaby,Wallaby,-28.5,151.75,3
Queensland,QLD,Wallabia bicolor,Swamp Wallaby,Wallaby,-28.25,145.75,1
Queensland,QLD,Wallabia bicolor,Swamp Wallaby,Wallaby,-28.25,151.75,2
Queensland,QLD,Wallabia bicolor,Swamp Wallaby,Wallaby,-28.25,152.5,1
Queensland,QLD,Wallabia bicolor,Swamp Wallaby,Wallaby,-28.25,153.25,10
Queensland,QLD,Wallabia bicolor,Swamp Wallaby,Wallaby,-28.25,153.5,35
Queensland,QLD,Wallabia bicolor,Swamp Wallaby,Wallaby,-28.0,145.5,8
Queensland,QLD,Wallabia bicolor,Swamp Wallaby,Wallaby,-28.0,145.75,3
Queensland,QLD,Wallabia bicolor,Swamp Wallaby,Wallaby,-28.0,148.0,1
Queensland,QLD,Wallabia bicolor,Swamp Wallaby,Wallaby,-28.0,148.5,1
Queensland,QLD,Wallabia bicolor,Swamp Wallaby,Wallaby,-28.0,148.75,2
Queensland,QLD,Wallabia bicolor,Swamp Wallaby,Wallaby,-28.0,149.75,1
Queensland,QLD,Wallabia bicolor,Swamp Wallaby,Wallaby,-28.0,150.25,1
Queensland,QLD,Wallabia bicolor,Swamp Wallaby,Wallaby,-28.0,151.5,5
Queensland,QLD,Wallabia bicolor,Swamp Wallaby,Wallaby,-28.0,152.25,1
Queensland,QLD,Wallabia bicolor,Swamp Wallaby,Wallaby,-28.0,152.5,4
Queensland,QLD,Wallabia bicolor,Swamp Wallaby,Wallaby,-28.0,153.0,4
Queensland,QLD,Wallabia bicolor,Swamp Wallaby,Wallaby,-28.0,153.25,62
Queensland,QLD,Wallabia bicolor,Swamp Wallaby,Wallaby,-28.0,153.5,11
Queensland,QLD,Wallabia bicolor,Swamp Wallaby,Wallaby,-27.75,152.0,25
Queensland,QLD,Wallabia bicolor,Swamp Wallaby,Wallaby,-27.75,152.5,3
Queensland,QLD,Wallabia bicolor,Swamp Wallaby,Wallaby,-27.75,152.75,8
Queensland,QLD,Wallabia bicolor,Swamp Wallaby,Wallaby,-27.75,153.0,20
Queensland,QLD,Wallabia bicolor,Swamp Wallaby,Wallaby,-27.75,153.25,33
Queensland,QLD,Wallabia bicolor,Swamp Wallaby,Wallaby,-27.75,153.5,6
Queensland,QLD,Wallabia bicolor,Swamp Wallaby,Wallaby,-27.5,151.75,2
Queensland,QLD,Wallabia bicolor,Swamp Wallaby,Wallaby,-27.5,152.0,7
Queensland,QLD,Wallabia bicolor,Swamp Wallaby,Wallaby,-27.5,152.25,42
Queensland,QLD,Wallabia bicolor,Swamp Wallaby,Wallaby,-27.5,152.5,4
Queensland,QLD,Wallabia bicolor,Swamp Wallaby,Wallaby,-27.5,152.75,16
Queensland,QLD,Wallabia bicolor,Swamp Wallaby,Wallaby,-27.5,153.0,369
Queensland,QLD,Wallabia bicolor,Swamp Wallaby,Wallaby,-27.5,153.25,61
Queensland,QLD,Wallabia bicolor,Swamp Wallaby,Wallaby,-27.5,153.5,28
Queensland,QLD,Wallabia bicolor,Swamp Wallaby,Wallaby,-27.25,149.25,1
Queensland,QLD,Wallabia bicolor,Swamp Wallaby,Wallaby,-27.25,149.75,1
Queensland,QLD,Wallabia bicolor,Swamp Wallaby,Wallaby,-27.25,151.0,1
Queensland,QLD,Wallabia bicolor,Swamp Wallaby,Wallaby,-27.25,151.25,4
Queensland,QLD,Wallabia bicolor,Swamp Wallaby,Wallaby,-27.25,151.5,1
Queensland,QLD,Wallabia bicolor,Swamp Wallaby,Wallaby,-27.25,151.75,1
Queensland,QLD,Wallabia bicolor,Swamp Wallaby,Wallaby,-27.25,152.25,8
Queensland,QLD,Wallabia bicolor,Swamp Wallaby,Wallaby,-27.25,152.5,1
Queensland,QLD,Wallabia bicolor,Swamp Wallaby,Wallaby,-27.25,152.75,42
Queensland,QLD,Wallabia bicolor,Swamp Wallaby,Wallaby,-27.25,153.0,28
Queensland,QLD,Wallabia bicolor,Swamp Wallaby,Wallaby,-27.0,149.0,1
Queensland,QLD,Wallabia bicolor,Swamp Wallaby,Wallaby,-27.0,149.25,2
Queensland,QLD,Wallabia bicolor,Swamp Wallaby,Wallaby,-27.0,149.5,1
Queensland,QLD,Wallabia bicolor,Swamp Wallaby,Wallaby,-27.0,150.0,1
Queensland,QLD,Wallabia bicolor,Swamp Wallaby,Wallaby,-27.0,151.25,1
Queensland,QLD,Wallabia bicolor,Swamp Wallaby,Wallaby,-27.0,151.5,7
Queensland,QLD,Wallabia bicolor,Swamp Wallaby,Wallaby,-27.0,152.75,13
Queensland,QLD,Wallabia bicolor,Swamp Wallaby,Wallaby,-27.0,153.0,37
Queensland,QLD,Wallabia bicolor,Swamp Wallaby,Wallaby,-27.0,153.25,32
Queensland,QLD,Wallabia bicolor,Swamp Wallaby,Wallaby,-26.75,150.25,3
Queensland,QLD,Wallabia bicolor,Swamp Wallaby,Wallaby,-26.75,151.5,2
Queensland,QLD,Wallabia bicolor,Swamp Wallaby,Wallaby,-26.75,152.5,1
Queensland,QLD,Wallabia bicolor,Swamp Wallaby,Wallaby,-26.75,152.75,26
Queensland,QLD,Wallabia bicolor,Swamp Wallaby,Wallaby,-26.75,153.0,47
Queensland,QLD,Wallabia bicolor,Swamp Wallaby,Wallaby,-26.75,153.25,4
Queensland,QLD,Wallabia bicolor,Swamp Wallaby,Wallaby,-26.5,147.0,2
Queensland,QLD,Wallabia bicolor,Swamp Wallaby,Wallaby,-26.5,148.75,2
Queensland,QLD,Wallabia bicolor,Swamp Wallaby,Wallaby,-26.5,150.0,2
Queensland,QLD,Wallabia bicolor,Swamp Wallaby,Wallaby,-26.5,150.25,1
Queensland,QLD,Wallabia bicolor,Swamp Wallaby,Wallaby,-26.5,152.5,1
Queensland,QLD,Wallabia bicolor,Swamp Wallaby,Wallaby,-26.5,152.75,22
Queensland,QLD,Wallabia bicolor,Swamp Wallaby,Wallaby,-26.5,153.0,53
Queensland,QLD,Wallabia bicolor,Swamp Wallaby,Wallaby,-26.25,149.75,2
Queensland,QLD,Wallabia bicolor,Swamp Wallaby,Wallaby,-26.25,150.0,2
Queensland,QLD,Wallabia bicolor,Swamp Wallaby,Wallaby,-26.25,152.25,1
Queensland,QLD,Wallabia bicolor,Swamp Wallaby,Wallaby,-26.25,152.5,1
Queensland,QLD,Wallabia bicolor,Swamp Wallaby,Wallaby,-26.25,152.75,18
Queensland,QLD,Wallabia bicolor,Swamp Wallaby,Wallaby,-26.25,153.0,14
Queensland,QLD,Wallabia bicolor,Swamp Wallaby,Wallaby,-26.0,148.75,2
Queensland,QLD,Wallabia bicolor,Swamp Wallaby,Wallaby,-26.0,153.0,1
Queensland,QLD,Wallabia bicolor,Swamp Wallaby,Wallaby,-26.0,153.25,2
Queensland,QLD,Wallabia bicolor,Swamp Wallaby,Wallaby,-25.75,148.25,1
Queensland,QLD,Wallabia bicolor,Swamp Wallaby,Wallaby,-25.75,148.5,1
Queensland,QLD,Wallabia bicolor,Swamp Wallaby,Wallaby,-25.75,148.75,1
Queensland,QLD,Wallabia bicolor,Swamp Wallaby,Wallaby,-25.75,151.0,3
Queensland,QLD,Wallabia bicolor,Swamp Wallaby,Wallaby,-25.75,152.25,1
Queensland,QLD,Wallabia bicolor,Swamp Wallaby,Wallaby,-25.75,152.5,10
Queensland,QLD,Wallabia bicolor,Swamp Wallaby,Wallaby,-25.75,152.75,25
Queensland,QLD,Wallabia bicolor,Swamp Wallaby,Wallaby,-25.75,153.0,5
Queensland,QLD,Wallabia bicolor,Swamp Wallaby,Wallaby,-25.5,148.75,1
Queensland,QLD,Wallabia bicolor,Swamp Wallaby,Wallaby,-25.5,149.75,5
Queensland,QLD,Wallabia bicolor,Swamp Wallaby,Wallaby,-25.5,152.5,4
Queensland,QLD,Wallabia bicolor,Swamp Wallaby,Wallaby,-25.5,152.75,1
Queensland,QLD,Wallabia bicolor,Swamp Wallaby,Wallaby,-25.25,148.5,1
Queensland,QLD,Wallabia bicolor,Swamp Wallaby,Wallaby,-25.25,149.25,1
Queensland,QLD,Wallabia bicolor,Swamp Wallaby,Wallaby,-25.25,150.25,1
Queensland,QLD,Wallabia bicolor,Swamp Wallaby,Wallaby,-25.25,152.25,1
Queensland,QLD,Wallabia bicolor,Swamp Wallaby,Wallaby,-25.25,152.5,1
Queensland,QLD,Wallabia bicolor,Swamp Wallaby,Wallaby,-25.25,152.75,5
Queensland,QLD,Wallabia bicolor,Swamp Wallaby,Wallaby,-25.25,153.25,1
Queensland,QLD,Wallabia bicolor,Swamp Wallaby,Wallaby,-25.0,148.25,42
Queensland,QLD,Wallabia bicolor,Swamp Wallaby,Wallaby,-25.0,151.75,1
Queensland,QLD,Wallabia bicolor,Swamp Wallaby,Wallaby,-25.0,153.25,1
Queensland,QLD,Wallabia bicolor,Swamp Wallaby,Wallaby,-24.75,151.0,11
Queensland,QLD,Wallabia bicolor,Swamp Wallaby,Wallaby,-24.75,152.5,3
Queensland,QLD,Wallabia bicolor,Swamp Wallaby,Wallaby,-24.5,145.5,1
Queensland,QLD,Wallabia bicolor,Swamp Wallaby,Wallaby,-24.5,150.0,1
Queensland,QLD,Wallabia bicolor,Swamp Wallaby,Wallaby,-24.5,151.0,5
Queensland,QLD,Wallabia bicolor,Swamp Wallaby,Wallaby,-24.5,151.75,1
Queensland,QLD,Wallabia bicolor,Swamp Wallaby,Wallaby,-24.25,151.0,2
Queensland,QLD,Wallabia bicolor,Swamp Wallaby,Wallaby,-24.25,151.25,1
Queensland,QLD,Wallabia bicolor,Swamp Wallaby,Wallaby,-24.25,152.0,1
Queensland,QLD,Wallabia bicolor,Swamp Wallaby,Wallaby,-24.0,151.25,4
Queensland,QLD,Wallabia bicolor,Swamp Wallaby,Wallaby,-23.75,146.75,1
Queensland,QLD,Wallabia bicolor,Swamp Wallaby,Wallaby,-23.75,148.25,2
Queensland,QLD,Wallabia bicolor,Swamp Wallaby,Wallaby,-23.75,150.25,2
Queensland,QLD,Wallabia bicolor,Swamp Wallaby,Wallaby,-23.75,150.75,1
Queensland,QLD,Wallabia bicolor,Swamp Wallaby,Wallaby,-23.75,151.0,4
Queensland,QLD,Wallabia bicolor,Swamp Wallaby,Wallaby,-23.75,151.25,1
Queensland,QLD,Wallabia bicolor,Swamp Wallaby,Wallaby,-23.5,147.0,1
Queensland,QLD,Wallabia bicolor,Swamp Wallaby,Wallaby,-23.5,147.75,3
Queensland,QLD,Wallabia bicolor,Swamp Wallaby,Wallaby,-23.25,150.5,2
Queensland,QLD,Wallabia bicolor,Swamp Wallaby,Wallaby,-23.25,150.75,1
Queensland,QLD,Wallabia bicolor,Swamp Wallaby,Wallaby,-23.0,147.5,1
Queensland,QLD,Wallabia bicolor,Swamp Wallaby,Wallaby,-22.75,149.75,1
Queensland,QLD,Wallabia bicolor,Swamp Wallaby,Wallaby,-22.25,146.75,3
Queensland,QLD,Wallabia bicolor,Swamp Wallaby,Wallaby,-22.0,148.5,1
Queensland,QLD,Wallabia bicolor,Swamp Wallaby,Wallaby,-21.75,148.75,2
Queensland,QLD,Wallabia bicolor,Swamp Wallaby,Wallaby,-21.75,149.5,1
Queensland,QLD,Wallabia bicolor,Swamp Wallaby,Wallaby,-21.25,148.5,2
Queensland,QLD,Wallabia bicolor,Swamp Wallaby,Wallaby,-21.0,147.75,1
Queensland,QLD,Wallabia bicolor,Swamp Wallaby,Wallaby,-21.0,148.5,2
Queensland,QLD,Wallabia bicolor,Swamp Wallaby,Wallaby,-21.0,148.75,1
Queensland,QLD,Wallabia bicolor,Swamp Wallaby,Wallaby,-20.75,148.5,1
Queensland,QLD,Wallabia bicolor,Swamp Wallaby,Wallaby,-20.5,144.5,1
Queensland,QLD,Wallabia bicolor,Swamp Wallaby,Wallaby,-20.25,144.5,5
Queensland,QLD,Wallabia bicolor,Swamp Wallaby,Wallaby,-20.25,148.5,1
Queensland,QLD,Wallabia bicolor,Swamp Wallaby,Wallaby,-20.0,146.25,2
Queensland,QLD,Wallabia bicolor,Swamp Wallaby,Wallaby,-20.0,148.25,1
Queensland,QLD,Wallabia bicolor,Swamp Wallaby,Wallaby,-20.0,148.5,1
Queensland,QLD,Wallabia bicolor,Swamp Wallaby,Wallaby,-19.75,147.0,1
Queensland,QLD,Wallabia bicolor,Swamp Wallaby,Wallaby,-19.5,145.75,1
Queensland,QLD,Wallabia bicolor,Swamp Wallaby,Wallaby,-19.5,146.25,1
Queensland,QLD,Wallabia bicolor,Swamp Wallaby,Wallaby,-19.25,146.5,1
Queensland,QLD,Wallabia bicolor,Swamp Wallaby,Wallaby,-19.0,146.0,1
Queensland,QLD,Wallabia bicolor,Swamp Wallaby,Wallaby,-18.75,143.5,1
Queensland,QLD,Wallabia bicolor,Swamp Wallaby,Wallaby,-18.25,144.25,2
Queensland,QLD,Wallabia bicolor,Swamp Wallaby,Wallaby,-18.25,144.5,23
Queensland,QLD,Wallabia bicolor,Swamp Wallaby,Wallaby,-18.25,144.75,12
Queensland,QLD,Wallabia bicolor,Swamp Wallaby,Wallaby,-18.0,144.75,2
Queensland,QLD,Wallabia bicolor,Swamp Wallaby,Wallaby,-17.75,145.0,1
Queensland,QLD,Wallabia bicolor,Swamp Wallaby,Wallaby,-17.75,145.25,1
Queensland,QLD,Wallabia bicolor,Swamp Wallaby,Wallaby,-17.75,145.5,5
Queensland,QLD,Wallabia bicolor,Swamp Wallaby,Wallaby,-17.5,145.25,1
Queensland,QLD,Wallabia bicolor,Swamp Wallaby,Wallaby,-17.5,145.5,7
Queensland,QLD,Wallabia bicolor,Swamp Wallaby,Wallaby,-17.0,145.75,1
Queensland,QLD,Wallabia bicolor,Swamp Wallaby,Wallaby,-16.75,145.25,1
Queensland,QLD,Wallabia bicolor,Swamp Wallaby,Wallaby,-16.75,145.5,1
Queensland,QLD,Wallabia bicolor,Swamp Wallaby,Wallaby,-16.75,145.75,3
Queensland,QLD,Wallabia bicolor,Swamp Wallaby,Wallaby,-16.25,145.25,3
Queensland,QLD,Wallabia bicolor,Swamp Wallaby,Wallaby,-16.25,145.5,1
South Australia,SA,Macropus fuliginosus,Western Grey Kangaroo,Kangaroo,-37.25,139.75,3
South Australia,SA,Macropus fuliginosus,Western Grey Kangaroo,Kangaroo,-37.25,140.0,1
South Australia,SA,Macropus fuliginosus,Western Grey Kangaroo,Kangaroo,-37.25,140.75,3
South Australia,SA,Macropus fuliginosus,Western Grey Kangaroo,Kangaroo,-37.0,139.75,12
South Australia,SA,Macropus fuliginosus,Western Grey Kangaroo,Kangaroo,-37.0,140.0,1
South Australia,SA,Macropus fuliginosus,Western Grey Kangaroo,Kangaroo,-37.0,140.5,1
South Australia,SA,Macropus fuliginosus,Western Grey Kangaroo,Kangaroo,-37.0,140.75,65
South Australia,SA,Macropus fuliginosus,Western Grey Kangaroo,Kangaroo,-36.75,139.75,2
South Australia,SA,Macropus fuliginosus,Western Grey Kangaroo,Kangaroo,-36.75,140.0,5
South Australia,SA,Macropus fuliginosus,Western Grey Kangaroo,Kangaroo,-36.75,140.25,1
South Australia,SA,Macropus fuliginosus,Western Grey Kangaroo,Kangaroo,-36.75,140.5,4
South Australia,SA,Macropus fuliginosus,Western Grey Kangaroo,Kangaroo,-36.75,140.75,5
South Australia,SA,Macropus fuliginosus,Western Grey Kangaroo,Kangaroo,-36.75,141.0,2
South Australia,SA,Macropus fuliginosus,Western Grey Kangaroo,Kangaroo,-36.5,139.75,2
South Australia,SA,Macropus fuliginosus,Western Grey Kangaroo,Kangaroo,-36.5,140.0,2
South Australia,SA,Macropus fuliginosus,Western Grey Kangaroo,Kangaroo,-36.5,140.25,5
South Australia,SA,Macropus fuliginosus,Western Grey Kangaroo,Kangaroo,-36.5,140.5,2
South Australia,SA,Macropus fuliginosus,Western Grey Kangaroo,Kangaroo,-36.5,140.75,1
South Australia,SA,Macropus fuliginosus,Western Grey Kangaroo,Kangaroo,-36.25,139.75,33
South Australia,SA,Macropus fuliginosus,Western Grey Kangaroo,Kangaroo,-36.25,140.0,24
South Australia,SA,Macropus fuliginosus,Western Grey Kangaroo,Kangaroo,-36.25,140.25,14
South Australia,SA,Macropus fuliginosus,Western Grey Kangaroo,Kangaroo,-36.25,140.5,4
South Australia,SA,Macropus fuliginosus,Western Grey Kangaroo,Kangaroo,-36.25,140.75,3
South Australia,SA,Macropus fuliginosus,Western Grey Kangaroo,Kangaroo,-36.0,136.5,1
South Australia,SA,Macropus fuliginosus,Western Grey Kangaroo,Kangaroo,-36.0,136.75,58
South Australia,SA,Macropus fuliginosus,Western Grey Kangaroo,Kangaroo,-36.0,137.0,114
South Australia,SA,Macropus fuliginosus,Western Grey Kangaroo,Kangaroo,-36.0,137.25,123
South Australia,SA,Macropus fuliginosus,Western Grey Kangaroo,Kangaroo,-36.0,137.5,5
South Australia,SA,Macropus fuliginosus,Western Grey Kangaroo,Kangaroo,-36.0,138.0,8
South Australia,SA,Macropus fuliginosus,Western Grey Kangaroo,Kangaroo,-36.0,139.5,6
South Australia,SA,Macropus fuliginosus,Western Grey Kangaroo,Kangaroo,-36.0,139.75,12
South Australia,SA,Macropus fuliginosus,Western Grey Kangaroo,Kangaroo,-36.0,140.0,9
South Australia,SA,Macropus fuliginosus,Western Grey Kangaroo,Kangaroo,-36.0,140.25,44
South Australia,SA,Macropus fuliginosus,Western Grey Kangaroo,Kangaroo,-36.0,140.5,34
South Australia,SA,Macropus fuliginosus,Western Grey Kangaroo,Kangaroo,-36.0,140.75,2
South Australia,SA,Macropus fuliginosus,Western Grey Kangaroo,Kangaroo,-36.0,141.0,1
South Australia,SA,Macropus fuliginosus,Western Grey Kangaroo,Kangaroo,-35.75,136.5,7
South Australia,SA,Macropus fuliginosus,Western Grey Kangaroo,Kangaroo,-35.75,136.75,974
South Australia,SA,Macropus fuliginosus,Western Grey Kangaroo,Kangaroo,-35.75,137.0,300
South Australia,SA,Macropus fuliginosus,Western Grey Kangaroo,Kangaroo,-35.75,137.25,33
South Australia,SA,Macropus fuliginosus,Western Grey Kangaroo,Kangaroo,-35.75,137.5,16
South Australia,SA,Macropus fuliginosus,Western Grey Kangaroo,Kangaroo,-35.75,137.75,728
South Australia,SA,Macropus fuliginosus,Western Grey Kangaroo,Kangaroo,-35.75,138.0,81
South Australia,SA,Macropus fuliginosus,Western Grey Kangaroo,Kangaroo,-35.75,138.25,77
South Australia,SA,Macropus fuliginosus,Western Grey Kangaroo,Kangaroo,-35.75,138.5,19
South Australia,SA,Macropus fuliginosus,Western Grey Kangaroo,Kangaroo,-35.75,139.25,20
South Australia,SA,Macropus fuliginosus,Western Grey Kangaroo,Kangaroo,-35.75,139.75,3
South Australia,SA,Macropus fuliginosus,Western Grey Kangaroo,Kangaroo,-35.75,140.0,1
South Australia,SA,Macropus fuliginosus,Western Grey Kangaroo,Kangaroo,-35.75,140.25,54
South Australia,SA,Macropus fuliginosus,Western Grey Kangaroo,Kangaroo,-35.75,140.5,63
South Australia,SA,Macropus fuliginosus,Western Grey Kangaroo,Kangaroo,-35.75,140.75,96
South Australia,SA,Macropus fuliginosus,Western Grey Kangaroo,Kangaroo,-35.75,141.0,27
South Australia,SA,Macropus fuliginosus,Western Grey Kangaroo,Kangaroo,-35.5,137.25,6
South Australia,SA,Macropus fuliginosus,Western Grey Kangaroo,Kangaroo,-35.5,137.5,33
South Australia,SA,Macropus fuliginosus,Western Grey Kangaroo,Kangaroo,-35.5,138.25,114
South Australia,SA,Macropus fuliginosus,Western Grey Kangaroo,Kangaroo,-35.5,138.5,64
South Australia,SA,Macropus fuliginosus,Western Grey Kangaroo,Kangaroo,-35.5,138.75,12
South Australia,SA,Macropus fuliginosus,Western Grey Kangaroo,Kangaroo,-35.5,139.0,6
South Australia,SA,Macropus fuliginosus,Western Grey Kangaroo,Kangaroo,-35.5,139.25,7
South Australia,SA,Macropus fuliginosus,Western Grey Kangaroo,Kangaroo,-35.5,139.75,1
South Australia,SA,Macropus fuliginosus,Western Grey Kangaroo,Kangaroo,-35.5,140.25,5
South Australia,SA,Macropus fuliginosus,Western Grey Kangaroo,Kangaroo,-35.5,140.5,16
South Australia,SA,Macropus fuliginosus,Western Grey Kangaroo,Kangaroo,-35.5,140.75,22
South Australia,SA,Macropus fuliginosus,Western Grey Kangaroo,Kangaroo,-35.5,141.0,35
South Australia,SA,Macropus fuliginosus,Western Grey Kangaroo,Kangaroo,-35.25,136.75,35
South Australia,SA,Macropus fuliginosus,Western Grey Kangaroo,Kangaroo,-35.25,137.0,40
South Australia,SA,Macropus fuliginosus,Western Grey Kangaroo,Kangaroo,-35.25,137.25,2
South Australia,SA,Macropus fuliginosus,Western Grey Kangaroo,Kangaroo,-35.25,138.5,1557
South Australia,SA,Macropus fuliginosus,Western Grey Kangaroo,Kangaroo,-35.25,138.75,89
South Australia,SA,Macropus fuliginosus,Western Grey Kangaroo,Kangaroo,-35.25,139.0,27
South Australia,SA,Macropus fuliginosus,Western Grey Kangaroo,Kangaroo,-35.25,139.25,9
South Australia,SA,Macropus fuliginosus,Western Grey Kangaroo,Kangaroo,-35.25,140.0,1
South Australia,SA,Macropus fuliginosus,Western Grey Kangaroo,Kangaroo,-35.25,140.25,1
South Australia,SA,Macropus fuliginosus,Western Grey Kangaroo,Kangaroo,-35.25,140.75,1
South Australia,SA,Macropus fuliginosus,Western Grey Kangaroo,Kangaroo,-35.25,141.0,1
South Australia,SA,Macropus fuliginosus,Western Grey Kangaroo,Kangaroo,-35.0,135.75,7
South Australia,SA,Macropus fuliginosus,Western Grey Kangaroo,Kangaroo,-35.0,136.0,4
South Australia,SA,Macropus fuliginosus,Western Grey Kangaroo,Kangaroo,-35.0,137.0,8
South Australia,SA,Macropus fuliginosus,Western Grey Kangaroo,Kangaroo,-35.0,137.25,2
South Australia,SA,Macropus fuliginosus,Western Grey Kangaroo,Kangaroo,-35.0,137.5,6
South Australia,SA,Macropus fuliginosus,Western Grey Kangaroo,Kangaroo,-35.0,138.5,189
South Australia,SA,Macropus fuliginosus,Western Grey Kangaroo,Kangaroo,-35.0,138.75,2327
South Australia,SA,Macropus fuliginosus,Western Grey Kangaroo,Kangaroo,-35.0,139.0,80
South Australia,SA,Macropus fuliginosus,Western Grey Kangaroo,Kangaroo,-35.0,139.25,44
South Australia,SA,Macropus fuliginosus,Western Grey Kangaroo,Kangaroo,-35.0,139.5,1
South Australia,SA,Macropus fuliginosus,Western Grey Kangaroo,Kangaroo,-35.0,140.0,1
South Australia,SA,Macropus fuliginosus,Western Grey Kangaroo,Kangaroo,-35.0,140.5,2
South Australia,SA,Macropus fuliginosus,Western Grey Kangaroo,Kangaroo,-35.0,140.75,1
South Australia,SA,Macropus fuliginosus,Western Grey Kangaroo,Kangaroo,-35.0,141.0,2
South Australia,SA,Macropus fuliginosus,Western Grey Kangaroo,Kangaroo,-34.75,135.25,18
South Australia,SA,Macropus fuliginosus,Western Grey Kangaroo,Kangaroo,-34.75,135.5,5
South Australia,SA,Macropus fuliginosus,Western Grey Kangaroo,Kangaroo,-34.75,135.75,9
South Australia,SA,Macropus fuliginosus,Western Grey Kangaroo,Kangaroo,-34.75,136.0,12
South Australia,SA,Macropus fuliginosus,Western Grey Kangaroo,Kangaroo,-34.75,137.5,6
South Australia,SA,Macropus fuliginosus,Western Grey Kangaroo,Kangaroo,-34.75,137.75,2
South Australia,SA,Macropus fuliginosus,Western Grey Kangaroo,Kangaroo,-34.75,138.5,3
South Australia,SA,Macropus fuliginosus,Western Grey Kangaroo,Kangaroo,-34.75,138.75,460
South Australia,SA,Macropus fuliginosus,Western Grey Kangaroo,Kangaroo,-34.75,139.0,137
South Australia,SA,Macropus fuliginosus,Western Grey Kangaroo,Kangaroo,-34.75,139.25,11
South Australia,SA,Macropus fuliginosus,Western Grey Kangaroo,Kangaroo,-34.75,139.5,22
South Australia,SA,Macropus fuliginosus,Western Grey Kangaroo,Kangaroo,-34.75,139.75,3
South Australia,SA,Macropus fuliginosus,Western Grey Kangaroo,Kangaroo,-34.75,140.0,2
South Australia,SA,Macropus fuliginosus,Western Grey Kangaroo,Kangaroo,-34.75,140.25,1
South Australia,SA,Macropus fuliginosus,Western Grey Kangaroo,Kangaroo,-34.5,135.25,3
South Australia,SA,Macropus fuliginosus,Western Grey Kangaroo,Kangaroo,-34.5,135.5,12
South Australia,SA,Macropus fuliginosus,Western Grey Kangaroo,Kangaroo,-34.5,135.75,4
South Australia,SA,Macropus fuliginosus,Western Grey Kangaroo,Kangaroo,-34.5,136.0,2
South Australia,SA,Macropus fuliginosus,Western Grey Kangaroo,Kangaroo,-34.5,137.5,2
South Australia,SA,Macropus fuliginosus,Western Grey Kangaroo,Kangaroo,-34.5,138.0,1
South Australia,SA,Macropus fuliginosus,Western Grey Kangaroo,Kangaroo,-34.5,138.25,4
South Australia,SA,Macropus fuliginosus,Western Grey Kangaroo,Kangaroo,-34.5,138.5,10
South Australia,SA,Macropus fuliginosus,Western Grey Kangaroo,Kangaroo,-34.5,138.75,46
South Australia,SA,Macropus fuliginosus,Western Grey Kangaroo,Kangaroo,-34.5,139.0,45
South Australia,SA,Macropus fuliginosus,Western Grey Kangaroo,Kangaroo,-34.5,139.25,9
South Australia,SA,Macropus fuliginosus,Western Grey Kangaroo,Kangaroo,-34.5,139.5,134
South Australia,SA,Macropus fuliginosus,Western Grey Kangaroo,Kangaroo,-34.5,139.75,1
South Australia,SA,Macropus fuliginosus,Western Grey Kangaroo,Kangaroo,-34.5,140.0,6
South Australia,SA,Macropus fuliginosus,Western Grey Kangaroo,Kangaroo,-34.5,140.5,8
South Australia,SA,Macropus fuliginosus,Western Grey Kangaroo,Kangaroo,-34.25,135.75,1
South Australia,SA,Macropus fuliginosus,Western Grey Kangaroo,Kangaroo,-34.25,137.75,1
South Australia,SA,Macropus fuliginosus,Western Grey Kangaroo,Kangaroo,-34.25,138.0,2
South Australia,SA,Macropus fuliginosus,Western Grey Kangaroo,Kangaroo,-34.25,138.25,5
South Australia,SA,Macropus fuliginosus,Western Grey Kangaroo,Kangaroo,-34.25,138.5,1
South Australia,SA,Macropus fuliginosus,Western Grey Kangaroo,Kangaroo,-34.25,138.75,5
South Australia,SA,Macropus fuliginosus,Western Grey Kangaroo,Kangaroo,-34.25,139.0,2
South Australia,SA,Macropus fuliginosus,Western Grey Kangaroo,Kangaroo,-34.25,139.25,3
South Australia,SA,Macropus fuliginosus,Western Grey Kangaroo,Kangaroo,-34.25,139.5,79
South Australia,SA,Macropus fuliginosus,Western Grey Kangaroo,Kangaroo,-34.25,139.75,577
South Australia,SA,Macropus fuliginosus,Western Grey Kangaroo,Kangaroo,-34.25,140.25,2
South Australia,SA,Macropus fuliginosus,Western Grey Kangaroo,Kangaroo,-34.25,140.5,9
South Australia,SA,Macropus fuliginosus,Western Grey Kangaroo,Kangaroo,-34.25,140.75,20
South Australia,SA,Macropus fuliginosus,Western Grey Kangaroo,Kangaroo,-34.0,138.0,4
South Australia,SA,Macropus fuliginosus,Western Grey Kangaroo,Kangaroo,-34.0,138.25,2
South Australia,SA,Macropus fuliginosus,Western Grey Kangaroo,Kangaroo,-34.0,138.5,3
South Australia,SA,Macropus fuliginosus,Western Grey Kangaroo,Kangaroo,-34.0,138.75,10
South Australia,SA,Macropus fuliginosus,Western Grey Kangaroo,Kangaroo,-34.0,139.0,5
South Australia,SA,Macropus fuliginosus,Western Grey Kangaroo,Kangaroo,-34.0,139.25,4
South Australia,SA,Macropus fuliginosus,Western Grey Kangaroo,Kangaroo,-34.0,139.75,2
South Australia,SA,Macropus fuliginosus,Western Grey Kangaroo,Kangaroo,-34.0,140.0,8
South Australia,SA,Macropus fuliginosus,Western Grey Kangaroo,Kangaroo,-34.0,140.5,1
South Australia,SA,Macropus fuliginosus,Western Grey Kangaroo,Kangaroo,-34.0,140.75,8
South Australia,SA,Macropus fuliginosus,Western Grey Kangaroo,Kangaroo,-33.75,136.5,4
South Australia,SA,Macropus fuliginosus,Western Grey Kangaroo,Kangaroo,-33.75,137.0,2
South Australia,SA,Macropus fuliginosus,Western Grey Kangaroo,Kangaroo,-33.75,137.75,2
South Australia,SA,Macropus fuliginosus,Western Grey Kangaroo,Kangaroo,-33.75,138.25,3
South Australia,SA,Macropus fuliginosus,Western Grey Kangaroo,Kangaroo,-33.75,138.5,12
South Australia,SA,Macropus fuliginosus,Western Grey Kangaroo,Kangaroo,-33.75,138.75,1
South Australia,SA,Macropus fuliginosus,Western Grey Kangaroo,Kangaroo,-33.75,139.0,36
South Australia,SA,Macropus fuliginosus,Western Grey Kangaroo,Kangaroo,-33.75,139.25,1
South Australia,SA,Macropus fuliginosus,Western Grey Kangaroo,Kangaroo,-33.75,140.0,6
South Australia,SA,Macropus fuliginosus,Western Grey Kangaroo,Kangaroo,-33.75,140.25,11
South Australia,SA,Macropus fuliginosus,Western Grey Kangaroo,Kangaroo,-33.5,135.0,1
South Australia,SA,Macropus fuliginosus,Western Grey Kangaroo,Kangaroo,-33.5,135.5,3
South Australia,SA,Macropus fuliginosus,Western Grey Kangaroo,Kangaroo,-33.5,136.5,1
South Australia,SA,Macropus fuliginosus,Western Grey Kangaroo,Kangaroo,-33.5,136.75,5
South Australia,SA,Macropus fuliginosus,Western Grey Kangaroo,Kangaroo,-33.5,137.0,1
South Australia,SA,Macropus fuliginosus,Western Grey Kangaroo,Kangaroo,-33.5,137.25,3
South Australia,SA,Macropus fuliginosus,Western Grey Kangaroo,Kangaroo,-33.5,138.0,1
South Australia,SA,Macropus fuliginosus,Western Grey Kangaroo,Kangaroo,-33.5,138.25,3
South Australia,SA,Macropus fuliginosus,Western Grey Kangaroo,Kangaroo,-33.5,138.5,3
South Australia,SA,Macropus fuliginosus,Western Grey Kangaroo,Kangaroo,-33.5,138.75,1
South Australia,SA,Macropus fuliginosus,Western Grey Kangaroo,Kangaroo,-33.5,139.0,13
South Australia,SA,Macropus fuliginosus,Western Grey Kangaroo,Kangaroo,-33.5,139.25,1
South Australia,SA,Macropus fuliginosus,Western Grey Kangaroo,Kangaroo,-33.5,141.0,5
South Australia,SA,Macropus fuliginosus,Western Grey Kangaroo,Kangaroo,-33.25,134.75,1
South Australia,SA,Macropus fuliginosus,Western Grey Kangaroo,Kangaroo,-33.25,135.0,2
South Australia,SA,Macropus fuliginosus,Western Grey Kangaroo,Kangaroo,-33.25,135.75,2
South Australia,SA,Macropus fuliginosus,Western Grey Kangaroo,Kangaroo,-33.25,136.5,2
South Australia,SA,Macropus fuliginosus,Western Grey Kangaroo,Kangaroo,-33.25,136.75,5
South Australia,SA,Macropus fuliginosus,Western Grey Kangaroo,Kangaroo,-33.25,137.0,7
South Australia,SA,Macropus fuliginosus,Western Grey Kangaroo,Kangaroo,-33.25,137.25,6
South Australia,SA,Macropus fuliginosus,Western Grey Kangaroo,Kangaroo,-33.25,137.5,2
South Australia,SA,Macropus fuliginosus,Western Grey Kangaroo,Kangaroo,-33.25,138.0,1
South Australia,SA,Macropus fuliginosus,Western Grey Kangaroo,Kangaroo,-33.25,138.25,11
South Australia,SA,Macropus fuliginosus,Western Grey Kangaroo,Kangaroo,-33.25,138.5,8
South Australia,SA,Macropus fuliginosus,Western Grey Kangaroo,Kangaroo,-33.25,138.75,2
South Australia,SA,Macropus fuliginosus,Western Grey Kangaroo,Kangaroo,-33.25,139.0,1
South Australia,SA,Macropus fuliginosus,Western Grey Kangaroo,Kangaroo,-33.0,135.5,1
South Australia,SA,Macropus fuliginosus,Western Grey Kangaroo,Kangaroo,-33.0,136.25,4
South Australia,SA,Macropus fuliginosus,Western Grey Kangaroo,Kangaroo,-33.0,136.5,6
South Australia,SA,Macropus fuliginosus,Western Grey Kangaroo,Kangaroo,-33.0,136.75,2
South Australia,SA,Macropus fuliginosus,Western Grey Kangaroo,Kangaroo,-33.0,137.25,4
South Australia,SA,Macropus fuliginosus,Western Grey Kangaroo,Kangaroo,-33.0,137.5,9
South Australia,SA,Macropus fuliginosus,Western Grey Kangaroo,Kangaroo,-33.0,137.75,9
South Australia,SA,Macropus fuliginosus,Western Grey Kangaroo,Kangaroo,-33.0,138.0,2
South Australia,SA,Macropus fuliginosus,Western Grey Kangaroo,Kangaroo,-33.0,138.25,9
South Australia,SA,Macropus fuliginosus,Western Grey Kangaroo,Kangaroo,-33.0,138.5,4
South Australia,SA,Macropus fuliginosus,Western Grey Kangaroo,Kangaroo,-33.0,138.75,5
South Australia,SA,Macropus fuliginosus,Western Grey Kangaroo,Kangaroo,-33.0,139.0,1
South Australia,SA,Macropus fuliginosus,Western Grey Kangaroo,Kangaroo,-33.0,140.5,1
South Australia,SA,Macropus fuliginosus,Western Grey Kangaroo,Kangaroo,-33.0,141.0,1
South Australia,SA,Macropus fuliginosus,Western Grey Kangaroo,Kangaroo,-32.75,134.25,1
South Australia,SA,Macropus fuliginosus,Western Grey Kangaroo,Kangaroo,-32.75,134.75,1
South Australia,SA,Macropus fuliginosus,Western Grey Kangaroo,Kangaroo,-32.75,135.5,708
South Australia,SA,Macropus fuliginosus,Western Grey Kangaroo,Kangaroo,-32.75,135.75,250
South Australia,SA,Macropus fuliginosus,Western Grey Kangaroo,Kangaroo,-32.75,136.0,243
South Australia,SA,Macropus fuliginosus,Western Grey Kangaroo,Kangaroo,-32.75,136.25,112
South Australia,SA,Macropus fuliginosus,Western Grey Kangaroo,Kangaroo,-32.75,137.25,1
South Australia,SA,Macropus fuliginosus,Western Grey Kangaroo,Kangaroo,-32.75,137.75,2
South Australia,SA,Macropus fuliginosus,Western Grey Kangaroo,Kangaroo,-32.75,138.0,90
South Australia,SA,Macropus fuliginosus,Western Grey Kangaroo,Kangaroo,-32.75,138.25,26
South Australia,SA,Macropus fuliginosus,Western Grey Kangaroo,Kangaroo,-32.75,138.5,5
South Australia,SA,Macropus fuliginosus,Western Grey Kangaroo,Kangaroo,-32.75,138.75,4
South Australia,SA,Macropus fuliginosus,Western Grey Kangaroo,Kangaroo,-32.75,140.5,1
South Australia,SA,Macropus fuliginosus,Western Grey Kangaroo,Kangaroo,-32.5,134.75,97
South Australia,SA,Macropus fuliginosus,Western Grey Kangaroo,Kangaroo,-32.5,135.0,18
South Australia,SA,Macropus fuliginosus,Western Grey Kangaroo,Kangaroo,-32.5,135.25,910
South Australia,SA,Macropus fuliginosus,Western Grey Kangaroo,Kangaroo,-32.5,135.5,518
South Australia,SA,Macropus fuliginosus,Western Grey Kangaroo,Kangaroo,-32.5,135.75,567
South Australia,SA,Macropus fuliginosus,Western Grey Kangaroo,Kangaroo,-32.5,136.0,205
South Australia,SA,Macropus fuliginosus,Western Grey Kangaroo,Kangaroo,-32.5,137.75,72
South Australia,SA,Macropus fuliginosus,Western Grey Kangaroo,Kangaroo,-32.5,138.0,7
South Australia,SA,Macropus fuliginosus,Western Grey Kangaroo,Kangaroo,-32.5,138.25,4
South Australia,SA,Macropus fuliginosus,Western Grey Kangaroo,Kangaroo,-32.5,138.75,4
South Australia,SA,Macropus fuliginosus,Western Grey Kangaroo,Kangaroo,-32.5,139.5,1
South Australia,SA,Macropus fuliginosus,Western Grey Kangaroo,Kangaroo,-32.5,141.0,1
South Australia,SA,Macropus fuliginosus,Western Grey Kangaroo,Kangaroo,-32.25,133.25,1
South Australia,SA,Macropus fuliginosus,Western Grey Kangaroo,Kangaroo,-32.25,134.75,61
South Australia,SA,Macropus fuliginosus,Western Grey Kangaroo,Kangaroo,-32.25,135.0,36
South Australia,SA,Macropus fuliginosus,Western Grey Kangaroo,Kangaroo,-32.25,135.25,3
South Australia,SA,Macropus fuliginosus,Western Grey Kangaroo,Kangaroo,-32.25,135.75,423
South Australia,SA,Macropus fuliginosus,Western Grey Kangaroo,Kangaroo,-32.25,137.5,1
South Australia,SA,Macropus fuliginosus,Western Grey Kangaroo,Kangaroo,-32.25,137.75,1
South Australia,SA,Macropus fuliginosus,Western Grey Kangaroo,Kangaroo,-32.25,138.0,34
South Australia,SA,Macropus fuliginosus,Western Grey Kangaroo,Kangaroo,-32.25,139.25,2
South Australia,SA,Macropus fuliginosus,Western Grey Kangaroo,Kangaroo,-32.25,140.0,14
South Australia,SA,Macropus fuliginosus,Western Grey Kangaroo,Kangaroo,-32.25,140.25,9
South Australia,SA,Macropus fuliginosus,Western Grey Kangaroo,Kangaroo,-32.0,132.25,1
South Australia,SA,Macropus fuliginosus,Western Grey Kangaroo,Kangaroo,-32.0,132.5,2
South Australia,SA,Macropus fuliginosus,Western Grey Kangaroo,Kangaroo,-32.0,138.0,10
South Australia,SA,Macropus fuliginosus,Western Grey Kangaroo,Kangaroo,-32.0,139.5,1
South Australia,SA,Macropus fuliginosus,Western Grey Kangaroo,Kangaroo,-32.0,140.0,494
South Australia,SA,Macropus fuliginosus,Western Grey Kangaroo,Kangaroo,-32.0,140.25,33
South Australia,SA,Macropus fuliginosus,Western Grey Kangaroo,Kangaroo,-32.0,140.5,6
South Australia,SA,Macropus fuliginosus,Western Grey Kangaroo,Kangaroo,-32.0,140.75,2
South Australia,SA,Macropus fuliginosus,Western Grey Kangaroo,Kangaroo,-31.75,131.75,1
South Australia,SA,Macropus fuliginosus,Western Grey Kangaroo,Kangaroo,-31.75,137.25,1
South Australia,SA,Macropus fuliginosus,Western Grey Kangaroo,Kangaroo,-31.75,138.5,7
South Australia,SA,Macropus fuliginosus,Western Grey Kangaroo,Kangaroo,-31.75,138.75,1
South Australia,SA,Macropus fuliginosus,Western Grey Kangaroo,Kangaroo,-31.5,129.75,1
South Australia,SA,Macropus fuliginosus,Western Grey Kangaroo,Kangaroo,-31.5,130.0,1
South Australia,SA,Macropus fuliginosus,Western Grey Kangaroo,Kangaroo,-31.5,131.0,1
South Australia,SA,Macropus fuliginosus,Western Grey Kangaroo,Kangaroo,-31.5,131.75,1
South Australia,SA,Macropus fuliginosus,Western Grey Kangaroo,Kangaroo,-31.5,138.5,47
South Australia,SA,Macropus fuliginosus,Western Grey Kangaroo,Kangaroo,-31.5,138.75,40
South Australia,SA,Macropus fuliginosus,Western Grey Kangaroo,Kangaroo,-31.5,139.75,2
South Australia,SA,Macropus fuliginosus,Western Grey Kangaroo,Kangaroo,-31.25,137.25,1
South Australia,SA,Macropus fuliginosus,Western Grey Kangaroo,Kangaroo,-31.25,138.5,73
South Australia,SA,Macropus fuliginosus,Western Grey Kangaroo,Kangaroo,-31.25,138.75,135
South Australia,SA,Macropus fuliginosus,Western Grey Kangaroo,Kangaroo,-31.0,132.25,3
South Australia,SA,Macropus fuliginosus,Western Grey Kangaroo,Kangaroo,-31.0,138.0,1
South Australia,SA,Macropus fuliginosus,Western Grey Kangaroo,Kangaroo,-31.0,138.5,63
South Australia,SA,Macropus fuliginosus,Western Grey Kangaroo,Kangaroo,-31.0,138.75,34
South Australia,SA,Macropus fuliginosus,Western Grey Kangaroo,Kangaroo,-30.75,132.25,3
South Australia,SA,Macropus fuliginosus,Western Grey Kangaroo,Kangaroo,-30.75,138.75,1
South Australia,SA,Macropus fuliginosus,Western Grey Kangaroo,Kangaroo,-30.75,139.25,20
South Australia,SA,Macropus fuliginosus,Western Grey Kangaroo,Kangaroo,-30.75,139.5,1
South Australia,SA,Macropus fuliginosus,Western Grey Kangaroo,Kangaroo,-30.5,137.0,1
South Australia,SA,Macropus fuliginosus,Western Grey Kangaroo,Kangaroo,-30.5,138.25,1
South Australia,SA,Macropus fuliginosus,Western Grey Kangaroo,Kangaroo,-30.5,138.5,1
South Australia,SA,Macropus fuliginosus,Western Grey Kangaroo,Kangaroo,-30.5,138.75,11
South Australia,SA,Macropus fuliginosus,Western Grey Kangaroo,Kangaroo,-30.5,139.0,6
South Australia,SA,Macropus fuliginosus,Western Grey Kangaroo,Kangaroo,-30.5,139.25,17
South Australia,SA,Macropus fuliginosus,Western Grey Kangaroo,Kangaroo,-30.5,139.5,15
South Australia,SA,Macropus fuliginosus,Western Grey Kangaroo,Kangaroo,-30.25,138.75,8
South Australia,SA,Macropus fuliginosus,Western Grey Kangaroo,Kangaroo,-30.25,139.25,2
South Australia,SA,Macropus fuliginosus,Western Grey Kangaroo,Kangaroo,-29.75,135.25,1
South Australia,SA,Macropus fuliginosus,Western Grey Kangaroo,Kangaroo,-29.5,134.75,3
South Australia,SA,Macropus fuliginosus,Western Grey Kangaroo,Kangaroo,-28.5,129.0,1
South Australia,SA,Macropus giganteus,Eastern Grey Kangaroo,Kangaroo,-38.0,140.75,7
South Australia,SA,Macropus giganteus,Eastern Grey Kangaroo,Kangaroo,-38.0,141.0,6
South Australia,SA,Macropus giganteus,Eastern Grey Kangaroo,Kangaroo,-37.75,140.5,2
South Australia,SA,Macropus giganteus,Eastern Grey Kangaroo,Kangaroo,-37.75,140.75,21
South Australia,SA,Macropus giganteus,Eastern Grey Kangaroo,Kangaroo,-37.5,140.5,1
South Australia,SA,Macropus giganteus,Eastern Grey Kangaroo,Kangaroo,-37.5,140.75,1
South Australia,SA,Macropus giganteus,Eastern Grey Kangaroo,Kangaroo,-37.25,140.0,2
South Australia,SA,Macropus giganteus,Eastern Grey Kangaroo,Kangaroo,-37.25,140.75,1
South Australia,SA,Macropus giganteus,Eastern Grey Kangaroo,Kangaroo,-37.0,139.75,1
South Australia,SA,Macropus giganteus,Eastern Grey Kangaroo,Kangaroo,-37.0,140.75,9
South Australia,SA,Macropus giganteus,Eastern Grey Kangaroo,Kangaroo,-36.75,140.75,1
South Australia,SA,Macropus giganteus,Eastern Grey Kangaroo,Kangaroo,-36.5,140.75,1
South Australia,SA,Macropus giganteus,Eastern Grey Kangaroo,Kangaroo,-36.25,140.75,1
South Australia,SA,Macropus giganteus,Eastern Grey Kangaroo,Kangaroo,-36.0,137.25,1
South Australia,SA,Macropus giganteus,Eastern Grey Kangaroo,Kangaroo,-35.75,137.75,1
South Australia,SA,Macropus giganteus,Eastern Grey Kangaroo,Kangaroo,-35.75,140.25,1
South Australia,SA,Macropus giganteus,Eastern Grey Kangaroo,Kangaroo,-35.75,141.0,1
South Australia,SA,Macropus giganteus,Eastern Grey Kangaroo,Kangaroo,-35.5,138.25,1
South Australia,SA,Macropus giganteus,Eastern Grey Kangaroo,Kangaroo,-35.0,138.5,2
South Australia,SA,Macropus giganteus,Eastern Grey Kangaroo,Kangaroo,-35.0,138.75,2
South Australia,SA,Macropus giganteus,Eastern Grey Kangaroo,Kangaroo,-35.0,139.25,2
South Australia,SA,Macropus giganteus,Eastern Grey Kangaroo,Kangaroo,-34.75,139.25,3
South Australia,SA,Macropus giganteus,Eastern Grey Kangaroo,Kangaroo,-34.75,139.5,1
South Australia,SA,Macropus giganteus,Eastern Grey Kangaroo,Kangaroo,-34.5,138.75,1
South Australia,SA,Macropus giganteus,Eastern Grey Kangaroo,Kangaroo,-34.5,140.5,1
South Australia,SA,Macropus giganteus,Eastern Grey Kangaroo,Kangaroo,-34.25,140.0,2
South Australia,SA,Macropus giganteus,Eastern Grey Kangaroo,Kangaroo,-34.25,140.5,6
South Australia,SA,Macropus giganteus,Eastern Grey Kangaroo,Kangaroo,-34.25,140.75,6
South Australia,SA,Macropus giganteus,Eastern Grey Kangaroo,Kangaroo,-34.0,138.5,2
South Australia,SA,Macropus giganteus,Eastern Grey Kangaroo,Kangaroo,-34.0,139.75,6
South Australia,SA,Macropus giganteus,Eastern Grey Kangaroo,Kangaroo,-34.0,140.0,1
South Australia,SA,Macropus giganteus,Eastern Grey Kangaroo,Kangaroo,-34.0,140.75,3
South Australia,SA,Macropus giganteus,Eastern Grey Kangaroo,Kangaroo,-33.75,137.75,1
South Australia,SA,Macropus giganteus,Eastern Grey Kangaroo,Kangaroo,-33.25,138.0,1
South Australia,SA,Macropus giganteus,Eastern Grey Kangaroo,Kangaroo,-33.0,138.25,1
South Australia,SA,Macropus giganteus,Eastern Grey Kangaroo,Kangaroo,-32.75,138.0,4
South Australia,SA,Macropus giganteus,Eastern Grey Kangaroo,Kangaroo,-32.75,138.25,1
South Australia,SA,Macropus giganteus,Eastern Grey Kangaroo,Kangaroo,-32.5,138.0,1
South Australia,SA,Macropus giganteus,Eastern Grey Kangaroo,Kangaroo,-32.25,138.0,3
South Australia,SA,Macropus giganteus,Eastern Grey Kangaroo,Kangaroo,-31.5,138.5,2
South Australia,SA,Macropus giganteus,Eastern Grey Kangaroo,Kangaroo,-31.0,138.5,1
South Australia,SA,Notamacropus rufogriseus,Red-necked Wallaby,Wallaby,-38.0,140.75,1
South Australia,SA,Notamacropus rufogriseus,Red-necked Wallaby,Wallaby,-38.0,141.0,4
South Australia,SA,Notamacropus rufogriseus,Red-necked Wallaby,Wallaby,-37.75,140.5,1
South Australia,SA,Notamacropus rufogriseus,Red-necked Wallaby,Wallaby,-37.75,140.75,2
South Australia,SA,Notamacropus rufogriseus,Red-necked Wallaby,Wallaby,-37.5,140.5,2
South Australia,SA,Notamacropus rufogriseus,Red-necked Wallaby,Wallaby,-37.25,140.5,1
South Australia,SA,Notamacropus rufogriseus,Red-necked Wallaby,Wallaby,-37.25,140.75,2
South Australia,SA,Notamacropus rufogriseus,Red-necked Wallaby,Wallaby,-37.25,141.0,1
South Australia,SA,Notamacropus rufogriseus,Red-necked Wallaby,Wallaby,-37.0,140.0,2
South Australia,SA,Notamacropus rufogriseus,Red-necked Wallaby,Wallaby,-37.0,140.5,1
South Australia,SA,Notamacropus rufogriseus,Red-necked Wallaby,Wallaby,-37.0,140.75,3
South Australia,SA,Notamacropus rufogriseus,Red-necked Wallaby,Wallaby,-36.75,139.75,1
South Australia,SA,Notamacropus rufogriseus,Red-necked Wallaby,Wallaby,-36.75,140.0,4
South Australia,SA,Notamacropus rufogriseus,Red-necked Wallaby,Wallaby,-36.75,140.75,5
South Australia,SA,Notamacropus rufogriseus,Red-necked Wallaby,Wallaby,-36.5,140.25,3
South Australia,SA,Notamacropus rufogriseus,Red-necked Wallaby,Wallaby,-36.5,140.5,6
South Australia,SA,Notamacropus rufogriseus,Red-necked Wallaby,Wallaby,-36.25,140.25,2
South Australia,SA,Notamacropus rufogriseus,Red-necked Wallaby,Wallaby,-36.25,140.5,1
South Australia,SA,Notamacropus rufogriseus,Red-necked Wallaby,Wallaby,-36.0,139.75,2
South Australia,SA,Notamacropus rufogriseus,Red-necked Wallaby,Wallaby,-36.0,140.25,2
South Australia,SA,Notamacropus rufogriseus,Red-necked Wallaby,Wallaby,-35.0,138.75,1
South Australia,SA,Osphranter robustus,Common Wallaroo,Wallaroo,-35.5,139.25,1
South Australia,SA,Osphranter robustus,Common Wallaroo,Wallaroo,-35.25,138.5,1
South Australia,SA,Osphranter robustus,Common Wallaroo,Wallaroo,-35.25,139.0,3
South Australia,SA,Osphranter robustus,Common Wallaroo,Wallaroo,-35.25,139.25,36
South Australia,SA,Osphranter robustus,Common Wallaroo,Wallaroo,-35.0,138.75,6
South Australia,SA,Osphranter robustus,Common Wallaroo,Wallaroo,-35.0,139.0,15
South Australia,SA,Osphranter robustus,Common Wallaroo,Wallaroo,-35.0,139.25,4
South Australia,SA,Osphranter robustus,Common Wallaroo,Wallaroo,-34.75,138.5,16
South Australia,SA,Osphranter robustus,Common Wallaroo,Wallaroo,-34.75,138.75,28
South Australia,SA,Osphranter robustus,Common Wallaroo,Wallaroo,-34.75,139.0,8
South Australia,SA,Osphranter robustus,Common Wallaroo,Wallaroo,-34.75,139.25,8
South Australia,SA,Osphranter robustus,Common Wallaroo,Wallaroo,-34.75,139.5,2
South Australia,SA,Osphranter robustus,Common Wallaroo,Wallaroo,-34.5,138.0,3
South Australia,SA,Osphranter robustus,Common Wallaroo,Wallaroo,-34.5,138.25,6
South Australia,SA,Osphranter robustus,Common Wallaroo,Wallaroo,-34.5,138.5,2
South Australia,SA,Osphranter robustus,Common Wallaroo,Wallaroo,-34.5,138.75,11
South Australia,SA,Osphranter robustus,Common Wallaroo,Wallaroo,-34.5,139.0,7
South Australia,SA,Osphranter robustus,Common Wallaroo,Wallaroo,-34.5,139.5,2
South Australia,SA,Osphranter robustus,Common Wallaroo,Wallaroo,-34.25,136.25,2
South Australia,SA,Osphranter robustus,Common Wallaroo,Wallaroo,-34.25,138.0,1
South Australia,SA,Osphranter robustus,Common Wallaroo,Wallaroo,-34.25,138.25,7
South Australia,SA,Osphranter robustus,Common Wallaroo,Wallaroo,-34.25,139.25,1
South Australia,SA,Osphranter robustus,Common Wallaroo,Wallaroo,-34.25,139.5,2
South Australia,SA,Osphranter robustus,Common Wallaroo,Wallaroo,-34.25,139.75,156
South Australia,SA,Osphranter robustus,Common Wallaroo,Wallaroo,-34.25,140.5,3
South Australia,SA,Osphranter robustus,Common Wallaroo,Wallaroo,-34.0,138.25,2
South Australia,SA,Osphranter robustus,Common Wallaroo,Wallaroo,-34.0,138.75,4
South Australia,SA,Osphranter robustus,Common Wallaroo,Wallaroo,-34.0,139.0,4
South Australia,SA,Osphranter robustus,Common Wallaroo,Wallaroo,-34.0,140.75,1
South Australia,SA,Osphranter robustus,Common Wallaroo,Wallaroo,-33.75,135.0,2
South Australia,SA,Osphranter robustus,Common Wallaroo,Wallaroo,-33.75,136.75,8
South Australia,SA,Osphranter robustus,Common Wallaroo,Wallaroo,-33.75,138.25,1
South Australia,SA,Osphranter robustus,Common Wallaroo,Wallaroo,-33.75,138.5,2
South Australia,SA,Osphranter robustus,Common Wallaroo,Wallaroo,-33.75,139.0,26
South Australia,SA,Osphranter robustus,Common Wallaroo,Wallaroo,-33.75,139.25,1
South Australia,SA,Osphranter robustus,Common Wallaroo,Wallaroo,-33.75,140.25,2
South Australia,SA,Osphranter robustus,Common Wallaroo,Wallaroo,-33.5,134.75,1
South Australia,SA,Osphranter robustus,Common Wallaroo,Wallaroo,-33.5,136.25,4
South Australia,SA,Osphranter robustus,Common Wallaroo,Wallaroo,-33.5,137.0,3
South Australia,SA,Osphranter robustus,Common Wallaroo,Wallaroo,-33.5,138.25,2
South Australia,SA,Osphranter robustus,Common Wallaroo,Wallaroo,-33.5,138.5,1
South Australia,SA,Osphranter robustus,Common Wallaroo,Wallaroo,-33.5,139.0,2
South Australia,SA,Osphranter robustus,Common Wallaroo,Wallaroo,-33.5,141.0,2
South Australia,SA,Osphranter robustus,Common Wallaroo,Wallaroo,-33.25,134.5,1
South Australia,SA,Osphranter robustus,Common Wallaroo,Wallaroo,-33.25,138.5,1
South Australia,SA,Osphranter robustus,Common Wallaroo,Wallaroo,-33.0,135.5,3
South Australia,SA,Osphranter robustus,Common Wallaroo,Wallaroo,-33.0,136.25,1
South Australia,SA,Osphranter robustus,Common Wallaroo,Wallaroo,-33.0,136.5,3
South Australia,SA,Osphranter robustus,Common Wallaroo,Wallaroo,-33.0,137.5,5
South Australia,SA,Osphranter robustus,Common Wallaroo,Wallaroo,-33.0,137.75,2
South Australia,SA,Osphranter robustus,Common Wallaroo,Wallaroo,-33.0,138.0,4
South Australia,SA,Osphranter robustus,Common Wallaroo,Wallaroo,-33.0,138.25,3
South Australia,SA,Osphranter robustus,Common Wallaroo,Wallaroo,-33.0,138.75,1
South Australia,SA,Osphranter robustus,Common Wallaroo,Wallaroo,-33.0,139.0,1
South Australia,SA,Osphranter robustus,Common Wallaroo,Wallaroo,-33.0,139.75,1
South Australia,SA,Osphranter robustus,Common Wallaroo,Wallaroo,-33.0,140.25,1
South Australia,SA,Osphranter robustus,Common Wallaroo,Wallaroo,-32.75,134.0,1
South Australia,SA,Osphranter robustus,Common Wallaroo,Wallaroo,-32.75,135.25,2
South Australia,SA,Osphranter robustus,Common Wallaroo,Wallaroo,-32.75,135.5,19
South Australia,SA,Osphranter robustus,Common Wallaroo,Wallaroo,-32.75,135.75,29
South Australia,SA,Osphranter robustus,Common Wallaroo,Wallaroo,-32.75,136.0,13
South Australia,SA,Osphranter robustus,Common Wallaroo,Wallaroo,-32.75,137.25,1
South Australia,SA,Osphranter robustus,Common Wallaroo,Wallaroo,-32.75,137.5,1
South Australia,SA,Osphranter robustus,Common Wallaroo,Wallaroo,-32.75,138.0,74
South Australia,SA,Osphranter robustus,Common Wallaroo,Wallaroo,-32.75,138.25,12
South Australia,SA,Osphranter robustus,Common Wallaroo,Wallaroo,-32.75,139.0,1
South Australia,SA,Osphranter robustus,Common Wallaroo,Wallaroo,-32.75,139.25,1
South Australia,SA,Osphranter robustus,Common Wallaroo,Wallaroo,-32.75,140.75,1
South Australia,SA,Osphranter robustus,Common Wallaroo,Wallaroo,-32.5,134.75,1
South Australia,SA,Osphranter robustus,Common Wallaroo,Wallaroo,-32.5,135.25,551
South Australia,SA,Osphranter robustus,Common Wallaroo,Wallaroo,-32.5,135.5,151
South Australia,SA,Osphranter robustus,Common Wallaroo,Wallaroo,-32.5,135.75,651
South Australia,SA,Osphranter robustus,Common Wallaroo,Wallaroo,-32.5,136.0,37
South Australia,SA,Osphranter robustus,Common Wallaroo,Wallaroo,-32.5,136.25,2
South Australia,SA,Osphranter robustus,Common Wallaroo,Wallaroo,-32.5,137.75,27
South Australia,SA,Osphranter robustus,Common Wallaroo,Wallaroo,-32.5,138.0,6
South Australia,SA,Osphranter robustus,Common Wallaroo,Wallaroo,-32.5,138.25,1
South Australia,SA,Osphranter robustus,Common Wallaroo,Wallaroo,-32.5,138.75,4
South Australia,SA,Osphranter robustus,Common Wallaroo,Wallaroo,-32.25,134.75,10
South Australia,SA,Osphranter robustus,Common Wallaroo,Wallaroo,-32.25,135.0,160
South Australia,SA,Osphranter robustus,Common Wallaroo,Wallaroo,-32.25,135.25,947
South Australia,SA,Osphranter robustus,Common Wallaroo,Wallaroo,-32.25,135.75,22
South Australia,SA,Osphranter robustus,Common Wallaroo,Wallaroo,-32.25,136.0,4
South Australia,SA,Osphranter robustus,Common Wallaroo,Wallaroo,-32.25,136.5,1
South Australia,SA,Osphranter robustus,Common Wallaroo,Wallaroo,-32.25,138.0,22
South Australia,SA,Osphranter robustus,Common Wallaroo,Wallaroo,-32.25,138.25,6
South Australia,SA,Osphranter robustus,Common Wallaroo,Wallaroo,-32.25,138.5,1
South Australia,SA,Osphranter robustus,Common Wallaroo,Wallaroo,-32.25,138.75,4
South Australia,SA,Osphranter robustus,Common Wallaroo,Wallaroo,-32.25,139.5,3
South Australia,SA,Osphranter robustus,Common Wallaroo,Wallaroo,-32.25,139.75,69
South Australia,SA,Osphranter robustus,Common Wallaroo,Wallaroo,-32.25,140.0,178
South Australia,SA,Osphranter robustus,Common Wallaroo,Wallaroo,-32.25,140.25,237
South Australia,SA,Osphranter robustus,Common Wallaroo,Wallaroo,-32.25,140.5,1
South Australia,SA,Osphranter robustus,Common Wallaroo,Wallaroo,-32.0,135.0,4
South Australia,SA,Osphranter robustus,Common Wallaroo,Wallaroo,-32.0,138.0,8
South Australia,SA,Osphranter robustus,Common Wallaroo,Wallaroo,-32.0,138.25,4
South Australia,SA,Osphranter robustus,Common Wallaroo,Wallaroo,-32.0,138.5,3
South Australia,SA,Osphranter robustus,Common Wallaroo,Wallaroo,-32.0,139.25,2
South Australia,SA,Osphranter robustus,Common Wallaroo,Wallaroo,-32.0,140.0,734
South Australia,SA,Osphranter robustus,Common Wallaroo,Wallaroo,-32.0,140.25,311
South Australia,SA,Osphranter robustus,Common Wallaroo,Wallaroo,-32.0,140.5,28
South Australia,SA,Osphranter robustus,Common Wallaroo,Wallaroo,-32.0,140.75,2
South Australia,SA,Osphranter robustus,Common Wallaroo,Wallaroo,-31.75,138.5,17
South Australia,SA,Osphranter robustus,Common Wallaroo,Wallaroo,-31.75,139.5,1
South Australia,SA,Osphranter robustus,Common Wallaroo,Wallaroo,-31.75,140.5,3
South Australia,SA,Osphranter robustus,Common Wallaroo,Wallaroo,-31.5,138.5,200
South Australia,SA,Osphranter robustus,Common Wallaroo,Wallaroo,-31.5,138.75,1722
South Australia,SA,Osphranter robustus,Common Wallaroo,Wallaroo,-31.5,139.0,42
South Australia,SA,Osphranter robustus,Common Wallaroo,Wallaroo,-31.5,139.5,1
South Australia,SA,Osphranter robustus,Common Wallaroo,Wallaroo,-31.25,136.75,4
South Australia,SA,Osphranter robustus,Common Wallaroo,Wallaroo,-31.25,137.25,1
South Australia,SA,Osphranter robustus,Common Wallaroo,Wallaroo,-31.25,137.5,5
South Australia,SA,Osphranter robustus,Common Wallaroo,Wallaroo,-31.25,138.5,328
South Australia,SA,Osphranter robustus,Common Wallaroo,Wallaroo,-31.25,138.75,1207
South Australia,SA,Osphranter robustus,Common Wallaroo,Wallaroo,-31.25,139.0,3
South Australia,SA,Osphranter robustus,Common Wallaroo,Wallaroo,-31.0,137.0,1
South Australia,SA,Osphranter robustus,Common Wallaroo,Wallaroo,-31.0,137.25,8
South Australia,SA,Osphranter robustus,Common Wallaroo,Wallaroo,-31.0,137.5,1
South Australia,SA,Osphranter robustus,Common Wallaroo,Wallaroo,-31.0,138.25,3
South Australia,SA,Osphranter robustus,Common Wallaroo,Wallaroo,-31.0,138.5,247
South Australia,SA,Osphranter robustus,Common Wallaroo,Wallaroo,-31.0,138.75,89
South Australia,SA,Osphranter robustus,Common Wallaroo,Wallaroo,-30.75,138.25,1
South Australia,SA,Osphranter robustus,Common Wallaroo,Wallaroo,-30.75,138.5,3
South Australia,SA,Osphranter robustus,Common Wallaroo,Wallaroo,-30.75,138.75,5
South Australia,SA,Osphranter robustus,Common Wallaroo,Wallaroo,-30.75,139.25,24
South Australia,SA,Osphranter robustus,Common Wallaroo,Wallaroo,-30.5,136.75,1
South Australia,SA,Osphranter robustus,Common Wallaroo,Wallaroo,-30.5,137.25,1
South Australia,SA,Osphranter robustus,Common Wallaroo,Wallaroo,-30.5,138.25,2
South Australia,SA,Osphranter robustus,Common Wallaroo,Wallaroo,-30.5,138.5,7
South Australia,SA,Osphranter robustus,Common Wallaroo,Wallaroo,-30.5,138.75,298
South Australia,SA,Osphranter robustus,Common Wallaroo,Wallaroo,-30.5,139.0,408
South Australia,SA,Osphranter robustus,Common Wallaroo,Wallaroo,-30.5,139.25,817
South Australia,SA,Osphranter robustus,Common Wallaroo,Wallaroo,-30.5,139.5,71
South Australia,SA,Osphranter robustus,Common Wallaroo,Wallaroo,-30.25,138.0,4
South Australia,SA,Osphranter robustus,Common Wallaroo,Wallaroo,-30.25,138.75,42
South Australia,SA,Osphranter robustus,Common Wallaroo,Wallaroo,-30.25,139.25,434
South Australia,SA,Osphranter robustus,Common Wallaroo,Wallaroo,-30.25,139.5,7
South Australia,SA,Osphranter robustus,Common Wallaroo,Wallaroo,-30.0,133.5,2
South Australia,SA,Osphranter robustus,Common Wallaroo,Wallaroo,-30.0,138.0,2
South Australia,SA,Osphranter robustus,Common Wallaroo,Wallaroo,-30.0,138.25,1
South Australia,SA,Osphranter robustus,Common Wallaroo,Wallaroo,-30.0,139.5,1
South Australia,SA,Osphranter robustus,Common Wallaroo,Wallaroo,-29.5,135.5,1
South Australia,SA,Osphranter robustus,Common Wallaroo,Wallaroo,-29.0,134.75,3
South Australia,SA,Osphranter robustus,Common Wallaroo,Wallaroo,-28.75,134.75,1
South Australia,SA,Osphranter rufus,Red Kangaroo,Kangaroo,-35.25,139.25,1
South Australia,SA,Osphranter rufus,Red Kangaroo,Kangaroo,-35.0,138.75,5
South Australia,SA,Osphranter rufus,Red Kangaroo,Kangaroo,-35.0,139.0,3
South Australia,SA,Osphranter rufus,Red Kangaroo,Kangaroo,-35.0,139.25,12
South Australia,SA,Osphranter rufus,Red Kangaroo,Kangaroo,-34.75,139.25,4
South Australia,SA,Osphranter rufus,Red Kangaroo,Kangaroo,-34.75,139.5,19
South Australia,SA,Osphranter rufus,Red Kangaroo,Kangaroo,-34.5,139.25,6
South Australia,SA,Osphranter rufus,Red Kangaroo,Kangaroo,-34.5,139.5,7
South Australia,SA,Osphranter rufus,Red Kangaroo,Kangaroo,-34.5,140.0,1
South Australia,SA,Osphranter rufus,Red Kangaroo,Kangaroo,-34.5,140.5,5
South Australia,SA,Osphranter rufus,Red Kangaroo,Kangaroo,-34.25,139.25,1
South Australia,SA,Osphranter rufus,Red Kangaroo,Kangaroo,-34.25,139.5,19
South Australia,SA,Osphranter rufus,Red Kangaroo,Kangaroo,-34.25,139.75,434
South Australia,SA,Osphranter rufus,Red Kangaroo,Kangaroo,-34.25,140.0,3
South Australia,SA,Osphranter rufus,Red Kangaroo,Kangaroo,-34.25,140.5,2
South Australia,SA,Osphranter rufus,Red Kangaroo,Kangaroo,-34.0,139.0,3
South Australia,SA,Osphranter rufus,Red Kangaroo,Kangaroo,-34.0,139.25,3
South Australia,SA,Osphranter rufus,Red Kangaroo,Kangaroo,-34.0,139.5,1
South Australia,SA,Osphranter rufus,Red Kangaroo,Kangaroo,-34.0,139.75,1
South Australia,SA,Osphranter rufus,Red Kangaroo,Kangaroo,-34.0,140.0,5
South Australia,SA,Osphranter rufus,Red Kangaroo,Kangaroo,-34.0,140.75,5
South Australia,SA,Osphranter rufus,Red Kangaroo,Kangaroo,-34.0,141.0,1
South Australia,SA,Osphranter rufus,Red Kangaroo,Kangaroo,-33.75,139.0,6
South Australia,SA,Osphranter rufus,Red Kangaroo,Kangaroo,-33.75,139.25,1
South Australia,SA,Osphranter rufus,Red Kangaroo,Kangaroo,-33.75,140.25,3
South Australia,SA,Osphranter rufus,Red Kangaroo,Kangaroo,-33.75,140.5,1
South Australia,SA,Osphranter rufus,Red Kangaroo,Kangaroo,-33.75,140.75,2
South Australia,SA,Osphranter rufus,Red Kangaroo,Kangaroo,-33.5,138.0,1
South Australia,SA,Osphranter rufus,Red Kangaroo,Kangaroo,-33.5,139.0,6
South Australia,SA,Osphranter rufus,Red Kangaroo,Kangaroo,-33.5,141.0,5
South Australia,SA,Osphranter rufus,Red Kangaroo,Kangaroo,-33.25,137.25,4
South Australia,SA,Osphranter rufus,Red Kangaroo,Kangaroo,-33.25,137.5,2
South Australia,SA,Osphranter rufus,Red Kangaroo,Kangaroo,-33.25,138.25,1
South Australia,SA,Osphranter rufus,Red Kangaroo,Kangaroo,-33.25,139.0,1
South Australia,SA,Osphranter rufus,Red Kangaroo,Kangaroo,-33.25,140.5,2
South Australia,SA,Osphranter rufus,Red Kangaroo,Kangaroo,-33.25,140.75,1
South Australia,SA,Osphranter rufus,Red Kangaroo,Kangaroo,-33.0,136.25,3
South Australia,SA,Osphranter rufus,Red Kangaroo,Kangaroo,-33.0,136.5,2
South Australia,SA,Osphranter rufus,Red Kangaroo,Kangaroo,-33.0,137.25,4
South Australia,SA,Osphranter rufus,Red Kangaroo,Kangaroo,-33.0,137.5,3
South Australia,SA,Osphranter rufus,Red Kangaroo,Kangaroo,-33.0,137.75,1
South Australia,SA,Osphranter rufus,Red Kangaroo,Kangaroo,-33.0,138.0,1
South Australia,SA,Osphranter rufus,Red Kangaroo,Kangaroo,-33.0,138.5,1
South Australia,SA,Osphranter rufus,Red Kangaroo,Kangaroo,-33.0,139.0,2
South Australia,SA,Osphranter rufus,Red Kangaroo,Kangaroo,-33.0,139.75,1
South Australia,SA,Osphranter rufus,Red Kangaroo,Kangaroo,-33.0,140.25,1
South Australia,SA,Osphranter rufus,Red Kangaroo,Kangaroo,-33.0,140.5,1
South Australia,SA,Osphranter rufus,Red Kangaroo,Kangaroo,-32.75,135.5,75
South Australia,SA,Osphranter rufus,Red Kangaroo,Kangaroo,-32.75,135.75,152
South Australia,SA,Osphranter rufus,Red Kangaroo,Kangaroo,-32.75,136.0,105
South Australia,SA,Osphranter rufus,Red Kangaroo,Kangaroo,-32.75,136.25,17
South Australia,SA,Osphranter rufus,Red Kangaroo,Kangaroo,-32.75,138.0,1
South Australia,SA,Osphranter rufus,Red Kangaroo,Kangaroo,-32.75,138.25,8
South Australia,SA,Osphranter rufus,Red Kangaroo,Kangaroo,-32.75,138.75,1
South Australia,SA,Osphranter rufus,Red Kangaroo,Kangaroo,-32.75,139.0,2
South Australia,SA,Osphranter rufus,Red Kangaroo,Kangaroo,-32.75,140.75,2
South Australia,SA,Osphranter rufus,Red Kangaroo,Kangaroo,-32.75,141.0,1
South Australia,SA,Osphranter rufus,Red Kangaroo,Kangaroo,-32.5,134.75,5
South Australia,SA,Osphranter rufus,Red Kangaroo,Kangaroo,-32.5,135.25,9
South Australia,SA,Osphranter rufus,Red Kangaroo,Kangaroo,-32.5,135.5,97
South Australia,SA,Osphranter rufus,Red Kangaroo,Kangaroo,-32.5,135.75,72
South Australia,SA,Osphranter rufus,Red Kangaroo,Kangaroo,-32.5,136.0,24
South Australia,SA,Osphranter rufus,Red Kangaroo,Kangaroo,-32.5,136.25,1
South Australia,SA,Osphranter rufus,Red Kangaroo,Kangaroo,-32.5,137.75,34
South Australia,SA,Osphranter rufus,Red Kangaroo,Kangaroo,-32.5,138.0,3
South Australia,SA,Osphranter rufus,Red Kangaroo,Kangaroo,-32.5,138.75,3
South Australia,SA,Osphranter rufus,Red Kangaroo,Kangaroo,-32.5,139.5,3
South Australia,SA,Osphranter rufus,Red Kangaroo,Kangaroo,-32.5,139.75,1
South Australia,SA,Osphranter rufus,Red Kangaroo,Kangaroo,-32.5,140.5,4
South Australia,SA,Osphranter rufus,Red Kangaroo,Kangaroo,-32.5,140.75,2
South Australia,SA,Osphranter rufus,Red Kangaroo,Kangaroo,-32.5,141.0,5
South Australia,SA,Osphranter rufus,Red Kangaroo,Kangaroo,-32.25,135.0,1
South Australia,SA,Osphranter rufus,Red Kangaroo,Kangaroo,-32.25,135.25,1
South Australia,SA,Osphranter rufus,Red Kangaroo,Kangaroo,-32.25,135.5,1
South Australia,SA,Osphranter rufus,Red Kangaroo,Kangaroo,-32.25,135.75,548
South Australia,SA,Osphranter rufus,Red Kangaroo,Kangaroo,-32.25,136.0,4
South Australia,SA,Osphranter rufus,Red Kangaroo,Kangaroo,-32.25,138.0,2
South Australia,SA,Osphranter rufus,Red Kangaroo,Kangaroo,-32.25,138.25,6
South Australia,SA,Osphranter rufus,Red Kangaroo,Kangaroo,-32.25,139.25,1
South Australia,SA,Osphranter rufus,Red Kangaroo,Kangaroo,-32.25,139.5,1
South Australia,SA,Osphranter rufus,Red Kangaroo,Kangaroo,-32.25,139.75,5
South Australia,SA,Osphranter rufus,Red Kangaroo,Kangaroo,-32.25,140.0,411
South Australia,SA,Osphranter rufus,Red Kangaroo,Kangaroo,-32.25,140.25,168
South Australia,SA,Osphranter rufus,Red Kangaroo,Kangaroo,-32.0,138.0,4
South Australia,SA,Osphranter rufus,Red Kangaroo,Kangaroo,-32.0,139.25,2
South Australia,SA,Osphranter rufus,Red Kangaroo,Kangaroo,-32.0,139.5,1
South Australia,SA,Osphranter rufus,Red Kangaroo,Kangaroo,-32.0,140.0,3226
South Australia,SA,Osphranter rufus,Red Kangaroo,Kangaroo,-32.0,140.25,1506
South Australia,SA,Osphranter rufus,Red Kangaroo,Kangaroo,-32.0,140.5,345
South Australia,SA,Osphranter rufus,Red Kangaroo,Kangaroo,-32.0,140.75,155
South Australia,SA,Osphranter rufus,Red Kangaroo,Kangaroo,-31.75,137.25,1
South Australia,SA,Osphranter rufus,Red Kangaroo,Kangaroo,-31.75,138.5,3
South Australia,SA,Osphranter rufus,Red Kangaroo,Kangaroo,-31.75,139.25,1
South Australia,SA,Osphranter rufus,Red Kangaroo,Kangaroo,-31.75,139.5,3
South Australia,SA,Osphranter rufus,Red Kangaroo,Kangaroo,-31.75,140.25,1
South Australia,SA,Osphranter rufus,Red Kangaroo,Kangaroo,-31.75,140.5,273
South Australia,SA,Osphranter rufus,Red Kangaroo,Kangaroo,-31.75,140.75,1
South Australia,SA,Osphranter rufus,Red Kangaroo,Kangaroo,-31.5,130.75,1
South Australia,SA,Osphranter rufus,Red Kangaroo,Kangaroo,-31.5,137.0,1
South Australia,SA,Osphranter rufus,Red Kangaroo,Kangaroo,-31.5,138.5,5
South Australia,SA,Osphranter rufus,Red Kangaroo,Kangaroo,-31.5,138.75,150
South Australia,SA,Osphranter rufus,Red Kangaroo,Kangaroo,-31.5,139.0,45
South Australia,SA,Osphranter rufus,Red Kangaroo,Kangaroo,-31.5,139.5,3
South Australia,SA,Osphranter rufus,Red Kangaroo,Kangaroo,-31.5,139.75,6
South Australia,SA,Osphranter rufus,Red Kangaroo,Kangaroo,-31.25,137.25,3
South Australia,SA,Osphranter rufus,Red Kangaroo,Kangaroo,-31.25,137.5,26
South Australia,SA,Osphranter rufus,Red Kangaroo,Kangaroo,-31.25,138.5,129
South Australia,SA,Osphranter rufus,Red Kangaroo,Kangaroo,-31.25,138.75,491
South Australia,SA,Osphranter rufus,Red Kangaroo,Kangaroo,-31.25,139.0,1
South Australia,SA,Osphranter rufus,Red Kangaroo,Kangaroo,-31.0,132.25,2
South Australia,SA,Osphranter rufus,Red Kangaroo,Kangaroo,-31.0,135.25,1
South Australia,SA,Osphranter rufus,Red Kangaroo,Kangaroo,-31.0,137.0,3
South Australia,SA,Osphranter rufus,Red Kangaroo,Kangaroo,-31.0,137.25,18
South Australia,SA,Osphranter rufus,Red Kangaroo,Kangaroo,-31.0,137.5,1
South Australia,SA,Osphranter rufus,Red Kangaroo,Kangaroo,-31.0,138.0,1
South Australia,SA,Osphranter rufus,Red Kangaroo,Kangaroo,-31.0,138.5,77
South Australia,SA,Osphranter rufus,Red Kangaroo,Kangaroo,-31.0,138.75,101
South Australia,SA,Osphranter rufus,Red Kangaroo,Kangaroo,-30.75,135.5,1
South Australia,SA,Osphranter rufus,Red Kangaroo,Kangaroo,-30.75,137.0,2
South Australia,SA,Osphranter rufus,Red Kangaroo,Kangaroo,-30.75,138.75,2
South Australia,SA,Osphranter rufus,Red Kangaroo,Kangaroo,-30.75,139.25,195
South Australia,SA,Osphranter rufus,Red Kangaroo,Kangaroo,-30.75,139.5,33
South Australia,SA,Osphranter rufus,Red Kangaroo,Kangaroo,-30.5,135.25,1
South Australia,SA,Osphranter rufus,Red Kangaroo,Kangaroo,-30.5,135.5,5
South Australia,SA,Osphranter rufus,Red Kangaroo,Kangaroo,-30.5,136.75,1
South Australia,SA,Osphranter rufus,Red Kangaroo,Kangaroo,-30.5,137.0,4
South Australia,SA,Osphranter rufus,Red Kangaroo,Kangaroo,-30.5,137.25,5
South Australia,SA,Osphranter rufus,Red Kangaroo,Kangaroo,-30.5,138.5,9
South Australia,SA,Osphranter rufus,Red Kangaroo,Kangaroo,-30.5,138.75,57
South Australia,SA,Osphranter rufus,Red Kangaroo,Kangaroo,-30.5,139.0,313
South Australia,SA,Osphranter rufus,Red Kangaroo,Kangaroo,-30.5,139.25,977
South Australia,SA,Osphranter rufus,Red Kangaroo,Kangaroo,-30.5,139.5,156
South Australia,SA,Osphranter rufus,Red Kangaroo,Kangaroo,-30.25,134.75,5
South Australia,SA,Osphranter rufus,Red Kangaroo,Kangaroo,-30.25,135.5,8
South Australia,SA,Osphranter rufus,Red Kangaroo,Kangaroo,-30.25,135.75,2
South Australia,SA,Osphranter rufus,Red Kangaroo,Kangaroo,-30.25,136.75,1
South Australia,SA,Osphranter rufus,Red Kangaroo,Kangaroo,-30.25,137.0,1
South Australia,SA,Osphranter rufus,Red Kangaroo,Kangaroo,-30.25,137.25,1
South Australia,SA,Osphranter rufus,Red Kangaroo,Kangaroo,-30.25,137.75,24
South Australia,SA,Osphranter rufus,Red Kangaroo,Kangaroo,-30.25,138.0,6
South Australia,SA,Osphranter rufus,Red Kangaroo,Kangaroo,-30.25,138.75,11
South Australia,SA,Osphranter rufus,Red Kangaroo,Kangaroo,-30.25,139.25,491
South Australia,SA,Osphranter rufus,Red Kangaroo,Kangaroo,-30.25,139.5,2
South Australia,SA,Osphranter rufus,Red Kangaroo,Kangaroo,-30.25,139.75,1
South Australia,SA,Osphranter rufus,Red Kangaroo,Kangaroo,-30.0,131.75,1
South Australia,SA,Osphranter rufus,Red Kangaroo,Kangaroo,-30.0,133.5,9
South Australia,SA,Osphranter rufus,Red Kangaroo,Kangaroo,-30.0,135.0,1
South Australia,SA,Osphranter rufus,Red Kangaroo,Kangaroo,-30.0,135.25,5
South Australia,SA,Osphranter rufus,Red Kangaroo,Kangaroo,-30.0,137.75,15
South Australia,SA,Osphranter rufus,Red Kangaroo,Kangaroo,-30.0,138.0,4
South Australia,SA,Osphranter rufus,Red Kangaroo,Kangaroo,-30.0,138.25,2
South Australia,SA,Osphranter rufus,Red Kangaroo,Kangaroo,-29.75,133.5,8
South Australia,SA,Osphranter rufus,Red Kangaroo,Kangaroo,-29.75,135.25,12
South Australia,SA,Osphranter rufus,Red Kangaroo,Kangaroo,-29.75,137.25,3
South Australia,SA,Osphranter rufus,Red Kangaroo,Kangaroo,-29.75,137.75,1
South Australia,SA,Osphranter rufus,Red Kangaroo,Kangaroo,-29.75,138.0,1
South Australia,SA,Osphranter rufus,Red Kangaroo,Kangaroo,-29.5,134.5,21
South Australia,SA,Osphranter rufus,Red Kangaroo,Kangaroo,-29.5,135.0,1
South Australia,SA,Osphranter rufus,Red Kangaroo,Kangaroo,-29.5,135.25,2
South Australia,SA,Osphranter rufus,Red Kangaroo,Kangaroo,-29.5,137.0,1
South Australia,SA,Osphranter rufus,Red Kangaroo,Kangaroo,-29.5,137.5,1
South Australia,SA,Osphranter rufus,Red Kangaroo,Kangaroo,-29.5,138.0,1
South Australia,SA,Osphranter rufus,Red Kangaroo,Kangaroo,-29.5,138.25,3
South Australia,SA,Osphranter rufus,Red Kangaroo,Kangaroo,-29.5,140.5,1
South Australia,SA,Osphranter rufus,Red Kangaroo,Kangaroo,-29.25,136.75,1
South Australia,SA,Osphranter rufus,Red Kangaroo,Kangaroo,-29.25,138.0,2
South Australia,SA,Osphranter rufus,Red Kangaroo,Kangaroo,-29.25,138.25,2
South Australia,SA,Osphranter rufus,Red Kangaroo,Kangaroo,-29.25,141.0,1
South Australia,SA,Osphranter rufus,Red Kangaroo,Kangaroo,-29.0,134.75,3
South Australia,SA,Osphranter rufus,Red Kangaroo,Kangaroo,-29.0,141.0,1
South Australia,SA,Osphranter rufus,Red Kangaroo,Kangaroo,-28.75,134.5,1
South Australia,SA,Osphranter rufus,Red Kangaroo,Kangaroo,-28.75,134.75,3
South Australia,SA,Osphranter rufus,Red Kangaroo,Kangaroo,-28.5,134.5,2
South Australia,SA,Osphranter rufus,Red Kangaroo,Kangaroo,-27.5,140.25,1
South Australia,SA,Osphranter rufus,Red Kangaroo,Kangaroo,-27.25,134.5,1
South Australia,SA,Wallabia bicolor,Swamp Wallaby,Wallaby,-38.0,140.5,3
South Australia,SA,Wallabia bicolor,Swamp Wallaby,Wallaby,-38.0,140.75,90
South Australia,SA,Wallabia bicolor,Swamp Wallaby,Wallaby,-38.0,141.0,11
South Australia,SA,Wallabia bicolor,Swamp Wallaby,Wallaby,-37.75,140.5,4
South Australia,SA,Wallabia bicolor,Swamp Wallaby,Wallaby,-37.75,140.75,49
South Australia,SA,Wallabia bicolor,Swamp Wallaby,Wallaby,-37.75,141.0,1
South Australia,SA,Wallabia bicolor,Swamp Wallaby,Wallaby,-37.5,140.0,3
South Australia,SA,Wallabia bicolor,Swamp Wallaby,Wallaby,-37.5,140.25,5
South Australia,SA,Wallabia bicolor,Swamp Wallaby,Wallaby,-37.5,140.5,1
South Australia,SA,Wallabia bicolor,Swamp Wallaby,Wallaby,-37.5,140.75,3
South Australia,SA,Wallabia bicolor,Swamp Wallaby,Wallaby,-37.25,139.75,7
South Australia,SA,Wallabia bicolor,Swamp Wallaby,Wallaby,-37.25,140.0,1
South Australia,SA,Wallabia bicolor,Swamp Wallaby,Wallaby,-37.25,140.75,6
South Australia,SA,Wallabia bicolor,Swamp Wallaby,Wallaby,-37.25,141.0,2
South Australia,SA,Wallabia bicolor,Swamp Wallaby,Wallaby,-37.0,139.75,2
South Australia,SA,Wallabia bicolor,Swamp Wallaby,Wallaby,-37.0,140.0,2
South Australia,SA,Wallabia bicolor,Swamp Wallaby,Wallaby,-37.0,140.5,1
South Australia,SA,Wallabia bicolor,Swamp Wallaby,Wallaby,-37.0,140.75,22
South Australia,SA,Wallabia bicolor,Swamp Wallaby,Wallaby,-36.75,140.0,4
South Australia,SA,Wallabia bicolor,Swamp Wallaby,Wallaby,-36.75,140.25,1
South Australia,SA,Wallabia bicolor,Swamp Wallaby,Wallaby,-36.75,140.5,3
South Australia,SA,Wallabia bicolor,Swamp Wallaby,Wallaby,-36.75,140.75,1
South Australia,SA,Wallabia bicolor,Swamp Wallaby,Wallaby,-36.75,141.0,1
South Australia,SA,Wallabia bicolor,Swamp Wallaby,Wallaby,-36.5,140.25,6
South Australia,SA,Wallabia bicolor,Swamp Wallaby,Wallaby,-36.5,140.5,4
South Australia,SA,Wallabia bicolor,Swamp Wallaby,Wallaby,-36.5,140.75,2
South Australia,SA,Wallabia bicolor,Swamp Wallaby,Wallaby,-36.5,141.0,4
South Australia,SA,Wallabia bicolor,Swamp Wallaby,Wallaby,-36.25,140.0,1
South Australia,SA,Wallabia bicolor,Swamp Wallaby,Wallaby,-36.25,140.25,5
South Australia,SA,Wallabia bicolor,Swamp Wallaby,Wallaby,-36.25,140.5,5
South Australia,SA,Wallabia bicolor,Swamp Wallaby,Wallaby,-36.25,140.75,9
South Australia,SA,Wallabia bicolor,Swamp Wallaby,Wallaby,-36.25,141.0,1
South Australia,SA,Wallabia bicolor,Swamp Wallaby,Wallaby,-36.0,139.75,3
South Australia,SA,Wallabia bicolor,Swamp Wallaby,Wallaby,-36.0,140.25,7
South Australia,SA,Wallabia bicolor,Swamp Wallaby,Wallaby,-36.0,140.5,2
South Australia,SA,Wallabia bicolor,Swamp Wallaby,Wallaby,-35.75,140.75,1
South Australia,SA,Wallabia bicolor,Swamp Wallaby,Wallaby,-35.5,138.75,3
South Australia,SA,Wallabia bicolor,Swamp Wallaby,Wallaby,-35.5,139.0,2
South Australia,SA,Wallabia bicolor,Swamp Wallaby,Wallaby,-35.25,138.5,2
South Australia,SA,Wallabia bicolor,Swamp Wallaby,Wallaby,-35.25,138.75,181
South Australia,SA,Wallabia bicolor,Swamp Wallaby,Wallaby,-35.25,139.5,1
South Australia,SA,Wallabia bicolor,Swamp Wallaby,Wallaby,-35.0,138.75,86
South Australia,SA,Wallabia bicolor,Swamp Wallaby,Wallaby,-34.75,138.75,1
South Australia,SA,Wallabia bicolor,Swamp Wallaby,Wallaby,-34.75,139.0,1
South Australia,SA,Wallabia bicolor,Swamp Wallaby,Wallaby,-34.5,139.5,1
South Australia,SA,Wallabia bicolor,Swamp Wallaby,Wallaby,-34.25,140.25,1
Tasmania,TAS,Macropus giganteus,Eastern Grey Kangaroo,Kangaroo,-42.75,148.0,18
Tasmania,TAS,Macropus giganteus,Eastern Grey Kangaroo,Kangaroo,-42.5,147.25,1
Tasmania,TAS,Macropus giganteus,Eastern Grey Kangaroo,Kangaroo,-42.5,148.0,77
Tasmania,TAS,Macropus giganteus,Eastern Grey Kangaroo,Kangaroo,-41.75,147.75,1
Tasmania,TAS,Macropus giganteus,Eastern Grey Kangaroo,Kangaroo,-41.5,146.5,1
Tasmania,TAS,Macropus giganteus,Eastern Grey Kangaroo,Kangaroo,-41.5,147.75,1
Tasmania,TAS,Macropus giganteus,Eastern Grey Kangaroo,Kangaroo,-41.25,146.5,79
Tasmania,TAS,Macropus giganteus,Eastern Grey Kangaroo,Kangaroo,-40.75,148.0,1
Tasmania,TAS,Macropus giganteus,Eastern Grey Kangaroo,Kangaroo,-40.75,148.25,3
Tasmania,TAS,Macropus giganteus,Eastern Grey Kangaroo,Kangaroo,-40.5,144.75,1
Tasmania,TAS,Notamacropus rufogriseus,Red-necked Wallaby,Wallaby,-43.5,146.25,1
Tasmania,TAS,Notamacropus rufogriseus,Red-necked Wallaby,Wallaby,-43.5,146.75,1
Tasmania,TAS,Notamacropus rufogriseus,Red-necked Wallaby,Wallaby,-43.5,147.0,2
Tasmania,TAS,Notamacropus rufogriseus,Red-necked Wallaby,Wallaby,-43.5,147.25,49
Tasmania,TAS,Notamacropus rufogriseus,Red-necked Wallaby,Wallaby,-43.5,147.5,4
Tasmania,TAS,Notamacropus rufogriseus,Red-necked Wallaby,Wallaby,-43.25,146.75,1
Tasmania,TAS,Notamacropus rufogriseus,Red-necked Wallaby,Wallaby,-43.25,147.25,307
Tasmania,TAS,Notamacropus rufogriseus,Red-necked Wallaby,Wallaby,-43.25,147.5,11
Tasmania,TAS,Notamacropus rufogriseus,Red-necked Wallaby,Wallaby,-43.25,147.75,2
Tasmania,TAS,Notamacropus rufogriseus,Red-necked Wallaby,Wallaby,-43.25,148.0,98
Tasmania,TAS,Notamacropus rufogriseus,Red-necked Wallaby,Wallaby,-43.0,146.25,2
Tasmania,TAS,Notamacropus rufogriseus,Red-necked Wallaby,Wallaby,-43.0,146.75,1
Tasmania,TAS,Notamacropus rufogriseus,Red-necked Wallaby,Wallaby,-43.0,147.0,18
Tasmania,TAS,Notamacropus rufogriseus,Red-necked Wallaby,Wallaby,-43.0,147.25,277
Tasmania,TAS,Notamacropus rufogriseus,Red-necked Wallaby,Wallaby,-43.0,147.5,13
Tasmania,TAS,Notamacropus rufogriseus,Red-necked Wallaby,Wallaby,-43.0,147.75,11
Tasmania,TAS,Notamacropus rufogriseus,Red-necked Wallaby,Wallaby,-43.0,148.0,28
Tasmania,TAS,Notamacropus rufogriseus,Red-necked Wallaby,Wallaby,-42.75,146.5,7
Tasmania,TAS,Notamacropus rufogriseus,Red-necked Wallaby,Wallaby,-42.75,146.75,6
Tasmania,TAS,Notamacropus rufogriseus,Red-necked Wallaby,Wallaby,-42.75,147.0,7
Tasmania,TAS,Notamacropus rufogriseus,Red-necked Wallaby,Wallaby,-42.75,147.25,78
Tasmania,TAS,Notamacropus rufogriseus,Red-necked Wallaby,Wallaby,-42.75,147.5,98
Tasmania,TAS,Notamacropus rufogriseus,Red-necked Wallaby,Wallaby,-42.75,147.75,9
Tasmania,TAS,Notamacropus rufogriseus,Red-necked Wallaby,Wallaby,-42.75,148.0,15
Tasmania,TAS,Notamacropus rufogriseus,Red-necked Wallaby,Wallaby,-42.5,146.5,1
Tasmania,TAS,Notamacropus rufogriseus,Red-necked Wallaby,Wallaby,-42.5,146.75,9
Tasmania,TAS,Notamacropus rufogriseus,Red-necked Wallaby,Wallaby,-42.5,147.25,2
Tasmania,TAS,Notamacropus rufogriseus,Red-necked Wallaby,Wallaby,-42.5,147.75,1
Tasmania,TAS,Notamacropus rufogriseus,Red-necked Wallaby,Wallaby,-42.5,148.0,86
Tasmania,TAS,Notamacropus rufogriseus,Red-necked Wallaby,Wallaby,-42.25,145.25,4
Tasmania,TAS,Notamacropus rufogriseus,Red-necked Wallaby,Wallaby,-42.25,146.25,2
Tasmania,TAS,Notamacropus rufogriseus,Red-necked Wallaby,Wallaby,-42.25,146.5,11
Tasmania,TAS,Notamacropus rufogriseus,Red-necked Wallaby,Wallaby,-42.25,148.0,4
Tasmania,TAS,Notamacropus rufogriseus,Red-necked Wallaby,Wallaby,-42.25,148.25,102
Tasmania,TAS,Notamacropus rufogriseus,Red-necked Wallaby,Wallaby,-42.0,145.25,1
Tasmania,TAS,Notamacropus rufogriseus,Red-necked Wallaby,Wallaby,-42.0,145.5,1
Tasmania,TAS,Notamacropus rufogriseus,Red-necked Wallaby,Wallaby,-42.0,145.75,1
Tasmania,TAS,Notamacropus rufogriseus,Red-necked Wallaby,Wallaby,-42.0,146.0,8
Tasmania,TAS,Notamacropus rufogriseus,Red-necked Wallaby,Wallaby,-42.0,146.25,7
Tasmania,TAS,Notamacropus rufogriseus,Red-necked Wallaby,Wallaby,-42.0,146.5,2
Tasmania,TAS,Notamacropus rufogriseus,Red-necked Wallaby,Wallaby,-42.0,146.75,10
Tasmania,TAS,Notamacropus rufogriseus,Red-necked Wallaby,Wallaby,-42.0,148.0,2
Tasmania,TAS,Notamacropus rufogriseus,Red-necked Wallaby,Wallaby,-42.0,148.25,53
Tasmania,TAS,Notamacropus rufogriseus,Red-necked Wallaby,Wallaby,-41.75,145.0,2
Tasmania,TAS,Notamacropus rufogriseus,Red-necked Wallaby,Wallaby,-41.75,145.25,1
Tasmania,TAS,Notamacropus rufogriseus,Red-necked Wallaby,Wallaby,-41.75,146.0,47
Tasmania,TAS,Notamacropus rufogriseus,Red-necked Wallaby,Wallaby,-41.75,146.25,18
Tasmania,TAS,Notamacropus rufogriseus,Red-necked Wallaby,Wallaby,-41.75,146.5,3
Tasmania,TAS,Notamacropus rufogriseus,Red-necked Wallaby,Wallaby,-41.75,146.75,8
Tasmania,TAS,Notamacropus rufogriseus,Red-necked Wallaby,Wallaby,-41.75,147.25,3
Tasmania,TAS,Notamacropus rufogriseus,Red-necked Wallaby,Wallaby,-41.75,147.5,3
Tasmania,TAS,Notamacropus rufogriseus,Red-necked Wallaby,Wallaby,-41.75,147.75,3
Tasmania,TAS,Notamacropus rufogriseus,Red-necked Wallaby,Wallaby,-41.75,148.25,7
Tasmania,TAS,Notamacropus rufogriseus,Red-necked Wallaby,Wallaby,-41.5,145.0,1
Tasmania,TAS,Notamacropus rufogriseus,Red-necked Wallaby,Wallaby,-41.5,145.5,1
Tasmania,TAS,Notamacropus rufogriseus,Red-necked Wallaby,Wallaby,-41.5,146.0,166
Tasmania,TAS,Notamacropus rufogriseus,Red-necked Wallaby,Wallaby,-41.5,146.25,4
Tasmania,TAS,Notamacropus rufogriseus,Red-necked Wallaby,Wallaby,-41.5,146.5,1
Tasmania,TAS,Notamacropus rufogriseus,Red-necked Wallaby,Wallaby,-41.5,146.75,4
Tasmania,TAS,Notamacropus rufogriseus,Red-necked Wallaby,Wallaby,-41.5,147.0,94
Tasmania,TAS,Notamacropus rufogriseus,Red-necked Wallaby,Wallaby,-41.5,147.25,11
Tasmania,TAS,Notamacropus rufogriseus,Red-necked Wallaby,Wallaby,-41.5,147.5,1
Tasmania,TAS,Notamacropus rufogriseus,Red-necked Wallaby,Wallaby,-41.5,147.75,21
Tasmania,TAS,Notamacropus rufogriseus,Red-necked Wallaby,Wallaby,-41.5,148.25,14
Tasmania,TAS,Notamacropus rufogriseus,Red-necked Wallaby,Wallaby,-41.25,144.75,1
Tasmania,TAS,Notamacropus rufogriseus,Red-necked Wallaby,Wallaby,-41.25,146.0,1
Tasmania,TAS,Notamacropus rufogriseus,Red-necked Wallaby,Wallaby,-41.25,146.25,2
Tasmania,TAS,Notamacropus rufogriseus,Red-necked Wallaby,Wallaby,-41.25,146.5,52
Tasmania,TAS,Notamacropus rufogriseus,Red-necked Wallaby,Wallaby,-41.25,146.75,1
Tasmania,TAS,Notamacropus rufogriseus,Red-necked Wallaby,Wallaby,-41.25,147.0,5
Tasmania,TAS,Notamacropus rufogriseus,Red-necked Wallaby,Wallaby,-41.25,147.25,2
Tasmania,TAS,Notamacropus rufogriseus,Red-necked Wallaby,Wallaby,-41.25,148.0,1
Tasmania,TAS,Notamacropus rufogriseus,Red-necked Wallaby,Wallaby,-41.25,148.25,8
Tasmania,TAS,Notamacropus rufogriseus,Red-necked Wallaby,Wallaby,-41.0,144.5,1
Tasmania,TAS,Notamacropus rufogriseus,Red-necked Wallaby,Wallaby,-41.0,144.75,2
Tasmania,TAS,Notamacropus rufogriseus,Red-necked Wallaby,Wallaby,-41.0,145.25,1
Tasmania,TAS,Notamacropus rufogriseus,Red-necked Wallaby,Wallaby,-41.0,145.5,1
Tasmania,TAS,Notamacropus rufogriseus,Red-necked Wallaby,Wallaby,-41.0,146.0,3
Tasmania,TAS,Notamacropus rufogriseus,Red-necked Wallaby,Wallaby,-41.0,146.75,8
Tasmania,TAS,Notamacropus rufogriseus,Red-necked Wallaby,Wallaby,-41.0,147.5,1
Tasmania,TAS,Notamacropus rufogriseus,Red-necked Wallaby,Wallaby,-41.0,148.25,17
Tasmania,TAS,Notamacropus rufogriseus,Red-necked Wallaby,Wallaby,-40.75,145.25,1
Tasmania,TAS,Notamacropus rufogriseus,Red-necked Wallaby,Wallaby,-40.75,145.5,2
Tasmania,TAS,Notamacropus rufogriseus,Red-necked Wallaby,Wallaby,-40.75,147.75,3
Tasmania,TAS,Notamacropus rufogriseus,Red-necked Wallaby,Wallaby,-40.75,148.0,1
Tasmania,TAS,Notamacropus rufogriseus,Red-necked Wallaby,Wallaby,-40.75,148.25,14
Tasmania,TAS,Notamacropus rufogriseus,Red-necked Wallaby,Wallaby,-40.25,148.0,11
Tasmania,TAS,Notamacropus rufogriseus,Red-necked Wallaby,Wallaby,-40.0,143.75,1
Tasmania,TAS,Notamacropus rufogriseus,Red-necked Wallaby,Wallaby,-40.0,144.0,13
Tasmania,TAS,Notamacropus rufogriseus,Red-necked Wallaby,Wallaby,-40.0,147.75,4
Tasmania,TAS,Notamacropus rufogriseus,Red-necked Wallaby,Wallaby,-40.0,148.0,3
Tasmania,TAS,Notamacropus rufogriseus,Red-necked Wallaby,Wallaby,-40.0,148.25,5
Tasmania,TAS,Notamacropus rufogriseus,Red-necked Wallaby,Wallaby,-39.75,144.0,1
Tasmania,TAS,Notamacropus rufogriseus,Red-necked Wallaby,Wallaby,-39.75,147.75,4
Tasmania,TAS,Notamacropus rufogriseus,Red-necked Wallaby,Wallaby,-39.5,144.0,1
Tasmania,TAS,Notamacropus rufogriseus,Red-necked Wallaby,Wallaby,-39.5,147.25,2
Victoria,VIC,Macropus fuliginosus,Western Grey Kangaroo,Kangaroo,-37.75,141.25,1
Victoria,VIC,Macropus fuliginosus,Western Grey Kangaroo,Kangaroo,-37.5,142.5,1
Victoria,VIC,Macropus fuliginosus,Western Grey Kangaroo,Kangaroo,-37.25,141.25,2
Victoria,VIC,Macropus fuliginosus,Western Grey Kangaroo,Kangaroo,-37.25,142.0,2
Victoria,VIC,Macropus fuliginosus,Western Grey Kangaroo,Kangaroo,-37.25,142.25,9
Victoria,VIC,Macropus fuliginosus,Western Grey Kangaroo,Kangaroo,-37.25,142.5,1
Victoria,VIC,Macropus fuliginosus,Western Grey Kangaroo,Kangaroo,-37.25,142.75,2
Victoria,VIC,Macropus fuliginosus,Western Grey Kangaroo,Kangaroo,-37.0,141.0,1
Victoria,VIC,Macropus fuliginosus,Western Grey Kangaroo,Kangaroo,-37.0,141.75,1
Victoria,VIC,Macropus fuliginosus,Western Grey Kangaroo,Kangaroo,-37.0,142.25,2
Victoria,VIC,Macropus fuliginosus,Western Grey Kangaroo,Kangaroo,-37.0,142.5,7
Victoria,VIC,Macropus fuliginosus,Western Grey Kangaroo,Kangaroo,-37.0,142.75,1
Victoria,VIC,Macropus fuliginosus,Western Grey Kangaroo,Kangaroo,-36.75,141.75,4
Victoria,VIC,Macropus fuliginosus,Western Grey Kangaroo,Kangaroo,-36.75,143.5,12
Victoria,VIC,Macropus fuliginosus,Western Grey Kangaroo,Kangaroo,-36.75,143.75,1
Victoria,VIC,Macropus fuliginosus,Western Grey Kangaroo,Kangaroo,-36.5,141.75,24
Victoria,VIC,Macropus fuliginosus,Western Grey Kangaroo,Kangaroo,-36.5,142.0,67
Victoria,VIC,Macropus fuliginosus,Western Grey Kangaroo,Kangaroo,-36.5,143.75,17
Victoria,VIC,Macropus fuliginosus,Western Grey Kangaroo,Kangaroo,-36.25,141.75,1
Victoria,VIC,Macropus fuliginosus,Western Grey Kangaroo,Kangaroo,-36.25,142.0,1
Victoria,VIC,Macropus fuliginosus,Western Grey Kangaroo,Kangaroo,-36.0,141.25,4
Victoria,VIC,Macropus fuliginosus,Western Grey Kangaroo,Kangaroo,-36.0,142.0,1
Victoria,VIC,Macropus fuliginosus,Western Grey Kangaroo,Kangaroo,-35.75,142.0,6
Victoria,VIC,Macropus fuliginosus,Western Grey Kangaroo,Kangaroo,-35.75,142.5,1
Victoria,VIC,Macropus fuliginosus,Western Grey Kangaroo,Kangaroo,-35.75,144.25,1
Victoria,VIC,Macropus fuliginosus,Western Grey Kangaroo,Kangaroo,-35.5,141.25,2
Victoria,VIC,Macropus fuliginosus,Western Grey Kangaroo,Kangaroo,-35.5,142.0,47
Victoria,VIC,Macropus fuliginosus,Western Grey Kangaroo,Kangaroo,-35.5,142.5,1
Victoria,VIC,Macropus fuliginosus,Western Grey Kangaroo,Kangaroo,-35.5,142.75,1
Victoria,VIC,Macropus fuliginosus,Western Grey Kangaroo,Kangaroo,-35.25,141.75,1
Victoria,VIC,Macropus fuliginosus,Western Grey Kangaroo,Kangaroo,-35.25,142.5,1
Victoria,VIC,Macropus fuliginosus,Western Grey Kangaroo,Kangaroo,-35.25,142.75,1
Victoria,VIC,Macropus fuliginosus,Western Grey Kangaroo,Kangaroo,-35.25,143.25,1
Victoria,VIC,Macropus fuliginosus,Western Grey Kangaroo,Kangaroo,-35.0,141.75,14
Victoria,VIC,Macropus fuliginosus,Western Grey Kangaroo,Kangaroo,-35.0,142.0,2
Victoria,VIC,Macropus fuliginosus,Western Grey Kangaroo,Kangaroo,-35.0,142.5,1
Victoria,VIC,Macropus fuliginosus,Western Grey Kangaroo,Kangaroo,-35.0,142.75,1
Victoria,VIC,Macropus fuliginosus,Western Grey Kangaroo,Kangaroo,-35.0,143.25,1
Victoria,VIC,Macropus fuliginosus,Western Grey Kangaroo,Kangaroo,-34.75,141.0,1
Victoria,VIC,Macropus fuliginosus,Western Grey Kangaroo,Kangaroo,-34.75,141.75,1
Victoria,VIC,Macropus fuliginosus,Western Grey Kangaroo,Kangaroo,-34.75,142.0,1
Victoria,VIC,Macropus fuliginosus,Western Grey Kangaroo,Kangaroo,-34.75,142.25,52
Victoria,VIC,Macropus fuliginosus,Western Grey Kangaroo,Kangaroo,-34.75,142.5,3
Victoria,VIC,Macropus fuliginosus,Western Grey Kangaroo,Kangaroo,-34.5,141.75,1
Victoria,VIC,Macropus fuliginosus,Western Grey Kangaroo,Kangaroo,-34.5,142.25,3
Victoria,VIC,Macropus fuliginosus,Western Grey Kangaroo,Kangaroo,-34.5,142.75,1
Victoria,VIC,Macropus fuliginosus,Western Grey Kangaroo,Kangaroo,-34.25,141.25,1
Victoria,VIC,Macropus fuliginosus,Western Grey Kangaroo,Kangaroo,-34.25,141.5,1
Victoria,VIC,Macropus fuliginosus,Western Grey Kangaroo,Kangaroo,-34.25,142.0,1
Victoria,VIC,Macropus fuliginosus,Western Grey Kangaroo,Kangaroo,-34.25,142.25,2
Victoria,VIC,Macropus giganteus,Eastern Grey Kangaroo,Kangaroo,-39.0,146.25,121
Victoria,VIC,Macropus giganteus,Eastern Grey Kangaroo,Kangaroo,-38.75,143.25,30
Victoria,VIC,Macropus giganteus,Eastern Grey Kangaroo,Kangaroo,-38.75,143.5,24
Victoria,VIC,Macropus giganteus,Eastern Grey Kangaroo,Kangaroo,-38.75,143.75,52
Victoria,VIC,Macropus giganteus,Eastern Grey Kangaroo,Kangaroo,-38.75,144.0,9
Victoria,VIC,Macropus giganteus,Eastern Grey Kangaroo,Kangaroo,-38.75,145.5,12
Victoria,VIC,Macropus giganteus,Eastern Grey Kangaroo,Kangaroo,-38.75,145.75,36
Victoria,VIC,Macropus giganteus,Eastern Grey Kangaroo,Kangaroo,-38.75,146.0,24
Victoria,VIC,Macropus giganteus,Eastern Grey Kangaroo,Kangaroo,-38.75,146.25,15
Victoria,VIC,Macropus giganteus,Eastern Grey Kangaroo,Kangaroo,-38.75,146.5,1
Victoria,VIC,Macropus giganteus,Eastern Grey Kangaroo,Kangaroo,-38.75,146.75,3
Victoria,VIC,Macropus giganteus,Eastern Grey Kangaroo,Kangaroo,-38.5,141.5,5
Victoria,VIC,Macropus giganteus,Eastern Grey Kangaroo,Kangaroo,-38.5,141.75,1
Victoria,VIC,Macropus giganteus,Eastern Grey Kangaroo,Kangaroo,-38.5,142.5,4
Victoria,VIC,Macropus giganteus,Eastern Grey Kangaroo,Kangaroo,-38.5,142.75,5
Victoria,VIC,Macropus giganteus,Eastern Grey Kangaroo,Kangaroo,-38.5,143.0,1
Victoria,VIC,Macropus giganteus,Eastern Grey Kangaroo,Kangaroo,-38.5,143.5,2
Victoria,VIC,Macropus giganteus,Eastern Grey Kangaroo,Kangaroo,-38.5,143.75,5
Victoria,VIC,Macropus giganteus,Eastern Grey Kangaroo,Kangaroo,-38.5,144.0,67
Victoria,VIC,Macropus giganteus,Eastern Grey Kangaroo,Kangaroo,-38.5,144.25,60
Victoria,VIC,Macropus giganteus,Eastern Grey Kangaroo,Kangaroo,-38.5,144.75,4
Victoria,VIC,Macropus giganteus,Eastern Grey Kangaroo,Kangaroo,-38.5,145.0,394
Victoria,VIC,Macropus giganteus,Eastern Grey Kangaroo,Kangaroo,-38.5,145.25,2
Victoria,VIC,Macropus giganteus,Eastern Grey Kangaroo,Kangaroo,-38.5,145.5,54
Victoria,VIC,Macropus giganteus,Eastern Grey Kangaroo,Kangaroo,-38.5,145.75,6
Victoria,VIC,Macropus giganteus,Eastern Grey Kangaroo,Kangaroo,-38.5,146.0,5
Victoria,VIC,Macropus giganteus,Eastern Grey Kangaroo,Kangaroo,-38.5,146.25,3
Victoria,VIC,Macropus giganteus,Eastern Grey Kangaroo,Kangaroo,-38.5,146.5,3
Victoria,VIC,Macropus giganteus,Eastern Grey Kangaroo,Kangaroo,-38.25,141.25,1
Victoria,VIC,Macropus giganteus,Eastern Grey Kangaroo,Kangaroo,-38.25,141.5,2
Victoria,VIC,Macropus giganteus,Eastern Grey Kangaroo,Kangaroo,-38.25,141.75,3
Victoria,VIC,Macropus giganteus,Eastern Grey Kangaroo,Kangaroo,-38.25,142.0,1
Victoria,VIC,Macropus giganteus,Eastern Grey Kangaroo,Kangaroo,-38.25,142.25,47
Victoria,VIC,Macropus giganteus,Eastern Grey Kangaroo,Kangaroo,-38.25,142.5,1
Victoria,VIC,Macropus giganteus,Eastern Grey Kangaroo,Kangaroo,-38.25,142.75,2
Victoria,VIC,Macropus giganteus,Eastern Grey Kangaroo,Kangaroo,-38.25,143.0,1
Victoria,VIC,Macropus giganteus,Eastern Grey Kangaroo,Kangaroo,-38.25,143.25,8
Victoria,VIC,Macropus giganteus,Eastern Grey Kangaroo,Kangaroo,-38.25,143.5,1
Victoria,VIC,Macropus giganteus,Eastern Grey Kangaroo,Kangaroo,-38.25,144.0,10
Victoria,VIC,Macropus giganteus,Eastern Grey Kangaroo,Kangaroo,-38.25,144.25,180
Victoria,VIC,Macropus giganteus,Eastern Grey Kangaroo,Kangaroo,-38.25,144.5,36
Victoria,VIC,Macropus giganteus,Eastern Grey Kangaroo,Kangaroo,-38.25,144.75,7
Victoria,VIC,Macropus giganteus,Eastern Grey Kangaroo,Kangaroo,-38.25,145.0,255
Victoria,VIC,Macropus giganteus,Eastern Grey Kangaroo,Kangaroo,-38.25,145.25,173
Victoria,VIC,Macropus giganteus,Eastern Grey Kangaroo,Kangaroo,-38.25,145.5,7
Victoria,VIC,Macropus giganteus,Eastern Grey Kangaroo,Kangaroo,-38.25,145.75,5
Victoria,VIC,Macropus giganteus,Eastern Grey Kangaroo,Kangaroo,-38.25,146.0,2
Victoria,VIC,Macropus giganteus,Eastern Grey Kangaroo,Kangaroo,-38.25,146.25,27
Victoria,VIC,Macropus giganteus,Eastern Grey Kangaroo,Kangaroo,-38.25,146.5,50
Victoria,VIC,Macropus giganteus,Eastern Grey Kangaroo,Kangaroo,-38.25,146.75,2
Victoria,VIC,Macropus giganteus,Eastern Grey Kangaroo,Kangaroo,-38.25,147.0,1
Victoria,VIC,Macropus giganteus,Eastern Grey Kangaroo,Kangaroo,-38.25,147.25,2
Victoria,VIC,Macropus giganteus,Eastern Grey Kangaroo,Kangaroo,-38.0,141.0,17
Victoria,VIC,Macropus giganteus,Eastern Grey Kangaroo,Kangaroo,-38.0,141.25,6
Victoria,VIC,Macropus giganteus,Eastern Grey Kangaroo,Kangaroo,-38.0,141.5,8
Victoria,VIC,Macropus giganteus,Eastern Grey Kangaroo,Kangaroo,-38.0,141.75,8
Victoria,VIC,Macropus giganteus,Eastern Grey Kangaroo,Kangaroo,-38.0,142.0,16
Victoria,VIC,Macropus giganteus,Eastern Grey Kangaroo,Kangaroo,-38.0,142.25,2
Victoria,VIC,Macropus giganteus,Eastern Grey Kangaroo,Kangaroo,-38.0,142.75,2
Victoria,VIC,Macropus giganteus,Eastern Grey Kangaroo,Kangaroo,-38.0,143.25,3
Victoria,VIC,Macropus giganteus,Eastern Grey Kangaroo,Kangaroo,-38.0,144.0,22
Victoria,VIC,Macropus giganteus,Eastern Grey Kangaroo,Kangaroo,-38.0,144.25,30
Victoria,VIC,Macropus giganteus,Eastern Grey Kangaroo,Kangaroo,-38.0,144.5,108
Victoria,VIC,Macropus giganteus,Eastern Grey Kangaroo,Kangaroo,-38.0,144.75,8
Victoria,VIC,Macropus giganteus,Eastern Grey Kangaroo,Kangaroo,-38.0,145.0,1
Victoria,VIC,Macropus giganteus,Eastern Grey Kangaroo,Kangaroo,-38.0,145.25,645
Victoria,VIC,Macropus giganteus,Eastern Grey Kangaroo,Kangaroo,-38.0,145.5,535
Victoria,VIC,Macropus giganteus,Eastern Grey Kangaroo,Kangaroo,-38.0,145.75,5
Victoria,VIC,Macropus giganteus,Eastern Grey Kangaroo,Kangaroo,-38.0,146.25,1
Victoria,VIC,Macropus giganteus,Eastern Grey Kangaroo,Kangaroo,-38.0,146.5,2
Victoria,VIC,Macropus giganteus,Eastern Grey Kangaroo,Kangaroo,-38.0,147.25,2
Victoria,VIC,Macropus giganteus,Eastern Grey Kangaroo,Kangaroo,-38.0,147.5,22
Victoria,VIC,Macropus giganteus,Eastern Grey Kangaroo,Kangaroo,-38.0,147.75,71
Victoria,VIC,Macropus giganteus,Eastern Grey Kangaroo,Kangaroo,-38.0,148.0,3
Victoria,VIC,Macropus giganteus,Eastern Grey Kangaroo,Kangaroo,-37.75,141.0,1
Victoria,VIC,Macropus giganteus,Eastern Grey Kangaroo,Kangaroo,-37.75,141.5,2
Victoria,VIC,Macropus giganteus,Eastern Grey Kangaroo,Kangaroo,-37.75,141.75,8
Victoria,VIC,Macropus giganteus,Eastern Grey Kangaroo,Kangaroo,-37.75,142.0,4
Victoria,VIC,Macropus giganteus,Eastern Grey Kangaroo,Kangaroo,-37.75,142.25,14
Victoria,VIC,Macropus giganteus,Eastern Grey Kangaroo,Kangaroo,-37.75,143.0,2
Victoria,VIC,Macropus giganteus,Eastern Grey Kangaroo,Kangaroo,-37.75,143.5,14
Victoria,VIC,Macropus giganteus,Eastern Grey Kangaroo,Kangaroo,-37.75,143.75,24
Victoria,VIC,Macropus giganteus,Eastern Grey Kangaroo,Kangaroo,-37.75,144.0,129
Victoria,VIC,Macropus giganteus,Eastern Grey Kangaroo,Kangaroo,-37.75,144.25,103
Victoria,VIC,Macropus giganteus,Eastern Grey Kangaroo,Kangaroo,-37.75,144.5,40
Victoria,VIC,Macropus giganteus,Eastern Grey Kangaroo,Kangaroo,-37.75,144.75,206
Victoria,VIC,Macropus giganteus,Eastern Grey Kangaroo,Kangaroo,-37.75,145.0,720
Victoria,VIC,Macropus giganteus,Eastern Grey Kangaroo,Kangaroo,-37.75,145.25,694
Victoria,VIC,Macropus giganteus,Eastern Grey Kangaroo,Kangaroo,-37.75,145.5,126
Victoria,VIC,Macropus giganteus,Eastern Grey Kangaroo,Kangaroo,-37.75,145.75,10
Victoria,VIC,Macropus giganteus,Eastern Grey Kangaroo,Kangaroo,-37.75,146.75,2
Victoria,VIC,Macropus giganteus,Eastern Grey Kangaroo,Kangaroo,-37.75,147.5,1
Victoria,VIC,Macropus giganteus,Eastern Grey Kangaroo,Kangaroo,-37.75,147.75,4
Victoria,VIC,Macropus giganteus,Eastern Grey Kangaroo,Kangaroo,-37.75,148.0,4
Victoria,VIC,Macropus giganteus,Eastern Grey Kangaroo,Kangaroo,-37.75,148.25,4
Victoria,VIC,Macropus giganteus,Eastern Grey Kangaroo,Kangaroo,-37.75,148.5,11
Victoria,VIC,Macropus giganteus,Eastern Grey Kangaroo,Kangaroo,-37.75,148.75,11
Victoria,VIC,Macropus giganteus,Eastern Grey Kangaroo,Kangaroo,-37.75,149.0,1
Victoria,VIC,Macropus giganteus,Eastern Grey Kangaroo,Kangaroo,-37.5,141.25,1
Victoria,VIC,Macropus giganteus,Eastern Grey Kangaroo,Kangaroo,-37.5,142.0,4
Victoria,VIC,Macropus giganteus,Eastern Grey Kangaroo,Kangaroo,-37.5,142.25,21
Victoria,VIC,Macropus giganteus,Eastern Grey Kangaroo,Kangaroo,-37.5,142.5,7
Victoria,VIC,Macropus giganteus,Eastern Grey Kangaroo,Kangaroo,-37.5,143.25,6
Victoria,VIC,Macropus giganteus,Eastern Grey Kangaroo,Kangaroo,-37.5,143.5,5
Victoria,VIC,Macropus giganteus,Eastern Grey Kangaroo,Kangaroo,-37.5,143.75,9
Victoria,VIC,Macropus giganteus,Eastern Grey Kangaroo,Kangaroo,-37.5,144.0,45
Victoria,VIC,Macropus giganteus,Eastern Grey Kangaroo,Kangaroo,-37.5,144.25,838
Victoria,VIC,Macropus giganteus,Eastern Grey Kangaroo,Kangaroo,-37.5,144.5,63
Victoria,VIC,Macropus giganteus,Eastern Grey Kangaroo,Kangaroo,-37.5,144.75,71
Victoria,VIC,Macropus giganteus,Eastern Grey Kangaroo,Kangaroo,-37.5,145.0,131
Victoria,VIC,Macropus giganteus,Eastern Grey Kangaroo,Kangaroo,-37.5,145.25,58
Victoria,VIC,Macropus giganteus,Eastern Grey Kangaroo,Kangaroo,-37.5,145.5,6
Victoria,VIC,Macropus giganteus,Eastern Grey Kangaroo,Kangaroo,-37.5,145.75,11
Victoria,VIC,Macropus giganteus,Eastern Grey Kangaroo,Kangaroo,-37.5,147.25,5
Victoria,VIC,Macropus giganteus,Eastern Grey Kangaroo,Kangaroo,-37.5,147.75,1
Victoria,VIC,Macropus giganteus,Eastern Grey Kangaroo,Kangaroo,-37.5,148.25,24
Victoria,VIC,Macropus giganteus,Eastern Grey Kangaroo,Kangaroo,-37.5,149.75,39
Victoria,VIC,Macropus giganteus,Eastern Grey Kangaroo,Kangaroo,-37.25,142.0,2
Victoria,VIC,Macropus giganteus,Eastern Grey Kangaroo,Kangaroo,-37.25,142.5,195
Victoria,VIC,Macropus giganteus,Eastern Grey Kangaroo,Kangaroo,-37.25,142.75,6
Victoria,VIC,Macropus giganteus,Eastern Grey Kangaroo,Kangaroo,-37.25,143.0,2
Victoria,VIC,Macropus giganteus,Eastern Grey Kangaroo,Kangaroo,-37.25,143.25,6
Victoria,VIC,Macropus giganteus,Eastern Grey Kangaroo,Kangaroo,-37.25,143.5,5
Victoria,VIC,Macropus giganteus,Eastern Grey Kangaroo,Kangaroo,-37.25,143.75,5
Victoria,VIC,Macropus giganteus,Eastern Grey Kangaroo,Kangaroo,-37.25,144.0,7
Victoria,VIC,Macropus giganteus,Eastern Grey Kangaroo,Kangaroo,-37.25,144.25,28
Victoria,VIC,Macropus giganteus,Eastern Grey Kangaroo,Kangaroo,-37.25,144.5,31
Victoria,VIC,Macropus giganteus,Eastern Grey Kangaroo,Kangaroo,-37.25,144.75,14
Victoria,VIC,Macropus giganteus,Eastern Grey Kangaroo,Kangaroo,-37.25,145.0,13
Victoria,VIC,Macropus giganteus,Eastern Grey Kangaroo,Kangaroo,-37.25,145.25,4
Victoria,VIC,Macropus giganteus,Eastern Grey Kangaroo,Kangaroo,-37.25,145.75,22
Victoria,VIC,Macropus giganteus,Eastern Grey Kangaroo,Kangaroo,-37.25,146.0,10
Victoria,VIC,Macropus giganteus,Eastern Grey Kangaroo,Kangaroo,-37.25,146.25,2
Victoria,VIC,Macropus giganteus,Eastern Grey Kangaroo,Kangaroo,-37.25,147.5,1
Victoria,VIC,Macropus giganteus,Eastern Grey Kangaroo,Kangaroo,-37.25,147.75,2
Victoria,VIC,Macropus giganteus,Eastern Grey Kangaroo,Kangaroo,-37.25,148.25,1
Victoria,VIC,Macropus giganteus,Eastern Grey Kangaroo,Kangaroo,-37.0,141.0,2
Victoria,VIC,Macropus giganteus,Eastern Grey Kangaroo,Kangaroo,-37.0,141.75,2
Victoria,VIC,Macropus giganteus,Eastern Grey Kangaroo,Kangaroo,-37.0,142.0,1
Victoria,VIC,Macropus giganteus,Eastern Grey Kangaroo,Kangaroo,-37.0,142.25,8
Victoria,VIC,Macropus giganteus,Eastern Grey Kangaroo,Kangaroo,-37.0,142.5,45
Victoria,VIC,Macropus giganteus,Eastern Grey Kangaroo,Kangaroo,-37.0,142.75,5
Victoria,VIC,Macropus giganteus,Eastern Grey Kangaroo,Kangaroo,-37.0,143.25,2
Victoria,VIC,Macropus giganteus,Eastern Grey Kangaroo,Kangaroo,-37.0,143.75,1
Victoria,VIC,Macropus giganteus,Eastern Grey Kangaroo,Kangaroo,-37.0,144.0,10
Victoria,VIC,Macropus giganteus,Eastern Grey Kangaroo,Kangaroo,-37.0,144.25,118
Victoria,VIC,Macropus giganteus,Eastern Grey Kangaroo,Kangaroo,-37.0,144.5,2
Victoria,VIC,Macropus giganteus,Eastern Grey Kangaroo,Kangaroo,-37.0,144.75,5
Victoria,VIC,Macropus giganteus,Eastern Grey Kangaroo,Kangaroo,-37.0,145.0,13
Victoria,VIC,Macropus giganteus,Eastern Grey Kangaroo,Kangaroo,-37.0,145.25,7
Victoria,VIC,Macropus giganteus,Eastern Grey Kangaroo,Kangaroo,-37.0,145.5,9
Victoria,VIC,Macropus giganteus,Eastern Grey Kangaroo,Kangaroo,-37.0,145.75,2
Victoria,VIC,Macropus giganteus,Eastern Grey Kangaroo,Kangaroo,-37.0,146.0,6
Victoria,VIC,Macropus giganteus,Eastern Grey Kangaroo,Kangaroo,-37.0,146.25,9
Victoria,VIC,Macropus giganteus,Eastern Grey Kangaroo,Kangaroo,-37.0,147.0,2
Victoria,VIC,Macropus giganteus,Eastern Grey Kangaroo,Kangaroo,-37.0,147.5,3
Victoria,VIC,Macropus giganteus,Eastern Grey Kangaroo,Kangaroo,-37.0,148.25,1
Victoria,VIC,Macropus giganteus,Eastern Grey Kangaroo,Kangaroo,-37.0,148.5,2
Victoria,VIC,Macropus giganteus,Eastern Grey Kangaroo,Kangaroo,-36.75,141.75,2
Victoria,VIC,Macropus giganteus,Eastern Grey Kangaroo,Kangaroo,-36.75,143.25,9
Victoria,VIC,Macropus giganteus,Eastern Grey Kangaroo,Kangaroo,-36.75,143.5,8
Victoria,VIC,Macropus giganteus,Eastern Grey Kangaroo,Kangaroo,-36.75,143.75,2
Victoria,VIC,Macropus giganteus,Eastern Grey Kangaroo,Kangaroo,-36.75,144.0,2
Victoria,VIC,Macropus giganteus,Eastern Grey Kangaroo,Kangaroo,-36.75,144.25,72
Victoria,VIC,Macropus giganteus,Eastern Grey Kangaroo,Kangaroo,-36.75,144.5,30
Victoria,VIC,Macropus giganteus,Eastern Grey Kangaroo,Kangaroo,-36.75,144.75,1
Victoria,VIC,Macropus giganteus,Eastern Grey Kangaroo,Kangaroo,-36.75,145.0,23
Victoria,VIC,Macropus giganteus,Eastern Grey Kangaroo,Kangaroo,-36.75,145.5,8
Victoria,VIC,Macropus giganteus,Eastern Grey Kangaroo,Kangaroo,-36.75,145.75,13
Victoria,VIC,Macropus giganteus,Eastern Grey Kangaroo,Kangaroo,-36.75,146.0,2
Victoria,VIC,Macropus giganteus,Eastern Grey Kangaroo,Kangaroo,-36.75,146.25,1
Victoria,VIC,Macropus giganteus,Eastern Grey Kangaroo,Kangaroo,-36.75,147.0,11
Victoria,VIC,Macropus giganteus,Eastern Grey Kangaroo,Kangaroo,-36.75,147.25,3
Victoria,VIC,Macropus giganteus,Eastern Grey Kangaroo,Kangaroo,-36.75,147.75,2
Victoria,VIC,Macropus giganteus,Eastern Grey Kangaroo,Kangaroo,-36.5,141.75,3
Victoria,VIC,Macropus giganteus,Eastern Grey Kangaroo,Kangaroo,-36.5,142.0,1
Victoria,VIC,Macropus giganteus,Eastern Grey Kangaroo,Kangaroo,-36.5,143.25,1
Victoria,VIC,Macropus giganteus,Eastern Grey Kangaroo,Kangaroo,-36.5,143.5,3
Victoria,VIC,Macropus giganteus,Eastern Grey Kangaroo,Kangaroo,-36.5,143.75,5
Victoria,VIC,Macropus giganteus,Eastern Grey Kangaroo,Kangaroo,-36.5,144.25,1
Victoria,VIC,Macropus giganteus,Eastern Grey Kangaroo,Kangaroo,-36.5,144.5,2
Victoria,VIC,Macropus giganteus,Eastern Grey Kangaroo,Kangaroo,-36.5,144.75,2
Victoria,VIC,Macropus giganteus,Eastern Grey Kangaroo,Kangaroo,-36.5,145.0,1
Victoria,VIC,Macropus giganteus,Eastern Grey Kangaroo,Kangaroo,-36.5,145.5,2
Victoria,VIC,Macropus giganteus,Eastern Grey Kangaroo,Kangaroo,-36.5,145.75,15
Victoria,VIC,Macropus giganteus,Eastern Grey Kangaroo,Kangaroo,-36.5,146.0,67
Victoria,VIC,Macropus giganteus,Eastern Grey Kangaroo,Kangaroo,-36.5,146.25,18
Victoria,VIC,Macropus giganteus,Eastern Grey Kangaroo,Kangaroo,-36.5,146.5,3
Victoria,VIC,Macropus giganteus,Eastern Grey Kangaroo,Kangaroo,-36.5,146.75,6
Victoria,VIC,Macropus giganteus,Eastern Grey Kangaroo,Kangaroo,-36.5,148.25,1
Victoria,VIC,Macropus giganteus,Eastern Grey Kangaroo,Kangaroo,-36.25,143.5,1
Victoria,VIC,Macropus giganteus,Eastern Grey Kangaroo,Kangaroo,-36.25,144.25,7
Victoria,VIC,Macropus giganteus,Eastern Grey Kangaroo,Kangaroo,-36.25,144.5,1
Victoria,VIC,Macropus giganteus,Eastern Grey Kangaroo,Kangaroo,-36.25,144.75,4
Victoria,VIC,Macropus giganteus,Eastern Grey Kangaroo,Kangaroo,-36.25,145.0,1
Victoria,VIC,Macropus giganteus,Eastern Grey Kangaroo,Kangaroo,-36.25,145.25,1
Victoria,VIC,Macropus giganteus,Eastern Grey Kangaroo,Kangaroo,-36.25,145.75,5
Victoria,VIC,Macropus giganteus,Eastern Grey Kangaroo,Kangaroo,-36.25,146.25,23
Victoria,VIC,Macropus giganteus,Eastern Grey Kangaroo,Kangaroo,-36.25,146.5,13
Victoria,VIC,Macropus giganteus,Eastern Grey Kangaroo,Kangaroo,-36.25,146.75,36
Victoria,VIC,Macropus giganteus,Eastern Grey Kangaroo,Kangaroo,-36.25,147.0,29
Victoria,VIC,Macropus giganteus,Eastern Grey Kangaroo,Kangaroo,-36.0,142.5,2
Victoria,VIC,Macropus giganteus,Eastern Grey Kangaroo,Kangaroo,-36.0,144.25,2
Victoria,VIC,Macropus giganteus,Eastern Grey Kangaroo,Kangaroo,-36.0,144.5,1
Victoria,VIC,Macropus giganteus,Eastern Grey Kangaroo,Kangaroo,-36.0,144.75,7
Victoria,VIC,Macropus giganteus,Eastern Grey Kangaroo,Kangaroo,-36.0,145.0,1
Victoria,VIC,Macropus giganteus,Eastern Grey Kangaroo,Kangaroo,-36.0,145.5,4
Victoria,VIC,Macropus giganteus,Eastern Grey Kangaroo,Kangaroo,-36.0,145.75,3
Victoria,VIC,Macropus giganteus,Eastern Grey Kangaroo,Kangaroo,-36.0,146.0,1
Victoria,VIC,Macropus giganteus,Eastern Grey Kangaroo,Kangaroo,-36.0,146.5,2
Victoria,VIC,Macropus giganteus,Eastern Grey Kangaroo,Kangaroo,-36.0,146.75,7
Victoria,VIC,Macropus giganteus,Eastern Grey Kangaroo,Kangaroo,-36.0,147.0,4
Victoria,VIC,Macropus giganteus,Eastern Grey Kangaroo,Kangaroo,-36.0,147.25,1
Victoria,VIC,Macropus giganteus,Eastern Grey Kangaroo,Kangaroo,-36.0,147.5,1
Victoria,VIC,Macropus giganteus,Eastern Grey Kangaroo,Kangaroo,-35.75,143.5,1
Victoria,VIC,Macropus giganteus,Eastern Grey Kangaroo,Kangaroo,-35.75,144.25,5
Victoria,VIC,Macropus giganteus,Eastern Grey Kangaroo,Kangaroo,-35.75,145.25,1
Victoria,VIC,Macropus giganteus,Eastern Grey Kangaroo,Kangaroo,-35.75,145.5,3
Victoria,VIC,Macropus giganteus,Eastern Grey Kangaroo,Kangaroo,-35.5,143.5,1
Victoria,VIC,Macropus giganteus,Eastern Grey Kangaroo,Kangaroo,-35.25,143.5,1
Victoria,VIC,Macropus giganteus,Eastern Grey Kangaroo,Kangaroo,-34.25,141.25,1
Victoria,VIC,Macropus giganteus,Eastern Grey Kangaroo,Kangaroo,-34.25,142.25,7
Victoria,VIC,Notamacropus rufogriseus,Red-necked Wallaby,Wallaby,-38.75,143.25,1
Victoria,VIC,Notamacropus rufogriseus,Red-necked Wallaby,Wallaby,-38.75,143.5,7
Victoria,VIC,Notamacropus rufogriseus,Red-necked Wallaby,Wallaby,-38.75,143.75,18
Victoria,VIC,Notamacropus rufogriseus,Red-necked Wallaby,Wallaby,-38.75,144.0,3
Victoria,VIC,Notamacropus rufogriseus,Red-necked Wallaby,Wallaby,-38.5,142.75,1
Victoria,VIC,Notamacropus rufogriseus,Red-necked Wallaby,Wallaby,-38.5,143.25,1
Victoria,VIC,Notamacropus rufogriseus,Red-necked Wallaby,Wallaby,-38.5,143.5,1
Victoria,VIC,Notamacropus rufogriseus,Red-necked Wallaby,Wallaby,-38.5,143.75,2
Victoria,VIC,Notamacropus rufogriseus,Red-necked Wallaby,Wallaby,-38.5,144.0,16
Victoria,VIC,Notamacropus rufogriseus,Red-necked Wallaby,Wallaby,-38.5,144.25,1
Victoria,VIC,Notamacropus rufogriseus,Red-necked Wallaby,Wallaby,-38.5,145.25,23
Victoria,VIC,Notamacropus rufogriseus,Red-necked Wallaby,Wallaby,-38.25,141.5,6
Victoria,VIC,Notamacropus rufogriseus,Red-necked Wallaby,Wallaby,-38.25,141.75,4
Victoria,VIC,Notamacropus rufogriseus,Red-necked Wallaby,Wallaby,-38.25,142.0,6
Victoria,VIC,Notamacropus rufogriseus,Red-necked Wallaby,Wallaby,-38.25,142.25,1
Victoria,VIC,Notamacropus rufogriseus,Red-necked Wallaby,Wallaby,-38.25,144.0,3
Victoria,VIC,Notamacropus rufogriseus,Red-necked Wallaby,Wallaby,-38.25,144.25,3
Victoria,VIC,Notamacropus rufogriseus,Red-necked Wallaby,Wallaby,-38.0,141.0,10
Victoria,VIC,Notamacropus rufogriseus,Red-necked Wallaby,Wallaby,-38.0,141.25,23
Victoria,VIC,Notamacropus rufogriseus,Red-necked Wallaby,Wallaby,-38.0,141.5,6
Victoria,VIC,Notamacropus rufogriseus,Red-necked Wallaby,Wallaby,-38.0,142.0,32
Victoria,VIC,Notamacropus rufogriseus,Red-necked Wallaby,Wallaby,-37.75,141.25,1
Victoria,VIC,Notamacropus rufogriseus,Red-necked Wallaby,Wallaby,-37.75,142.25,1
Victoria,VIC,Notamacropus rufogriseus,Red-necked Wallaby,Wallaby,-37.75,147.5,1
Victoria,VIC,Notamacropus rufogriseus,Red-necked Wallaby,Wallaby,-37.75,148.5,3
Victoria,VIC,Notamacropus rufogriseus,Red-necked Wallaby,Wallaby,-37.75,148.75,3
Victoria,VIC,Notamacropus rufogriseus,Red-necked Wallaby,Wallaby,-37.75,149.0,2
Victoria,VIC,Notamacropus rufogriseus,Red-necked Wallaby,Wallaby,-37.75,149.25,1
Victoria,VIC,Notamacropus rufogriseus,Red-necked Wallaby,Wallaby,-37.5,141.0,1
Victoria,VIC,Notamacropus rufogriseus,Red-necked Wallaby,Wallaby,-37.5,142.25,9
Victoria,VIC,Notamacropus rufogriseus,Red-necked Wallaby,Wallaby,-37.5,142.5,5
Victoria,VIC,Notamacropus rufogriseus,Red-necked Wallaby,Wallaby,-37.5,148.25,5
Victoria,VIC,Notamacropus rufogriseus,Red-necked Wallaby,Wallaby,-37.5,149.75,12
Victoria,VIC,Notamacropus rufogriseus,Red-necked Wallaby,Wallaby,-37.25,141.25,3
Victoria,VIC,Notamacropus rufogriseus,Red-necked Wallaby,Wallaby,-37.25,141.5,1
Victoria,VIC,Notamacropus rufogriseus,Red-necked Wallaby,Wallaby,-37.25,142.0,3
Victoria,VIC,Notamacropus rufogriseus,Red-necked Wallaby,Wallaby,-37.25,142.25,7
Victoria,VIC,Notamacropus rufogriseus,Red-necked Wallaby,Wallaby,-37.25,142.5,24
Victoria,VIC,Notamacropus rufogriseus,Red-necked Wallaby,Wallaby,-37.25,142.75,4
Victoria,VIC,Notamacropus rufogriseus,Red-necked Wallaby,Wallaby,-37.25,143.25,2
Victoria,VIC,Notamacropus rufogriseus,Red-necked Wallaby,Wallaby,-37.25,147.5,1
Victoria,VIC,Notamacropus rufogriseus,Red-necked Wallaby,Wallaby,-37.25,147.75,1
Victoria,VIC,Notamacropus rufogriseus,Red-necked Wallaby,Wallaby,-37.25,148.25,2
Victoria,VIC,Notamacropus rufogriseus,Red-necked Wallaby,Wallaby,-37.25,148.75,1
Victoria,VIC,Notamacropus rufogriseus,Red-necked Wallaby,Wallaby,-37.25,149.0,1
Victoria,VIC,Notamacropus rufogriseus,Red-necked Wallaby,Wallaby,-37.25,149.25,1
Victoria,VIC,Notamacropus rufogriseus,Red-necked Wallaby,Wallaby,-37.0,142.25,4
Victoria,VIC,Notamacropus rufogriseus,Red-necked Wallaby,Wallaby,-37.0,142.5,65
Victoria,VIC,Notamacropus rufogriseus,Red-necked Wallaby,Wallaby,-37.0,142.75,1
Victoria,VIC,Notamacropus rufogriseus,Red-necked Wallaby,Wallaby,-37.0,147.25,1
Victoria,VIC,Notamacropus rufogriseus,Red-necked Wallaby,Wallaby,-37.0,147.5,3
Victoria,VIC,Notamacropus rufogriseus,Red-necked Wallaby,Wallaby,-37.0,147.75,4
Victoria,VIC,Notamacropus rufogriseus,Red-necked Wallaby,Wallaby,-37.0,148.0,1
Victoria,VIC,Notamacropus rufogriseus,Red-necked Wallaby,Wallaby,-36.75,141.5,1
Victoria,VIC,Notamacropus rufogriseus,Red-necked Wallaby,Wallaby,-36.75,147.75,3
Victoria,VIC,Notamacropus rufogriseus,Red-necked Wallaby,Wallaby,-36.5,142.0,2
Victoria,VIC,Notamacropus rufogriseus,Red-necked Wallaby,Wallaby,-36.5,147.75,1
Victoria,VIC,Notamacropus rufogriseus,Red-necked Wallaby,Wallaby,-36.5,148.25,3
Victoria,VIC,Osphranter rufus,Red Kangaroo,Kangaroo,-35.5,142.0,3
Victoria,VIC,Osphranter rufus,Red Kangaroo,Kangaroo,-35.25,142.0,1
Victoria,VIC,Osphranter rufus,Red Kangaroo,Kangaroo,-35.25,143.0,2
Victoria,VIC,Osphranter rufus,Red Kangaroo,Kangaroo,-35.0,141.75,7
Victoria,VIC,Osphranter rufus,Red Kangaroo,Kangaroo,-35.0,142.0,1
Victoria,VIC,Osphranter rufus,Red Kangaroo,Kangaroo,-35.0,142.5,1
Victoria,VIC,Osphranter rufus,Red Kangaroo,Kangaroo,-34.75,142.0,3
Victoria,VIC,Osphranter rufus,Red Kangaroo,Kangaroo,-34.75,142.25,12
Victoria,VIC,Osphranter rufus,Red Kangaroo,Kangaroo,-34.5,141.0,1
Victoria,VIC,Osphranter rufus,Red Kangaroo,Kangaroo,-34.25,141.25,3
Victoria,VIC,Osphranter rufus,Red Kangaroo,Kangaroo,-34.25,141.75,1
Victoria,VIC,Osphranter rufus,Red Kangaroo,Kangaroo,-34.25,142.0,4
Victoria,VIC,Osphranter rufus,Red Kangaroo,Kangaroo,-34.25,142.25,2
Victoria,VIC,Wallabia bicolor,Swamp Wallaby,Wallaby,-39.0,143.5,1
Victoria,VIC,Wallabia bicolor,Swamp Wallaby,Wallaby,-39.0,146.0,7
Victoria,VIC,Wallabia bicolor,Swamp Wallaby,Wallaby,-39.0,146.25,227
Victoria,VIC,Wallabia bicolor,Swamp Wallaby,Wallaby,-39.0,146.5,10
Victoria,VIC,Wallabia bicolor,Swamp Wallaby,Wallaby,-38.75,143.0,7
Victoria,VIC,Wallabia bicolor,Swamp Wallaby,Wallaby,-38.75,143.25,11
Victoria,VIC,Wallabia bicolor,Swamp Wallaby,Wallaby,-38.75,143.5,67
Victoria,VIC,Wallabia bicolor,Swamp Wallaby,Wallaby,-38.75,143.75,23
Victoria,VIC,Wallabia bicolor,Swamp Wallaby,Wallaby,-38.75,145.5,8
Victoria,VIC,Wallabia bicolor,Swamp Wallaby,Wallaby,-38.75,145.75,5
Victoria,VIC,Wallabia bicolor,Swamp Wallaby,Wallaby,-38.75,146.0,42
Victoria,VIC,Wallabia bicolor,Swamp Wallaby,Wallaby,-38.75,146.25,663
Victoria,VIC,Wallabia bicolor,Swamp Wallaby,Wallaby,-38.75,146.5,1
Victoria,VIC,Wallabia bicolor,Swamp Wallaby,Wallaby,-38.5,141.5,15
Victoria,VIC,Wallabia bicolor,Swamp Wallaby,Wallaby,-38.5,141.75,5
Victoria,VIC,Wallabia bicolor,Swamp Wallaby,Wallaby,-38.5,142.25,92
Victoria,VIC,Wallabia bicolor,Swamp Wallaby,Wallaby,-38.5,142.5,8
Victoria,VIC,Wallabia bicolor,Swamp Wallaby,Wallaby,-38.5,142.75,5
Victoria,VIC,Wallabia bicolor,Swamp Wallaby,Wallaby,-38.5,143.0,12
Victoria,VIC,Wallabia bicolor,Swamp Wallaby,Wallaby,-38.5,143.25,1
Victoria,VIC,Wallabia bicolor,Swamp Wallaby,Wallaby,-38.5,143.5,5
Victoria,VIC,Wallabia bicolor,Swamp Wallaby,Wallaby,-38.5,143.75,6
Victoria,VIC,Wallabia bicolor,Swamp Wallaby,Wallaby,-38.5,144.0,18
Victoria,VIC,Wallabia bicolor,Swamp Wallaby,Wallaby,-38.5,144.25,10
Victoria,VIC,Wallabia bicolor,Swamp Wallaby,Wallaby,-38.5,144.75,4
Victoria,VIC,Wallabia bicolor,Swamp Wallaby,Wallaby,-38.5,145.0,105
Victoria,VIC,Wallabia bicolor,Swamp Wallaby,Wallaby,-38.5,145.25,503
Victoria,VIC,Wallabia bicolor,Swamp Wallaby,Wallaby,-38.5,145.5,7
Victoria,VIC,Wallabia bicolor,Swamp Wallaby,Wallaby,-38.5,145.75,1
Victoria,VIC,Wallabia bicolor,Swamp Wallaby,Wallaby,-38.5,146.0,1
Victoria,VIC,Wallabia bicolor,Swamp Wallaby,Wallaby,-38.5,146.25,4
Victoria,VIC,Wallabia bicolor,Swamp Wallaby,Wallaby,-38.5,146.5,6
Victoria,VIC,Wallabia bicolor,Swamp Wallaby,Wallaby,-38.5,146.75,1
Victoria,VIC,Wallabia bicolor,Swamp Wallaby,Wallaby,-38.25,141.5,16
Victoria,VIC,Wallabia bicolor,Swamp Wallaby,Wallaby,-38.25,141.75,8
Victoria,VIC,Wallabia bicolor,Swamp Wallaby,Wallaby,-38.25,142.0,3
Victoria,VIC,Wallabia bicolor,Swamp Wallaby,Wallaby,-38.25,142.25,48
Victoria,VIC,Wallabia bicolor,Swamp Wallaby,Wallaby,-38.25,142.5,4
Victoria,VIC,Wallabia bicolor,Swamp Wallaby,Wallaby,-38.25,142.75,9
Victoria,VIC,Wallabia bicolor,Swamp Wallaby,Wallaby,-38.25,143.25,9
Victoria,VIC,Wallabia bicolor,Swamp Wallaby,Wallaby,-38.25,143.5,4
Victoria,VIC,Wallabia bicolor,Swamp Wallaby,Wallaby,-38.25,144.0,1
Victoria,VIC,Wallabia bicolor,Swamp Wallaby,Wallaby,-38.25,144.25,50
Victoria,VIC,Wallabia bicolor,Swamp Wallaby,Wallaby,-38.25,144.5,42
Victoria,VIC,Wallabia bicolor,Swamp Wallaby,Wallaby,-38.25,144.75,35
Victoria,VIC,Wallabia bicolor,Swamp Wallaby,Wallaby,-38.25,145.0,212
Victoria,VIC,Wallabia bicolor,Swamp Wallaby,Wallaby,-38.25,145.25,442
Victoria,VIC,Wallabia bicolor,Swamp Wallaby,Wallaby,-38.25,145.5,4
Victoria,VIC,Wallabia bicolor,Swamp Wallaby,Wallaby,-38.25,145.75,4
Victoria,VIC,Wallabia bicolor,Swamp Wallaby,Wallaby,-38.25,146.0,2
Victoria,VIC,Wallabia bicolor,Swamp Wallaby,Wallaby,-38.25,146.25,13
Victoria,VIC,Wallabia bicolor,Swamp Wallaby,Wallaby,-38.25,146.5,102
Victoria,VIC,Wallabia bicolor,Swamp Wallaby,Wallaby,-38.25,146.75,1
Victoria,VIC,Wallabia bicolor,Swamp Wallaby,Wallaby,-38.25,147.0,1
Victoria,VIC,Wallabia bicolor,Swamp Wallaby,Wallaby,-38.25,147.25,1
Victoria,VIC,Wallabia bicolor,Swamp Wallaby,Wallaby,-38.0,141.0,18
Victoria,VIC,Wallabia bicolor,Swamp Wallaby,Wallaby,-38.0,141.25,12
Victoria,VIC,Wallabia bicolor,Swamp Wallaby,Wallaby,-38.0,141.5,6
Victoria,VIC,Wallabia bicolor,Swamp Wallaby,Wallaby,-38.0,141.75,11
Victoria,VIC,Wallabia bicolor,Swamp Wallaby,Wallaby,-38.0,142.0,30
Victoria,VIC,Wallabia bicolor,Swamp Wallaby,Wallaby,-38.0,142.25,5
Victoria,VIC,Wallabia bicolor,Swamp Wallaby,Wallaby,-38.0,143.25,1
Victoria,VIC,Wallabia bicolor,Swamp Wallaby,Wallaby,-38.0,144.0,7
Victoria,VIC,Wallabia bicolor,Swamp Wallaby,Wallaby,-38.0,144.25,21
Victoria,VIC,Wallabia bicolor,Swamp Wallaby,Wallaby,-38.0,144.5,66
Victoria,VIC,Wallabia bicolor,Swamp Wallaby,Wallaby,-38.0,144.75,5
Victoria,VIC,Wallabia bicolor,Swamp Wallaby,Wallaby,-38.0,145.0,1
Victoria,VIC,Wallabia bicolor,Swamp Wallaby,Wallaby,-38.0,145.25,251
Victoria,VIC,Wallabia bicolor,Swamp Wallaby,Wallaby,-38.0,145.5,278
Victoria,VIC,Wallabia bicolor,Swamp Wallaby,Wallaby,-38.0,145.75,55
Victoria,VIC,Wallabia bicolor,Swamp Wallaby,Wallaby,-38.0,146.0,1
Victoria,VIC,Wallabia bicolor,Swamp Wallaby,Wallaby,-38.0,146.25,4
Victoria,VIC,Wallabia bicolor,Swamp Wallaby,Wallaby,-38.0,146.5,9
Victoria,VIC,Wallabia bicolor,Swamp Wallaby,Wallaby,-38.0,146.75,1
Victoria,VIC,Wallabia bicolor,Swamp Wallaby,Wallaby,-38.0,147.5,4
Victoria,VIC,Wallabia bicolor,Swamp Wallaby,Wallaby,-38.0,147.75,9
Victoria,VIC,Wallabia bicolor,Swamp Wallaby,Wallaby,-38.0,148.0,2
Victoria,VIC,Wallabia bicolor,Swamp Wallaby,Wallaby,-37.75,141.0,1
Victoria,VIC,Wallabia bicolor,Swamp Wallaby,Wallaby,-37.75,141.25,1
Victoria,VIC,Wallabia bicolor,Swamp Wallaby,Wallaby,-37.75,141.5,2
Victoria,VIC,Wallabia bicolor,Swamp Wallaby,Wallaby,-37.75,141.75,2
Victoria,VIC,Wallabia bicolor,Swamp Wallaby,Wallaby,-37.75,142.0,16
Victoria,VIC,Wallabia bicolor,Swamp Wallaby,Wallaby,-37.75,142.25,14
Victoria,VIC,Wallabia bicolor,Swamp Wallaby,Wallaby,-37.75,143.25,2
Victoria,VIC,Wallabia bicolor,Swamp Wallaby,Wallaby,-37.75,143.5,14
Victoria,VIC,Wallabia bicolor,Swamp Wallaby,Wallaby,-37.75,143.75,13
Victoria,VIC,Wallabia bicolor,Swamp Wallaby,Wallaby,-37.75,144.0,197
Victoria,VIC,Wallabia bicolor,Swamp Wallaby,Wallaby,-37.75,144.25,81
Victoria,VIC,Wallabia bicolor,Swamp Wallaby,Wallaby,-37.75,144.5,16
Victoria,VIC,Wallabia bicolor,Swamp Wallaby,Wallaby,-37.75,144.75,52
Victoria,VIC,Wallabia bicolor,Swamp Wallaby,Wallaby,-37.75,145.0,81
Victoria,VIC,Wallabia bicolor,Swamp Wallaby,Wallaby,-37.75,145.25,159
Victoria,VIC,Wallabia bicolor,Swamp Wallaby,Wallaby,-37.75,145.5,110
Victoria,VIC,Wallabia bicolor,Swamp Wallaby,Wallaby,-37.75,145.75,1
Victoria,VIC,Wallabia bicolor,Swamp Wallaby,Wallaby,-37.75,146.5,1
Victoria,VIC,Wallabia bicolor,Swamp Wallaby,Wallaby,-37.75,146.75,3
Victoria,VIC,Wallabia bicolor,Swamp Wallaby,Wallaby,-37.75,147.0,1
Victoria,VIC,Wallabia bicolor,Swamp Wallaby,Wallaby,-37.75,147.25,5
Victoria,VIC,Wallabia bicolor,Swamp Wallaby,Wallaby,-37.75,147.5,1
Victoria,VIC,Wallabia bicolor,Swamp Wallaby,Wallaby,-37.75,147.75,2
Victoria,VIC,Wallabia bicolor,Swamp Wallaby,Wallaby,-37.75,148.0,5
Victoria,VIC,Wallabia bicolor,Swamp Wallaby,Wallaby,-37.75,148.25,13
Victoria,VIC,Wallabia bicolor,Swamp Wallaby,Wallaby,-37.75,148.5,2
Victoria,VIC,Wallabia bicolor,Swamp Wallaby,Wallaby,-37.75,148.75,4
Victoria,VIC,Wallabia bicolor,Swamp Wallaby,Wallaby,-37.75,149.0,1
Victoria,VIC,Wallabia bicolor,Swamp Wallaby,Wallaby,-37.75,149.25,2
Victoria,VIC,Wallabia bicolor,Swamp Wallaby,Wallaby,-37.5,141.75,2
Victoria,VIC,Wallabia bicolor,Swamp Wallaby,Wallaby,-37.5,142.0,4
Victoria,VIC,Wallabia bicolor,Swamp Wallaby,Wallaby,-37.5,142.25,36
Victoria,VIC,Wallabia bicolor,Swamp Wallaby,Wallaby,-37.5,142.5,7
Victoria,VIC,Wallabia bicolor,Swamp Wallaby,Wallaby,-37.5,143.25,2
Victoria,VIC,Wallabia bicolor,Swamp Wallaby,Wallaby,-37.5,143.75,7
Victoria,VIC,Wallabia bicolor,Swamp Wallaby,Wallaby,-37.5,144.0,21
Victoria,VIC,Wallabia bicolor,Swamp Wallaby,Wallaby,-37.5,144.25,521
Victoria,VIC,Wallabia bicolor,Swamp Wallaby,Wallaby,-37.5,144.5,23
Victoria,VIC,Wallabia bicolor,Swamp Wallaby,Wallaby,-37.5,144.75,31
Victoria,VIC,Wallabia bicolor,Swamp Wallaby,Wallaby,-37.5,145.0,14
Victoria,VIC,Wallabia bicolor,Swamp Wallaby,Wallaby,-37.5,145.25,13
Victoria,VIC,Wallabia bicolor,Swamp Wallaby,Wallaby,-37.5,145.5,12
Victoria,VIC,Wallabia bicolor,Swamp Wallaby,Wallaby,-37.5,145.75,9
Victoria,VIC,Wallabia bicolor,Swamp Wallaby,Wallaby,-37.5,146.5,2
Victoria,VIC,Wallabia bicolor,Swamp Wallaby,Wallaby,-37.5,148.25,7
Victoria,VIC,Wallabia bicolor,Swamp Wallaby,Wallaby,-37.5,149.25,1
Victoria,VIC,Wallabia bicolor,Swamp Wallaby,Wallaby,-37.5,149.5,1
Victoria,VIC,Wallabia bicolor,Swamp Wallaby,Wallaby,-37.25,141.75,1
Victoria,VIC,Wallabia bicolor,Swamp Wallaby,Wallaby,-37.25,142.0,2
Victoria,VIC,Wallabia bicolor,Swamp Wallaby,Wallaby,-37.25,142.25,6
Victoria,VIC,Wallabia bicolor,Swamp Wallaby,Wallaby,-37.25,142.5,84
Victoria,VIC,Wallabia bicolor,Swamp Wallaby,Wallaby,-37.25,142.75,6
Victoria,VIC,Wallabia bicolor,Swamp Wallaby,Wallaby,-37.25,143.0,6
Victoria,VIC,Wallabia bicolor,Swamp Wallaby,Wallaby,-37.25,143.25,15
Victoria,VIC,Wallabia bicolor,Swamp Wallaby,Wallaby,-37.25,143.5,5
Victoria,VIC,Wallabia bicolor,Swamp Wallaby,Wallaby,-37.25,143.75,4
Victoria,VIC,Wallabia bicolor,Swamp Wallaby,Wallaby,-37.25,144.0,7
Victoria,VIC,Wallabia bicolor,Swamp Wallaby,Wallaby,-37.25,144.25,15
Victoria,VIC,Wallabia bicolor,Swamp Wallaby,Wallaby,-37.25,144.5,6
Victoria,VIC,Wallabia bicolor,Swamp Wallaby,Wallaby,-37.25,144.75,12
Victoria,VIC,Wallabia bicolor,Swamp Wallaby,Wallaby,-37.25,145.0,6
Victoria,VIC,Wallabia bicolor,Swamp Wallaby,Wallaby,-37.25,145.25,2
Victoria,VIC,Wallabia bicolor,Swamp Wallaby,Wallaby,-37.25,145.5,7
Victoria,VIC,Wallabia bicolor,Swamp Wallaby,Wallaby,-37.25,145.75,9
Victoria,VIC,Wallabia bicolor,Swamp Wallaby,Wallaby,-37.25,146.25,1
Victoria,VIC,Wallabia bicolor,Swamp Wallaby,Wallaby,-37.25,147.5,2
Victoria,VIC,Wallabia bicolor,Swamp Wallaby,Wallaby,-37.25,147.75,1
Victoria,VIC,Wallabia bicolor,Swamp Wallaby,Wallaby,-37.0,141.75,8
Victoria,VIC,Wallabia bicolor,Swamp Wallaby,Wallaby,-37.0,142.0,1
Victoria,VIC,Wallabia bicolor,Swamp Wallaby,Wallaby,-37.0,142.25,3
Victoria,VIC,Wallabia bicolor,Swamp Wallaby,Wallaby,-37.0,142.5,71
Victoria,VIC,Wallabia bicolor,Swamp Wallaby,Wallaby,-37.0,142.75,1
Victoria,VIC,Wallabia bicolor,Swamp Wallaby,Wallaby,-37.0,143.25,2
Victoria,VIC,Wallabia bicolor,Swamp Wallaby,Wallaby,-37.0,143.5,2
Victoria,VIC,Wallabia bicolor,Swamp Wallaby,Wallaby,-37.0,144.0,2
Victoria,VIC,Wallabia bicolor,Swamp Wallaby,Wallaby,-37.0,144.25,15
Victoria,VIC,Wallabia bicolor,Swamp Wallaby,Wallaby,-37.0,144.75,3
Victoria,VIC,Wallabia bicolor,Swamp Wallaby,Wallaby,-37.0,145.0,6
Victoria,VIC,Wallabia bicolor,Swamp Wallaby,Wallaby,-37.0,145.25,14
Victoria,VIC,Wallabia bicolor,Swamp Wallaby,Wallaby,-37.0,145.5,9
Victoria,VIC,Wallabia bicolor,Swamp Wallaby,Wallaby,-37.0,145.75,1
Victoria,VIC,Wallabia bicolor,Swamp Wallaby,Wallaby,-37.0,147.0,1
Victoria,VIC,Wallabia bicolor,Swamp Wallaby,Wallaby,-37.0,147.25,1
Victoria,VIC,Wallabia bicolor,Swamp Wallaby,Wallaby,-37.0,147.5,1
Victoria,VIC,Wallabia bicolor,Swamp Wallaby,Wallaby,-37.0,148.25,1
Victoria,VIC,Wallabia bicolor,Swamp Wallaby,Wallaby,-36.75,141.75,19
Victoria,VIC,Wallabia bicolor,Swamp Wallaby,Wallaby,-36.75,142.75,1
Victoria,VIC,Wallabia bicolor,Swamp Wallaby,Wallaby,-36.75,143.0,1
Victoria,VIC,Wallabia bicolor,Swamp Wallaby,Wallaby,-36.75,143.25,4
Victoria,VIC,Wallabia bicolor,Swamp Wallaby,Wallaby,-36.75,143.5,10
Victoria,VIC,Wallabia bicolor,Swamp Wallaby,Wallaby,-36.75,143.75,8
Victoria,VIC,Wallabia bicolor,Swamp Wallaby,Wallaby,-36.75,144.25,14
Victoria,VIC,Wallabia bicolor,Swamp Wallaby,Wallaby,-36.75,144.5,3
Victoria,VIC,Wallabia bicolor,Swamp Wallaby,Wallaby,-36.75,144.75,2
Victoria,VIC,Wallabia bicolor,Swamp Wallaby,Wallaby,-36.75,145.0,14
Victoria,VIC,Wallabia bicolor,Swamp Wallaby,Wallaby,-36.75,145.5,7
Victoria,VIC,Wallabia bicolor,Swamp Wallaby,Wallaby,-36.75,145.75,1
Victoria,VIC,Wallabia bicolor,Swamp Wallaby,Wallaby,-36.75,146.25,1
Victoria,VIC,Wallabia bicolor,Swamp Wallaby,Wallaby,-36.75,147.0,1
Victoria,VIC,Wallabia bicolor,Swamp Wallaby,Wallaby,-36.75,147.25,3
Victoria,VIC,Wallabia bicolor,Swamp Wallaby,Wallaby,-36.5,141.0,1
Victoria,VIC,Wallabia bicolor,Swamp Wallaby,Wallaby,-36.5,141.25,1
Victoria,VIC,Wallabia bicolor,Swamp Wallaby,Wallaby,-36.5,141.75,4
Victoria,VIC,Wallabia bicolor,Swamp Wallaby,Wallaby,-36.5,142.0,18
Victoria,VIC,Wallabia bicolor,Swamp Wallaby,Wallaby,-36.5,143.5,3
Victoria,VIC,Wallabia bicolor,Swamp Wallaby,Wallaby,-36.5,143.75,12
Victoria,VIC,Wallabia bicolor,Swamp Wallaby,Wallaby,-36.5,144.25,15
Victoria,VIC,Wallabia bicolor,Swamp Wallaby,Wallaby,-36.5,144.5,3
Victoria,VIC,Wallabia bicolor,Swamp Wallaby,Wallaby,-36.5,145.0,1
Victoria,VIC,Wallabia bicolor,Swamp Wallaby,Wallaby,-36.5,145.75,15
Victoria,VIC,Wallabia bicolor,Swamp Wallaby,Wallaby,-36.5,146.0,8
Victoria,VIC,Wallabia bicolor,Swamp Wallaby,Wallaby,-36.5,146.25,1
Victoria,VIC,Wallabia bicolor,Swamp Wallaby,Wallaby,-36.5,146.5,3
Victoria,VIC,Wallabia bicolor,Swamp Wallaby,Wallaby,-36.5,146.75,1
Victoria,VIC,Wallabia bicolor,Swamp Wallaby,Wallaby,-36.25,141.0,1
Victoria,VIC,Wallabia bicolor,Swamp Wallaby,Wallaby,-36.25,141.75,2
Victoria,VIC,Wallabia bicolor,Swamp Wallaby,Wallaby,-36.25,142.0,1
Victoria,VIC,Wallabia bicolor,Swamp Wallaby,Wallaby,-36.25,142.5,3
Victoria,VIC,Wallabia bicolor,Swamp Wallaby,Wallaby,-36.25,143.0,1
Victoria,VIC,Wallabia bicolor,Swamp Wallaby,Wallaby,-36.25,143.5,2
Victoria,VIC,Wallabia bicolor,Swamp Wallaby,Wallaby,-36.25,144.25,14
Victoria,VIC,Wallabia bicolor,Swamp Wallaby,Wallaby,-36.25,144.5,1
Victoria,VIC,Wallabia bicolor,Swamp Wallaby,Wallaby,-36.25,146.25,10
Victoria,VIC,Wallabia bicolor,Swamp Wallaby,Wallaby,-36.25,146.5,7
Victoria,VIC,Wallabia bicolor,Swamp Wallaby,Wallaby,-36.25,146.75,50
Victoria,VIC,Wallabia bicolor,Swamp Wallaby,Wallaby,-36.25,147.0,8
Victoria,VIC,Wallabia bicolor,Swamp Wallaby,Wallaby,-36.25,147.25,1
Victoria,VIC,Wallabia bicolor,Swamp Wallaby,Wallaby,-36.25,148.0,1
Victoria,VIC,Wallabia bicolor,Swamp Wallaby,Wallaby,-36.0,142.5,5
Victoria,VIC,Wallabia bicolor,Swamp Wallaby,Wallaby,-36.0,144.25,4
Victoria,VIC,Wallabia bicolor,Swamp Wallaby,Wallaby,-36.0,144.5,1
Victoria,VIC,Wallabia bicolor,Swamp Wallaby,Wallaby,-36.0,144.75,1
Victoria,VIC,Wallabia bicolor,Swamp Wallaby,Wallaby,-36.0,145.0,1
Victoria,VIC,Wallabia bicolor,Swamp Wallaby,Wallaby,-36.0,145.5,3
Victoria,VIC,Wallabia bicolor,Swamp Wallaby,Wallaby,-36.0,146.0,6
Victoria,VIC,Wallabia bicolor,Swamp Wallaby,Wallaby,-36.0,146.75,5
Victoria,VIC,Wallabia bicolor,Swamp Wallaby,Wallaby,-36.0,147.0,2
Victoria,VIC,Wallabia bicolor,Swamp Wallaby,Wallaby,-36.0,147.5,1
Victoria,VIC,Wallabia bicolor,Swamp Wallaby,Wallaby,-36.0,148.0,1
Victoria,VIC,Wallabia bicolor,Swamp Wallaby,Wallaby,-35.75,143.5,2
Victoria,VIC,Wallabia bicolor,Swamp Wallaby,Wallaby,-35.75,143.75,2
Victoria,VIC,Wallabia bicolor,Swamp Wallaby,Wallaby,-35.75,144.25,1
Victoria,VIC,Wallabia bicolor,Swamp Wallaby,Wallaby,-35.5,142.75,1
Victoria,VIC,Wallabia bicolor,Swamp Wallaby,Wallaby,-35.5,144.0,1
Victoria,VIC,Wallabia bicolor,Swamp Wallaby,Wallaby,-34.75,142.25,6
Victoria,VIC,Wallabia bicolor,Swamp Wallaby,Wallaby,-34.75,142.5,1
Western Australia,WA,Macropus fuliginosus,Western Grey Kangaroo,Kangaroo,-35.0,116.5,3
Western Australia,WA,Macropus fuliginosus,Western Grey Kangaroo,Kangaroo,-35.0,116.75,29
Western Australia,WA,Macropus fuliginosus,Western Grey Kangaroo,Kangaroo,-35.0,117.0,4
Western Australia,WA,Macropus fuliginosus,Western Grey Kangaroo,Kangaroo,-35.0,117.25,29
Western Australia,WA,Macropus fuliginosus,Western Grey Kangaroo,Kangaroo,-35.0,117.5,2
Western Australia,WA,Macropus fuliginosus,Western Grey Kangaroo,Kangaroo,-35.0,117.75,11
Western Australia,WA,Macropus fuliginosus,Western Grey Kangaroo,Kangaroo,-35.0,118.0,14
Western Australia,WA,Macropus fuliginosus,Western Grey Kangaroo,Kangaroo,-35.0,118.25,6
Western Australia,WA,Macropus fuliginosus,Western Grey Kangaroo,Kangaroo,-35.0,118.5,112
Western Australia,WA,Macropus fuliginosus,Western Grey Kangaroo,Kangaroo,-34.75,116.0,15
Western Australia,WA,Macropus fuliginosus,Western Grey Kangaroo,Kangaroo,-34.75,116.5,3
Western Australia,WA,Macropus fuliginosus,Western Grey Kangaroo,Kangaroo,-34.75,116.75,7
Western Australia,WA,Macropus fuliginosus,Western Grey Kangaroo,Kangaroo,-34.75,117.0,6
Western Australia,WA,Macropus fuliginosus,Western Grey Kangaroo,Kangaroo,-34.75,117.25,1
Western Australia,WA,Macropus fuliginosus,Western Grey Kangaroo,Kangaroo,-34.75,117.75,9
Western Australia,WA,Macropus fuliginosus,Western Grey Kangaroo,Kangaroo,-34.75,118.0,7
Western Australia,WA,Macropus fuliginosus,Western Grey Kangaroo,Kangaroo,-34.75,118.25,9
Western Australia,WA,Macropus fuliginosus,Western Grey Kangaroo,Kangaroo,-34.75,118.5,5
Western Australia,WA,Macropus fuliginosus,Western Grey Kangaroo,Kangaroo,-34.5,115.75,10
Western Australia,WA,Macropus fuliginosus,Western Grey Kangaroo,Kangaroo,-34.5,116.0,8
Western Australia,WA,Macropus fuliginosus,Western Grey Kangaroo,Kangaroo,-34.5,116.25,2
Western Australia,WA,Macropus fuliginosus,Western Grey Kangaroo,Kangaroo,-34.5,116.5,1
Western Australia,WA,Macropus fuliginosus,Western Grey Kangaroo,Kangaroo,-34.5,117.25,2
Western Australia,WA,Macropus fuliginosus,Western Grey Kangaroo,Kangaroo,-34.5,118.0,3
Western Australia,WA,Macropus fuliginosus,Western Grey Kangaroo,Kangaroo,-34.5,118.5,6
Western Australia,WA,Macropus fuliginosus,Western Grey Kangaroo,Kangaroo,-34.5,118.75,1
Western Australia,WA,Macropus fuliginosus,Western Grey Kangaroo,Kangaroo,-34.5,119.25,7
Western Australia,WA,Macropus fuliginosus,Western Grey Kangaroo,Kangaroo,-34.5,119.5,6
Western Australia,WA,Macropus fuliginosus,Western Grey Kangaroo,Kangaroo,-34.25,115.0,3
Western Australia,WA,Macropus fuliginosus,Western Grey Kangaroo,Kangaroo,-34.25,115.25,5
Western Australia,WA,Macropus fuliginosus,Western Grey Kangaroo,Kangaroo,-34.25,116.25,4
Western Australia,WA,Macropus fuliginosus,Western Grey Kangaroo,Kangaroo,-34.25,116.5,1
Western Australia,WA,Macropus fuliginosus,Western Grey Kangaroo,Kangaroo,-34.25,117.5,1
Western Australia,WA,Macropus fuliginosus,Western Grey Kangaroo,Kangaroo,-34.25,117.75,1
Western Australia,WA,Macropus fuliginosus,Western Grey Kangaroo,Kangaroo,-34.25,118.0,3
Western Australia,WA,Macropus fuliginosus,Western Grey Kangaroo,Kangaroo,-34.25,118.25,3
Western Australia,WA,Macropus fuliginosus,Western Grey Kangaroo,Kangaroo,-34.25,119.25,2
Western Australia,WA,Macropus fuliginosus,Western Grey Kangaroo,Kangaroo,-34.25,119.5,14
Western Australia,WA,Macropus fuliginosus,Western Grey Kangaroo,Kangaroo,-34.0,115.0,33
Western Australia,WA,Macropus fuliginosus,Western Grey Kangaroo,Kangaroo,-34.0,115.5,1
Western Australia,WA,Macropus fuliginosus,Western Grey Kangaroo,Kangaroo,-34.0,115.75,11
Western Australia,WA,Macropus fuliginosus,Western Grey Kangaroo,Kangaroo,-34.0,116.0,18
Western Australia,WA,Macropus fuliginosus,Western Grey Kangaroo,Kangaroo,-34.0,116.25,5
Western Australia,WA,Macropus fuliginosus,Western Grey Kangaroo,Kangaroo,-34.0,117.0,1
Western Australia,WA,Macropus fuliginosus,Western Grey Kangaroo,Kangaroo,-34.0,120.0,10
Western Australia,WA,Macropus fuliginosus,Western Grey Kangaroo,Kangaroo,-34.0,122.0,3
Western Australia,WA,Macropus fuliginosus,Western Grey Kangaroo,Kangaroo,-34.0,122.25,25
Western Australia,WA,Macropus fuliginosus,Western Grey Kangaroo,Kangaroo,-34.0,123.25,1
Western Australia,WA,Macropus fuliginosus,Western Grey Kangaroo,Kangaroo,-33.75,115.0,27
Western Australia,WA,Macropus fuliginosus,Western Grey Kangaroo,Kangaroo,-33.75,115.25,13
Western Australia,WA,Macropus fuliginosus,Western Grey Kangaroo,Kangaroo,-33.75,115.5,30
Western Australia,WA,Macropus fuliginosus,Western Grey Kangaroo,Kangaroo,-33.75,115.75,1
Western Australia,WA,Macropus fuliginosus,Western Grey Kangaroo,Kangaroo,-33.75,116.0,11
Western Australia,WA,Macropus fuliginosus,Western Grey Kangaroo,Kangaroo,-33.75,116.25,1
Western Australia,WA,Macropus fuliginosus,Western Grey Kangaroo,Kangaroo,-33.75,117.25,1
Western Australia,WA,Macropus fuliginosus,Western Grey Kangaroo,Kangaroo,-33.75,119.25,1
Western Australia,WA,Macropus fuliginosus,Western Grey Kangaroo,Kangaroo,-33.75,119.5,1
Western Australia,WA,Macropus fuliginosus,Western Grey Kangaroo,Kangaroo,-33.75,119.75,1
Western Australia,WA,Macropus fuliginosus,Western Grey Kangaroo,Kangaroo,-33.75,121.25,3
Western Australia,WA,Macropus fuliginosus,Western Grey Kangaroo,Kangaroo,-33.75,122.0,3
Western Australia,WA,Macropus fuliginosus,Western Grey Kangaroo,Kangaroo,-33.5,115.0,11
Western Australia,WA,Macropus fuliginosus,Western Grey Kangaroo,Kangaroo,-33.5,115.5,13
Western Australia,WA,Macropus fuliginosus,Western Grey Kangaroo,Kangaroo,-33.5,115.75,13
Western Australia,WA,Macropus fuliginosus,Western Grey Kangaroo,Kangaroo,-33.5,116.25,6
Western Australia,WA,Macropus fuliginosus,Western Grey Kangaroo,Kangaroo,-33.5,116.75,1
Western Australia,WA,Macropus fuliginosus,Western Grey Kangaroo,Kangaroo,-33.5,117.0,1
Western Australia,WA,Macropus fuliginosus,Western Grey Kangaroo,Kangaroo,-33.5,119.25,1
Western Australia,WA,Macropus fuliginosus,Western Grey Kangaroo,Kangaroo,-33.5,119.75,1
Western Australia,WA,Macropus fuliginosus,Western Grey Kangaroo,Kangaroo,-33.5,120.0,2
Western Australia,WA,Macropus fuliginosus,Western Grey Kangaroo,Kangaroo,-33.25,115.5,9
Western Australia,WA,Macropus fuliginosus,Western Grey Kangaroo,Kangaroo,-33.25,115.75,16
Western Australia,WA,Macropus fuliginosus,Western Grey Kangaroo,Kangaroo,-33.25,116.25,1
Western Australia,WA,Macropus fuliginosus,Western Grey Kangaroo,Kangaroo,-33.25,116.5,1
Western Australia,WA,Macropus fuliginosus,Western Grey Kangaroo,Kangaroo,-33.0,115.75,4
Western Australia,WA,Macropus fuliginosus,Western Grey Kangaroo,Kangaroo,-33.0,116.0,1
Western Australia,WA,Macropus fuliginosus,Western Grey Kangaroo,Kangaroo,-33.0,116.25,2
Western Australia,WA,Macropus fuliginosus,Western Grey Kangaroo,Kangaroo,-33.0,117.25,3
Western Australia,WA,Macropus fuliginosus,Western Grey Kangaroo,Kangaroo,-33.0,118.25,1
Western Australia,WA,Macropus fuliginosus,Western Grey Kangaroo,Kangaroo,-32.75,115.5,1
Western Australia,WA,Macropus fuliginosus,Western Grey Kangaroo,Kangaroo,-32.75,115.75,17
Western Australia,WA,Macropus fuliginosus,Western Grey Kangaroo,Kangaroo,-32.75,116.0,8
Western Australia,WA,Macropus fuliginosus,Western Grey Kangaroo,Kangaroo,-32.75,116.75,1
Western Australia,WA,Macropus fuliginosus,Western Grey Kangaroo,Kangaroo,-32.75,117.0,163
Western Australia,WA,Macropus fuliginosus,Western Grey Kangaroo,Kangaroo,-32.75,117.25,1
Western Australia,WA,Macropus fuliginosus,Western Grey Kangaroo,Kangaroo,-32.75,119.0,2
Western Australia,WA,Macropus fuliginosus,Western Grey Kangaroo,Kangaroo,-32.5,115.75,62
Western Australia,WA,Macropus fuliginosus,Western Grey Kangaroo,Kangaroo,-32.5,116.0,5
Western Australia,WA,Macropus fuliginosus,Western Grey Kangaroo,Kangaroo,-32.5,116.5,2
Western Australia,WA,Macropus fuliginosus,Western Grey Kangaroo,Kangaroo,-32.5,119.0,1
Western Australia,WA,Macropus fuliginosus,Western Grey Kangaroo,Kangaroo,-32.25,115.75,37
Western Australia,WA,Macropus fuliginosus,Western Grey Kangaroo,Kangaroo,-32.25,116.0,52
Western Australia,WA,Macropus fuliginosus,Western Grey Kangaroo,Kangaroo,-32.25,116.25,1
Western Australia,WA,Macropus fuliginosus,Western Grey Kangaroo,Kangaroo,-32.25,116.5,2
Western Australia,WA,Macropus fuliginosus,Western Grey Kangaroo,Kangaroo,-32.0,115.75,5
Western Australia,WA,Macropus fuliginosus,Western Grey Kangaroo,Kangaroo,-32.0,116.0,183
Western Australia,WA,Macropus fuliginosus,Western Grey Kangaroo,Kangaroo,-32.0,116.25,22
Western Australia,WA,Macropus fuliginosus,Western Grey Kangaroo,Kangaroo,-32.0,116.5,3
Western Australia,WA,Macropus fuliginosus,Western Grey Kangaroo,Kangaroo,-32.0,127.0,1
Western Australia,WA,Macropus fuliginosus,Western Grey Kangaroo,Kangaroo,-31.75,115.75,78
Western Australia,WA,Macropus fuliginosus,Western Grey Kangaroo,Kangaroo,-31.75,116.0,64
Western Australia,WA,Macropus fuliginosus,Western Grey Kangaroo,Kangaroo,-31.75,116.25,54
Western Australia,WA,Macropus fuliginosus,Western Grey Kangaroo,Kangaroo,-31.75,116.5,1
Western Australia,WA,Macropus fuliginosus,Western Grey Kangaroo,Kangaroo,-31.75,117.75,1
Western Australia,WA,Macropus fuliginosus,Western Grey Kangaroo,Kangaroo,-31.5,115.75,107
Western Australia,WA,Macropus fuliginosus,Western Grey Kangaroo,Kangaroo,-31.5,116.0,10
Western Australia,WA,Macropus fuliginosus,Western Grey Kangaroo,Kangaroo,-31.5,116.25,24
Western Australia,WA,Macropus fuliginosus,Western Grey Kangaroo,Kangaroo,-31.5,116.5,9
Western Australia,WA,Macropus fuliginosus,Western Grey Kangaroo,Kangaroo,-31.25,115.5,5
Western Australia,WA,Macropus fuliginosus,Western Grey Kangaroo,Kangaroo,-31.25,115.75,1
Western Australia,WA,Macropus fuliginosus,Western Grey Kangaroo,Kangaroo,-31.25,116.25,1
Western Australia,WA,Macropus fuliginosus,Western Grey Kangaroo,Kangaroo,-31.25,116.5,1
Western Australia,WA,Macropus fuliginosus,Western Grey Kangaroo,Kangaroo,-31.0,115.25,1
Western Australia,WA,Macropus fuliginosus,Western Grey Kangaroo,Kangaroo,-31.0,116.75,3
Western Australia,WA,Macropus fuliginosus,Western Grey Kangaroo,Kangaroo,-30.75,116.75,1
Western Australia,WA,Macropus fuliginosus,Western Grey Kangaroo,Kangaroo,-30.75,121.5,12
Western Australia,WA,Macropus fuliginosus,Western Grey Kangaroo,Kangaroo,-30.5,115.0,13
Western Australia,WA,Macropus fuliginosus,Western Grey Kangaroo,Kangaroo,-30.5,115.25,16
Western Australia,WA,Macropus fuliginosus,Western Grey Kangaroo,Kangaroo,-30.5,116.75,1
Western Australia,WA,Macropus fuliginosus,Western Grey Kangaroo,Kangaroo,-30.5,120.75,1
Western Australia,WA,Macropus fuliginosus,Western Grey Kangaroo,Kangaroo,-30.25,115.0,2
Western Australia,WA,Macropus fuliginosus,Western Grey Kangaroo,Kangaroo,-30.25,115.25,15
Western Australia,WA,Macropus fuliginosus,Western Grey Kangaroo,Kangaroo,-30.25,115.5,1
Western Australia,WA,Macropus fuliginosus,Western Grey Kangaroo,Kangaroo,-30.0,115.5,1
Western Australia,WA,Macropus fuliginosus,Western Grey Kangaroo,Kangaroo,-30.0,117.25,2
Western Australia,WA,Macropus fuliginosus,Western Grey Kangaroo,Kangaroo,-30.0,117.5,1
Western Australia,WA,Macropus fuliginosus,Western Grey Kangaroo,Kangaroo,-29.75,115.25,3
Western Australia,WA,Macropus fuliginosus,Western Grey Kangaroo,Kangaroo,-29.5,116.0,1
Western Australia,WA,Macropus fuliginosus,Western Grey Kangaroo,Kangaroo,-29.0,115.5,3
Western Australia,WA,Macropus fuliginosus,Western Grey Kangaroo,Kangaroo,-28.75,114.75,2
Western Australia,WA,Macropus fuliginosus,Western Grey Kangaroo,Kangaroo,-27.75,114.0,1
Western Australia,WA,Macropus fuliginosus,Western Grey Kangaroo,Kangaroo,-27.75,114.25,37
Western Australia,WA,Macropus fuliginosus,Western Grey Kangaroo,Kangaroo,-27.75,114.5,2
Western Australia,WA,Macropus fuliginosus,Western Grey Kangaroo,Kangaroo,-27.75,114.75,3
Western Australia,WA,Macropus fuliginosus,Western Grey Kangaroo,Kangaroo,-27.5,114.5,7
Western Australia,WA,Macropus fuliginosus,Western Grey Kangaroo,Kangaroo,-26.25,113.25,1
Western Australia,WA,Osphranter robustus,Common Wallaroo,Wallaroo,-32.5,116.75,1
Western Australia,WA,Osphranter robustus,Common Wallaroo,Wallaroo,-32.0,116.0,4
Western Australia,WA,Osphranter robustus,Common Wallaroo,Wallaroo,-32.0,117.75,1
Western Australia,WA,Osphranter robustus,Common Wallaroo,Wallaroo,-31.75,116.0,1
Western Australia,WA,Osphranter robustus,Common Wallaroo,Wallaroo,-31.75,116.75,2
Western Australia,WA,Osphranter robustus,Common Wallaroo,Wallaroo,-31.75,117.25,1
Western Australia,WA,Osphranter robustus,Common Wallaroo,Wallaroo,-31.75,117.5,1
Western Australia,WA,Osphranter robustus,Common Wallaroo,Wallaroo,-31.75,117.75,2
Western Australia,WA,Osphranter robustus,Common Wallaroo,Wallaroo,-31.5,116.25,2
Western Australia,WA,Osphranter robustus,Common Wallaroo,Wallaroo,-31.5,116.5,12
Western Australia,WA,Osphranter robustus,Common Wallaroo,Wallaroo,-31.5,119.25,1
Western Australia,WA,Osphranter robustus,Common Wallaroo,Wallaroo,-31.25,117.25,1
Western Australia,WA,Osphranter robustus,Common Wallaroo,Wallaroo,-31.25,117.75,1
Western Australia,WA,Osphranter robustus,Common Wallaroo,Wallaroo,-31.25,118.75,1
Western Australia,WA,Osphranter robustus,Common Wallaroo,Wallaroo,-31.0,116.75,2
Western Australia,WA,Osphranter robustus,Common Wallaroo,Wallaroo,-31.0,117.0,1
Western Australia,WA,Osphranter robustus,Common Wallaroo,Wallaroo,-31.0,117.25,1
Western Australia,WA,Osphranter robustus,Common Wallaroo,Wallaroo,-31.0,117.5,1
Western Australia,WA,Osphranter robustus,Common Wallaroo,Wallaroo,-31.0,121.25,1
Western Australia,WA,Osphranter robustus,Common Wallaroo,Wallaroo,-30.75,118.5,1
Western Australia,WA,Osphranter robustus,Common Wallaroo,Wallaroo,-30.75,121.5,8
Western Australia,WA,Osphranter robustus,Common Wallaroo,Wallaroo,-30.0,121.25,1
Western Australia,WA,Osphranter robustus,Common Wallaroo,Wallaroo,-29.75,116.25,1
Western Australia,WA,Osphranter robustus,Common Wallaroo,Wallaroo,-29.75,117.0,1
Western Australia,WA,Osphranter robustus,Common Wallaroo,Wallaroo,-29.75,117.5,2
Western Australia,WA,Osphranter robustus,Common Wallaroo,Wallaroo,-29.5,117.25,1
Western Australia,WA,Osphranter robustus,Common Wallaroo,Wallaroo,-29.5,117.5,1
Western Australia,WA,Osphranter robustus,Common Wallaroo,Wallaroo,-29.25,116.0,1
Western Australia,WA,Osphranter robustus,Common Wallaroo,Wallaroo,-29.0,115.5,1
Western Australia,WA,Osphranter robustus,Common Wallaroo,Wallaroo,-29.0,116.25,2
Western Australia,WA,Osphranter robustus,Common Wallaroo,Wallaroo,-28.75,117.5,1
Western Australia,WA,Osphranter robustus,Common Wallaroo,Wallaroo,-28.0,120.75,1
Western Australia,WA,Osphranter robustus,Common Wallaroo,Wallaroo,-27.75,114.0,2
Western Australia,WA,Osphranter robustus,Common Wallaroo,Wallaroo,-27.75,114.25,19
Western Australia,WA,Osphranter robustus,Common Wallaroo,Wallaroo,-27.75,114.5,2
Western Australia,WA,Osphranter robustus,Common Wallaroo,Wallaroo,-27.5,114.5,9
Western Australia,WA,Osphranter robustus,Common Wallaroo,Wallaroo,-27.5,118.0,1
Western Australia,WA,Osphranter robustus,Common Wallaroo,Wallaroo,-27.25,120.5,1
Western Australia,WA,Osphranter robustus,Common Wallaroo,Wallaroo,-26.5,114.25,1
Western Australia,WA,Osphranter robustus,Common Wallaroo,Wallaroo,-26.0,113.5,13
Western Australia,WA,Osphranter robustus,Common Wallaroo,Wallaroo,-25.75,113.5,6
Western Australia,WA,Osphranter robustus,Common Wallaroo,Wallaroo,-25.75,113.75,2
Western Australia,WA,Osphranter robustus,Common Wallaroo,Wallaroo,-25.5,122.5,1
Western Australia,WA,Osphranter robustus,Common Wallaroo,Wallaroo,-25.25,114.25,1
Western Australia,WA,Osphranter robustus,Common Wallaroo,Wallaroo,-24.75,113.75,2
Western Australia,WA,Osphranter robustus,Common Wallaroo,Wallaroo,-24.75,115.25,1
Western Australia,WA,Osphranter robustus,Common Wallaroo,Wallaroo,-24.5,113.5,1
Western Australia,WA,Osphranter robustus,Common Wallaroo,Wallaroo,-24.25,113.5,2
Western Australia,WA,Osphranter robustus,Common Wallaroo,Wallaroo,-24.0,113.5,6
Western Australia,WA,Osphranter robustus,Common Wallaroo,Wallaroo,-24.0,114.0,1
Western Australia,WA,Osphranter robustus,Common Wallaroo,Wallaroo,-23.5,113.75,2
Western Australia,WA,Osphranter robustus,Common Wallaroo,Wallaroo,-23.25,113.75,7
Western Australia,WA,Osphranter robustus,Common Wallaroo,Wallaroo,-23.25,119.75,1
Western Australia,WA,Osphranter robustus,Common Wallaroo,Wallaroo,-23.0,113.75,1
Western Australia,WA,Osphranter robustus,Common Wallaroo,Wallaroo,-22.5,113.75,1
Western Australia,WA,Osphranter robustus,Common Wallaroo,Wallaroo,-22.5,114.0,1
Western Australia,WA,Osphranter robustus,Common Wallaroo,Wallaroo,-22.5,115.5,1
Western Australia,WA,Osphranter robustus,Common Wallaroo,Wallaroo,-22.25,113.75,8
Western Australia,WA,Osphranter robustus,Common Wallaroo,Wallaroo,-22.25,114.0,7
Western Australia,WA,Osphranter robustus,Common Wallaroo,Wallaroo,-22.25,117.75,1
Western Australia,WA,Osphranter robustus,Common Wallaroo,Wallaroo,-22.25,120.0,2
Western Australia,WA,Osphranter robustus,Common Wallaroo,Wallaroo,-22.0,114.0,9
Western Australia,WA,Osphranter robustus,Common Wallaroo,Wallaroo,-22.0,120.0,1
Western Australia,WA,Osphranter robustus,Common Wallaroo,Wallaroo,-21.75,114.0,3
Western Australia,WA,Osphranter robustus,Common Wallaroo,Wallaroo,-21.5,117.0,12
Western Australia,WA,Osphranter robustus,Common Wallaroo,Wallaroo,-21.25,119.5,1
Western Australia,WA,Osphranter robustus,Common Wallaroo,Wallaroo,-21.25,119.75,1
Western Australia,WA,Osphranter robustus,Common Wallaroo,Wallaroo,-21.0,115.25,2
Western Australia,WA,Osphranter robustus,Common Wallaroo,Wallaroo,-21.0,115.5,2
Western Australia,WA,Osphranter robustus,Common Wallaroo,Wallaroo,-21.0,116.25,2
Western Australia,WA,Osphranter robustus,Common Wallaroo,Wallaroo,-20.75,115.25,1
Western Australia,WA,Osphranter robustus,Common Wallaroo,Wallaroo,-20.75,115.5,13
Western Australia,WA,Osphranter robustus,Common Wallaroo,Wallaroo,-20.75,116.75,15
Western Australia,WA,Osphranter robustus,Common Wallaroo,Wallaroo,-20.75,118.25,2
Western Australia,WA,Osphranter robustus,Common Wallaroo,Wallaroo,-20.5,115.5,1
Western Australia,WA,Osphranter robustus,Common Wallaroo,Wallaroo,-20.5,116.75,3
Western Australia,WA,Osphranter robustus,Common Wallaroo,Wallaroo,-20.5,118.5,1
Western Australia,WA,Osphranter robustus,Common Wallaroo,Wallaroo,-20.25,118.75,1
Western Australia,WA,Osphranter robustus,Common Wallaroo,Wallaroo,-20.0,119.75,4
Western Australia,WA,Osphranter robustus,Common Wallaroo,Wallaroo,-18.25,127.75,1
Western Australia,WA,Osphranter robustus,Common Wallaroo,Wallaroo,-17.5,126.0,2
Western Australia,WA,Osphranter robustus,Common Wallaroo,Wallaroo,-17.5,128.0,2
Western Australia,WA,Osphranter robustus,Common Wallaroo,Wallaroo,-17.25,128.5,1
Western Australia,WA,Osphranter robustus,Common Wallaroo,Wallaroo,-17.0,125.25,1
Western Australia,WA,Osphranter robustus,Common Wallaroo,Wallaroo,-17.0,126.25,8
Western Australia,WA,Osphranter robustus,Common Wallaroo,Wallaroo,-16.25,125.25,1
Western Australia,WA,Osphranter robustus,Common Wallaroo,Wallaroo,-16.25,128.75,3
Western Australia,WA,Osphranter robustus,Common Wallaroo,Wallaroo,-16.0,128.0,1
Western Australia,WA,Osphranter robustus,Common Wallaroo,Wallaroo,-16.0,128.75,2
Western Australia,WA,Osphranter robustus,Common Wallaroo,Wallaroo,-15.75,124.5,1
Western Australia,WA,Osphranter robustus,Common Wallaroo,Wallaroo,-15.75,128.75,13
Western Australia,WA,Osphranter robustus,Common Wallaroo,Wallaroo,-14.75,125.75,1
Western Australia,WA,Osphranter robustus,Common Wallaroo,Wallaroo,-14.0,127.25,1
Western Australia,WA,Osphranter rufus,Red Kangaroo,Kangaroo,-32.0,127.0,1
Western Australia,WA,Osphranter rufus,Red Kangaroo,Kangaroo,-31.75,127.75,1
Western Australia,WA,Osphranter rufus,Red Kangaroo,Kangaroo,-30.75,121.5,3
Western Australia,WA,Osphranter rufus,Red Kangaroo,Kangaroo,-30.25,125.5,1
Western Australia,WA,Osphranter rufus,Red Kangaroo,Kangaroo,-30.0,116.75,1
Western Australia,WA,Osphranter rufus,Red Kangaroo,Kangaroo,-30.0,117.0,1
Western Australia,WA,Osphranter rufus,Red Kangaroo,Kangaroo,-30.0,117.25,1
Western Australia,WA,Osphranter rufus,Red Kangaroo,Kangaroo,-29.75,117.25,1
Western Australia,WA,Osphranter rufus,Red Kangaroo,Kangaroo,-29.5,117.25,1
Western Australia,WA,Osphranter rufus,Red Kangaroo,Kangaroo,-29.5,117.5,3
Western Australia,WA,Osphranter rufus,Red Kangaroo,Kangaroo,-29.25,117.25,1
Western Australia,WA,Osphranter rufus,Red Kangaroo,Kangaroo,-28.5,116.75,1
Western Australia,WA,Osphranter rufus,Red Kangaroo,Kangaroo,-28.0,116.75,1
Western Australia,WA,Osphranter rufus,Red Kangaroo,Kangaroo,-28.0,117.75,1
Western Australia,WA,Osphranter rufus,Red Kangaroo,Kangaroo,-28.0,124.25,1
Western Australia,WA,Osphranter rufus,Red Kangaroo,Kangaroo,-27.25,118.0,2
Western Australia,WA,Osphranter rufus,Red Kangaroo,Kangaroo,-27.25,118.5,1
Western Australia,WA,Osphranter rufus,Red Kangaroo,Kangaroo,-27.0,116.0,3
Western Australia,WA,Osphranter rufus,Red Kangaroo,Kangaroo,-27.0,117.25,1
Western Australia,WA,Osphranter rufus,Red Kangaroo,Kangaroo,-27.0,120.5,1
Western Australia,WA,Osphranter rufus,Red Kangaroo,Kangaroo,-26.75,114.5,1
Western Australia,WA,Osphranter rufus,Red Kangaroo,Kangaroo,-26.5,114.25,2
Western Australia,WA,Osphranter rufus,Red Kangaroo,Kangaroo,-26.25,118.75,1
Western Australia,WA,Osphranter rufus,Red Kangaroo,Kangaroo,-24.75,120.0,1
Western Australia,WA,Osphranter rufus,Red Kangaroo,Kangaroo,-23.5,114.0,1
Western Australia,WA,Osphranter rufus,Red Kangaroo,Kangaroo,-22.75,116.25,1
Western Australia,WA,Osphranter rufus,Red Kangaroo,Kangaroo,-22.75,118.75,1
Western Australia,WA,Osphranter rufus,Red Kangaroo,Kangaroo,-22.25,118.75,1
Western Australia,WA,Osphranter rufus,Red Kangaroo,Kangaroo,-22.0,114.0,1
Western Australia,WA,Osphranter rufus,Red Kangaroo,Kangaroo,-22.0,120.0,1
Western Australia,WA,Osphranter rufus,Red Kangaroo,Kangaroo,-21.75,114.25,1
Western Australia,WA,Osphranter rufus,Red Kangaroo,Kangaroo,-21.5,116.75,1
Western Australia,WA,Osphranter rufus,Red Kangaroo,Kangaroo,-20.0,120.75,2
